# https://github.com/mikedh/trimesh
v 0.02000000 0.00000000 -0.02790000
v 0.01990369 0.00196034 -0.02790000
v 0.01961571 0.00390181 -0.02790000
v 0.01913881 0.00580569 -0.02790000
v 0.01847759 0.00765367 -0.02790000
v 0.01763843 0.00942793 -0.02790000
v 0.01662939 0.01111140 -0.02790000
v 0.01546021 0.01268787 -0.02790000
v 0.01414214 0.01414214 -0.02790000
v 0.01268787 0.01546021 -0.02790000
v 0.01111140 0.01662939 -0.02790000
v 0.00942793 0.01763843 -0.02790000
v 0.00765367 0.01847759 -0.02790000
v 0.00580569 0.01913881 -0.02790000
v 0.00390181 0.01961571 -0.02790000
v 0.00196034 0.01990369 -0.02790000
v 0.00000000 0.02000000 -0.02790000
v -0.00196034 0.01990369 -0.02790000
v -0.00390181 0.01961571 -0.02790000
v -0.00580569 0.01913881 -0.02790000
v -0.00765367 0.01847759 -0.02790000
v -0.00942793 0.01763843 -0.02790000
v -0.01111140 0.01662939 -0.02790000
v -0.01268787 0.01546021 -0.02790000
v -0.01414214 0.01414214 -0.02790000
v -0.01546021 0.01268787 -0.02790000
v -0.01662939 0.01111140 -0.02790000
v -0.01763843 0.00942793 -0.02790000
v -0.01847759 0.00765367 -0.02790000
v -0.01913881 0.00580569 -0.02790000
v -0.01961571 0.00390181 -0.02790000
v -0.01990369 0.00196034 -0.02790000
v -0.02000000 0.00000000 -0.02790000
v -0.01990369 -0.00196034 -0.02790000
v -0.01961571 -0.00390181 -0.02790000
v -0.01913881 -0.00580569 -0.02790000
v -0.01847759 -0.00765367 -0.02790000
v -0.01763843 -0.00942793 -0.02790000
v -0.01662939 -0.01111140 -0.02790000
v -0.01546021 -0.01268787 -0.02790000
v -0.01414214 -0.01414214 -0.02790000
v -0.01268787 -0.01546021 -0.02790000
v -0.01111140 -0.01662939 -0.02790000
v -0.00942793 -0.01763843 -0.02790000
v -0.00765367 -0.01847759 -0.02790000
v -0.00580569 -0.01913881 -0.02790000
v -0.00390181 -0.01961571 -0.02790000
v -0.00196034 -0.01990369 -0.02790000
v -0.00000000 -0.02000000 -0.02790000
v 0.00196034 -0.01990369 -0.02790000
v 0.00390181 -0.01961571 -0.02790000
v 0.00580569 -0.01913881 -0.02790000
v 0.00765367 -0.01847759 -0.02790000
v 0.00942793 -0.01763843 -0.02790000
v 0.01111140 -0.01662939 -0.02790000
v 0.01268787 -0.01546021 -0.02790000
v 0.01414214 -0.01414214 -0.02790000
v 0.01546021 -0.01268787 -0.02790000
v 0.01662939 -0.01111140 -0.02790000
v 0.01763843 -0.00942793 -0.02790000
v 0.01847759 -0.00765367 -0.02790000
v 0.01913881 -0.00580569 -0.02790000
v 0.01961571 -0.00390181 -0.02790000
v 0.01990369 -0.00196034 -0.02790000
v 0.02000000 -0.00000000 -0.02790000
v 0.02300000 0.00000000 -0.02600000
v 0.02288925 0.00225439 -0.02600000
v 0.02255806 0.00448708 -0.02600000
v 0.02200963 0.00667655 -0.02600000
v 0.02124923 0.00880172 -0.02600000
v 0.02028419 0.01084212 -0.02600000
v 0.01912380 0.01277812 -0.02600000
v 0.01777924 0.01459105 -0.02600000
v 0.01626346 0.01626346 -0.02600000
v 0.01459105 0.01777924 -0.02600000
v 0.01277812 0.01912380 -0.02600000
v 0.01084212 0.02028419 -0.02600000
v 0.00880172 0.02124923 -0.02600000
v 0.00667655 0.02200963 -0.02600000
v 0.00448708 0.02255806 -0.02600000
v 0.00225439 0.02288925 -0.02600000
v 0.00000000 0.02300000 -0.02600000
v -0.00225439 0.02288925 -0.02600000
v -0.00448708 0.02255806 -0.02600000
v -0.00667655 0.02200963 -0.02600000
v -0.00880172 0.02124923 -0.02600000
v -0.01084212 0.02028419 -0.02600000
v -0.01277812 0.01912380 -0.02600000
v -0.01459105 0.01777924 -0.02600000
v -0.01626346 0.01626346 -0.02600000
v -0.01777924 0.01459105 -0.02600000
v -0.01912380 0.01277812 -0.02600000
v -0.02028419 0.01084212 -0.02600000
v -0.02124923 0.00880172 -0.02600000
v -0.02200963 0.00667655 -0.02600000
v -0.02255806 0.00448708 -0.02600000
v -0.02288925 0.00225439 -0.02600000
v -0.02300000 0.00000000 -0.02600000
v -0.02288925 -0.00225439 -0.02600000
v -0.02255806 -0.00448708 -0.02600000
v -0.02200963 -0.00667655 -0.02600000
v -0.02124923 -0.00880172 -0.02600000
v -0.02028419 -0.01084212 -0.02600000
v -0.01912380 -0.01277812 -0.02600000
v -0.01777924 -0.01459105 -0.02600000
v -0.01626346 -0.01626346 -0.02600000
v -0.01459105 -0.01777924 -0.02600000
v -0.01277812 -0.01912380 -0.02600000
v -0.01084212 -0.02028419 -0.02600000
v -0.00880172 -0.02124923 -0.02600000
v -0.00667655 -0.02200963 -0.02600000
v -0.00448708 -0.02255806 -0.02600000
v -0.00225439 -0.02288925 -0.02600000
v -0.00000000 -0.02300000 -0.02600000
v 0.00225439 -0.02288925 -0.02600000
v 0.00448708 -0.02255806 -0.02600000
v 0.00667655 -0.02200963 -0.02600000
v 0.00880172 -0.02124923 -0.02600000
v 0.01084212 -0.02028419 -0.02600000
v 0.01277812 -0.01912380 -0.02600000
v 0.01459105 -0.01777924 -0.02600000
v 0.01626346 -0.01626346 -0.02600000
v 0.01777924 -0.01459105 -0.02600000
v 0.01912380 -0.01277812 -0.02600000
v 0.02028419 -0.01084212 -0.02600000
v 0.02124923 -0.00880172 -0.02600000
v 0.02200963 -0.00667655 -0.02600000
v 0.02255806 -0.00448708 -0.02600000
v 0.02288925 -0.00225439 -0.02600000
v 0.02300000 -0.00000000 -0.02600000
v 0.02500000 0.00000000 0.02300000
v 0.02487962 0.00245043 0.02300000
v 0.02451963 0.00487726 0.02300000
v 0.02392351 0.00725712 0.02300000
v 0.02309699 0.00956709 0.02300000
v 0.02204803 0.01178492 0.02300000
v 0.02078674 0.01388926 0.02300000
v 0.01932526 0.01585983 0.02300000
v 0.01767767 0.01767767 0.02300000
v 0.01585983 0.01932526 0.02300000
v 0.01388926 0.02078674 0.02300000
v 0.01178492 0.02204803 0.02300000
v 0.00956709 0.02309699 0.02300000
v 0.00725712 0.02392351 0.02300000
v 0.00487726 0.02451963 0.02300000
v 0.00245043 0.02487962 0.02300000
v 0.00000000 0.02500000 0.02300000
v -0.00245043 0.02487962 0.02300000
v -0.00487726 0.02451963 0.02300000
v -0.00725712 0.02392351 0.02300000
v -0.00956709 0.02309699 0.02300000
v -0.01178492 0.02204803 0.02300000
v -0.01388926 0.02078674 0.02300000
v -0.01585983 0.01932526 0.02300000
v -0.01767767 0.01767767 0.02300000
v -0.01932526 0.01585983 0.02300000
v -0.02078674 0.01388926 0.02300000
v -0.02204803 0.01178492 0.02300000
v -0.02309699 0.00956709 0.02300000
v -0.02392351 0.00725712 0.02300000
v -0.02451963 0.00487726 0.02300000
v -0.02487962 0.00245043 0.02300000
v -0.02500000 0.00000000 0.02300000
v -0.02487962 -0.00245043 0.02300000
v -0.02451963 -0.00487726 0.02300000
v -0.02392351 -0.00725712 0.02300000
v -0.02309699 -0.00956709 0.02300000
v -0.02204803 -0.01178492 0.02300000
v -0.02078674 -0.01388926 0.02300000
v -0.01932526 -0.01585983 0.02300000
v -0.01767767 -0.01767767 0.02300000
v -0.01585983 -0.01932526 0.02300000
v -0.01388926 -0.02078674 0.02300000
v -0.01178492 -0.02204803 0.02300000
v -0.00956709 -0.02309699 0.02300000
v -0.00725712 -0.02392351 0.02300000
v -0.00487726 -0.02451963 0.02300000
v -0.00245043 -0.02487962 0.02300000
v -0.00000000 -0.02500000 0.02300000
v 0.00245043 -0.02487962 0.02300000
v 0.00487726 -0.02451963 0.02300000
v 0.00725712 -0.02392351 0.02300000
v 0.00956709 -0.02309699 0.02300000
v 0.01178492 -0.02204803 0.02300000
v 0.01388926 -0.02078674 0.02300000
v 0.01585983 -0.01932526 0.02300000
v 0.01767767 -0.01767767 0.02300000
v 0.01932526 -0.01585983 0.02300000
v 0.02078674 -0.01388926 0.02300000
v 0.02204803 -0.01178492 0.02300000
v 0.02309699 -0.00956709 0.02300000
v 0.02392351 -0.00725712 0.02300000
v 0.02451963 -0.00487726 0.02300000
v 0.02487962 -0.00245043 0.02300000
v 0.02500000 -0.00000000 0.02300000
v 0.02450000 0.00000000 0.02790000
v 0.02438203 0.00240142 0.02790000
v 0.02402924 0.00477971 0.02790000
v 0.02344504 0.00711197 0.02790000
v 0.02263505 0.00937574 0.02790000
v 0.02160707 0.01154922 0.02790000
v 0.02037101 0.01361147 0.02790000
v 0.01893876 0.01554264 0.02790000
v 0.01732412 0.01732412 0.02790000
v 0.01554264 0.01893876 0.02790000
v 0.01361147 0.02037101 0.02790000
v 0.01154922 0.02160707 0.02790000
v 0.00937574 0.02263505 0.02790000
v 0.00711197 0.02344504 0.02790000
v 0.00477971 0.02402924 0.02790000
v 0.00240142 0.02438203 0.02790000
v 0.00000000 0.02450000 0.02790000
v -0.00240142 0.02438203 0.02790000
v -0.00477971 0.02402924 0.02790000
v -0.00711197 0.02344504 0.02790000
v -0.00937574 0.02263505 0.02790000
v -0.01154922 0.02160707 0.02790000
v -0.01361147 0.02037101 0.02790000
v -0.01554264 0.01893876 0.02790000
v -0.01732412 0.01732412 0.02790000
v -0.01893876 0.01554264 0.02790000
v -0.02037101 0.01361147 0.02790000
v -0.02160707 0.01154922 0.02790000
v -0.02263505 0.00937574 0.02790000
v -0.02344504 0.00711197 0.02790000
v -0.02402924 0.00477971 0.02790000
v -0.02438203 0.00240142 0.02790000
v -0.02450000 0.00000000 0.02790000
v -0.02438203 -0.00240142 0.02790000
v -0.02402924 -0.00477971 0.02790000
v -0.02344504 -0.00711197 0.02790000
v -0.02263505 -0.00937574 0.02790000
v -0.02160707 -0.01154922 0.02790000
v -0.02037101 -0.01361147 0.02790000
v -0.01893876 -0.01554264 0.02790000
v -0.01732412 -0.01732412 0.02790000
v -0.01554264 -0.01893876 0.02790000
v -0.01361147 -0.02037101 0.02790000
v -0.01154922 -0.02160707 0.02790000
v -0.00937574 -0.02263505 0.02790000
v -0.00711197 -0.02344504 0.02790000
v -0.00477971 -0.02402924 0.02790000
v -0.00240142 -0.02438203 0.02790000
v -0.00000000 -0.02450000 0.02790000
v 0.00240142 -0.02438203 0.02790000
v 0.00477971 -0.02402924 0.02790000
v 0.00711197 -0.02344504 0.02790000
v 0.00937574 -0.02263505 0.02790000
v 0.01154922 -0.02160707 0.02790000
v 0.01361147 -0.02037101 0.02790000
v 0.01554264 -0.01893876 0.02790000
v 0.01732412 -0.01732412 0.02790000
v 0.01893876 -0.01554264 0.02790000
v 0.02037101 -0.01361147 0.02790000
v 0.02160707 -0.01154922 0.02790000
v 0.02263505 -0.00937574 0.02790000
v 0.02344504 -0.00711197 0.02790000
v 0.02402924 -0.00477971 0.02790000
v 0.02438203 -0.00240142 0.02790000
v 0.02450000 -0.00000000 0.02790000
v 0.02150000 0.00000000 0.02790000
v 0.02139647 0.00210737 0.02790000
v 0.02108688 0.00419444 0.02790000
v 0.02057422 0.00624112 0.02790000
v 0.01986341 0.00822769 0.02790000
v 0.01896131 0.01013503 0.02790000
v 0.01787660 0.01194476 0.02790000
v 0.01661972 0.01363946 0.02790000
v 0.01520280 0.01520280 0.02790000
v 0.01363946 0.01661972 0.02790000
v 0.01194476 0.01787660 0.02790000
v 0.01013503 0.01896131 0.02790000
v 0.00822769 0.01986341 0.02790000
v 0.00624112 0.02057422 0.02790000
v 0.00419444 0.02108688 0.02790000
v 0.00210737 0.02139647 0.02790000
v 0.00000000 0.02150000 0.02790000
v -0.00210737 0.02139647 0.02790000
v -0.00419444 0.02108688 0.02790000
v -0.00624112 0.02057422 0.02790000
v -0.00822769 0.01986341 0.02790000
v -0.01013503 0.01896131 0.02790000
v -0.01194476 0.01787660 0.02790000
v -0.01363946 0.01661972 0.02790000
v -0.01520280 0.01520280 0.02790000
v -0.01661972 0.01363946 0.02790000
v -0.01787660 0.01194476 0.02790000
v -0.01896131 0.01013503 0.02790000
v -0.01986341 0.00822769 0.02790000
v -0.02057422 0.00624112 0.02790000
v -0.02108688 0.00419444 0.02790000
v -0.02139647 0.00210737 0.02790000
v -0.02150000 0.00000000 0.02790000
v -0.02139647 -0.00210737 0.02790000
v -0.02108688 -0.00419444 0.02790000
v -0.02057422 -0.00624112 0.02790000
v -0.01986341 -0.00822769 0.02790000
v -0.01896131 -0.01013503 0.02790000
v -0.01787660 -0.01194476 0.02790000
v -0.01661972 -0.01363946 0.02790000
v -0.01520280 -0.01520280 0.02790000
v -0.01363946 -0.01661972 0.02790000
v -0.01194476 -0.01787660 0.02790000
v -0.01013503 -0.01896131 0.02790000
v -0.00822769 -0.01986341 0.02790000
v -0.00624112 -0.02057422 0.02790000
v -0.00419444 -0.02108688 0.02790000
v -0.00210737 -0.02139647 0.02790000
v -0.00000000 -0.02150000 0.02790000
v 0.00210737 -0.02139647 0.02790000
v 0.00419444 -0.02108688 0.02790000
v 0.00624112 -0.02057422 0.02790000
v 0.00822769 -0.01986341 0.02790000
v 0.01013503 -0.01896131 0.02790000
v 0.01194476 -0.01787660 0.02790000
v 0.01363946 -0.01661972 0.02790000
v 0.01520280 -0.01520280 0.02790000
v 0.01661972 -0.01363946 0.02790000
v 0.01787660 -0.01194476 0.02790000
v 0.01896131 -0.01013503 0.02790000
v 0.01986341 -0.00822769 0.02790000
v 0.02057422 -0.00624112 0.02790000
v 0.02108688 -0.00419444 0.02790000
v 0.02139647 -0.00210737 0.02790000
v 0.02150000 -0.00000000 0.02790000
v 0.02100000 0.00000000 0.02300000
v 0.02089888 0.00205836 0.02300000
v 0.02059649 0.00409690 0.02300000
v 0.02009575 0.00609598 0.02300000
v 0.01940147 0.00803635 0.02300000
v 0.01852035 0.00989933 0.02300000
v 0.01746086 0.01166697 0.02300000
v 0.01623322 0.01332226 0.02300000
v 0.01484924 0.01484924 0.02300000
v 0.01332226 0.01623322 0.02300000
v 0.01166697 0.01746086 0.02300000
v 0.00989933 0.01852035 0.02300000
v 0.00803635 0.01940147 0.02300000
v 0.00609598 0.02009575 0.02300000
v 0.00409690 0.02059649 0.02300000
v 0.00205836 0.02089888 0.02300000
v 0.00000000 0.02100000 0.02300000
v -0.00205836 0.02089888 0.02300000
v -0.00409690 0.02059649 0.02300000
v -0.00609598 0.02009575 0.02300000
v -0.00803635 0.01940147 0.02300000
v -0.00989933 0.01852035 0.02300000
v -0.01166697 0.01746086 0.02300000
v -0.01332226 0.01623322 0.02300000
v -0.01484924 0.01484924 0.02300000
v -0.01623322 0.01332226 0.02300000
v -0.01746086 0.01166697 0.02300000
v -0.01852035 0.00989933 0.02300000
v -0.01940147 0.00803635 0.02300000
v -0.02009575 0.00609598 0.02300000
v -0.02059649 0.00409690 0.02300000
v -0.02089888 0.00205836 0.02300000
v -0.02100000 0.00000000 0.02300000
v -0.02089888 -0.00205836 0.02300000
v -0.02059649 -0.00409690 0.02300000
v -0.02009575 -0.00609598 0.02300000
v -0.01940147 -0.00803635 0.02300000
v -0.01852035 -0.00989933 0.02300000
v -0.01746086 -0.01166697 0.02300000
v -0.01623322 -0.01332226 0.02300000
v -0.01484924 -0.01484924 0.02300000
v -0.01332226 -0.01623322 0.02300000
v -0.01166697 -0.01746086 0.02300000
v -0.00989933 -0.01852035 0.02300000
v -0.00803635 -0.01940147 0.02300000
v -0.00609598 -0.02009575 0.02300000
v -0.00409690 -0.02059649 0.02300000
v -0.00205836 -0.02089888 0.02300000
v -0.00000000 -0.02100000 0.02300000
v 0.00205836 -0.02089888 0.02300000
v 0.00409690 -0.02059649 0.02300000
v 0.00609598 -0.02009575 0.02300000
v 0.00803635 -0.01940147 0.02300000
v 0.00989933 -0.01852035 0.02300000
v 0.01166697 -0.01746086 0.02300000
v 0.01332226 -0.01623322 0.02300000
v 0.01484924 -0.01484924 0.02300000
v 0.01623322 -0.01332226 0.02300000
v 0.01746086 -0.01166697 0.02300000
v 0.01852035 -0.00989933 0.02300000
v 0.01940147 -0.00803635 0.02300000
v 0.02009575 -0.00609598 0.02300000
v 0.02059649 -0.00409690 0.02300000
v 0.02089888 -0.00205836 0.02300000
v 0.02100000 -0.00000000 0.02300000
v 0.01850000 0.00000000 -0.02000000
v 0.01841092 0.00181332 -0.02000000
v 0.01814453 0.00360917 -0.02000000
v 0.01770340 0.00537027 -0.02000000
v 0.01709177 0.00707964 -0.02000000
v 0.01631554 0.00872084 -0.02000000
v 0.01538219 0.01027805 -0.02000000
v 0.01430069 0.01173628 -0.02000000
v 0.01308148 0.01308148 -0.02000000
v 0.01173628 0.01430069 -0.02000000
v 0.01027805 0.01538219 -0.02000000
v 0.00872084 0.01631554 -0.02000000
v 0.00707964 0.01709177 -0.02000000
v 0.00537027 0.01770340 -0.02000000
v 0.00360917 0.01814453 -0.02000000
v 0.00181332 0.01841092 -0.02000000
v 0.00000000 0.01850000 -0.02000000
v -0.00181332 0.01841092 -0.02000000
v -0.00360917 0.01814453 -0.02000000
v -0.00537027 0.01770340 -0.02000000
v -0.00707964 0.01709177 -0.02000000
v -0.00872084 0.01631554 -0.02000000
v -0.01027805 0.01538219 -0.02000000
v -0.01173628 0.01430069 -0.02000000
v -0.01308148 0.01308148 -0.02000000
v -0.01430069 0.01173628 -0.02000000
v -0.01538219 0.01027805 -0.02000000
v -0.01631554 0.00872084 -0.02000000
v -0.01709177 0.00707964 -0.02000000
v -0.01770340 0.00537027 -0.02000000
v -0.01814453 0.00360917 -0.02000000
v -0.01841092 0.00181332 -0.02000000
v -0.01850000 0.00000000 -0.02000000
v -0.01841092 -0.00181332 -0.02000000
v -0.01814453 -0.00360917 -0.02000000
v -0.01770340 -0.00537027 -0.02000000
v -0.01709177 -0.00707964 -0.02000000
v -0.01631554 -0.00872084 -0.02000000
v -0.01538219 -0.01027805 -0.02000000
v -0.01430069 -0.01173628 -0.02000000
v -0.01308148 -0.01308148 -0.02000000
v -0.01173628 -0.01430069 -0.02000000
v -0.01027805 -0.01538219 -0.02000000
v -0.00872084 -0.01631554 -0.02000000
v -0.00707964 -0.01709177 -0.02000000
v -0.00537027 -0.01770340 -0.02000000
v -0.00360917 -0.01814453 -0.02000000
v -0.00181332 -0.01841092 -0.02000000
v -0.00000000 -0.01850000 -0.02000000
v 0.00181332 -0.01841092 -0.02000000
v 0.00360917 -0.01814453 -0.02000000
v 0.00537027 -0.01770340 -0.02000000
v 0.00707964 -0.01709177 -0.02000000
v 0.00872084 -0.01631554 -0.02000000
v 0.01027805 -0.01538219 -0.02000000
v 0.01173628 -0.01430069 -0.02000000
v 0.01308148 -0.01308148 -0.02000000
v 0.01430069 -0.01173628 -0.02000000
v 0.01538219 -0.01027805 -0.02000000
v 0.01631554 -0.00872084 -0.02000000
v 0.01709177 -0.00707964 -0.02000000
v 0.01770340 -0.00537027 -0.02000000
v 0.01814453 -0.00360917 -0.02000000
v 0.01841092 -0.00181332 -0.02000000
v 0.01850000 -0.00000000 -0.02000000
v 0.01850000 0.00000000 -0.02100000
v 0.01841092 0.00181332 -0.02100000
v 0.01814453 0.00360917 -0.02100000
v 0.01770340 0.00537027 -0.02100000
v 0.01709177 0.00707964 -0.02100000
v 0.01631554 0.00872084 -0.02100000
v 0.01538219 0.01027805 -0.02100000
v 0.01430069 0.01173628 -0.02100000
v 0.01308148 0.01308148 -0.02100000
v 0.01173628 0.01430069 -0.02100000
v 0.01027805 0.01538219 -0.02100000
v 0.00872084 0.01631554 -0.02100000
v 0.00707964 0.01709177 -0.02100000
v 0.00537027 0.01770340 -0.02100000
v 0.00360917 0.01814453 -0.02100000
v 0.00181332 0.01841092 -0.02100000
v 0.00000000 0.01850000 -0.02100000
v -0.00181332 0.01841092 -0.02100000
v -0.00360917 0.01814453 -0.02100000
v -0.00537027 0.01770340 -0.02100000
v -0.00707964 0.01709177 -0.02100000
v -0.00872084 0.01631554 -0.02100000
v -0.01027805 0.01538219 -0.02100000
v -0.01173628 0.01430069 -0.02100000
v -0.01308148 0.01308148 -0.02100000
v -0.01430069 0.01173628 -0.02100000
v -0.01538219 0.01027805 -0.02100000
v -0.01631554 0.00872084 -0.02100000
v -0.01709177 0.00707964 -0.02100000
v -0.01770340 0.00537027 -0.02100000
v -0.01814453 0.00360917 -0.02100000
v -0.01841092 0.00181332 -0.02100000
v -0.01850000 0.00000000 -0.02100000
v -0.01841092 -0.00181332 -0.02100000
v -0.01814453 -0.00360917 -0.02100000
v -0.01770340 -0.00537027 -0.02100000
v -0.01709177 -0.00707964 -0.02100000
v -0.01631554 -0.00872084 -0.02100000
v -0.01538219 -0.01027805 -0.02100000
v -0.01430069 -0.01173628 -0.02100000
v -0.01308148 -0.01308148 -0.02100000
v -0.01173628 -0.01430069 -0.02100000
v -0.01027805 -0.01538219 -0.02100000
v -0.00872084 -0.01631554 -0.02100000
v -0.00707964 -0.01709177 -0.02100000
v -0.00537027 -0.01770340 -0.02100000
v -0.00360917 -0.01814453 -0.02100000
v -0.00181332 -0.01841092 -0.02100000
v -0.00000000 -0.01850000 -0.02100000
v 0.00181332 -0.01841092 -0.02100000
v 0.00360917 -0.01814453 -0.02100000
v 0.00537027 -0.01770340 -0.02100000
v 0.00707964 -0.01709177 -0.02100000
v 0.00872084 -0.01631554 -0.02100000
v 0.01027805 -0.01538219 -0.02100000
v 0.01173628 -0.01430069 -0.02100000
v 0.01308148 -0.01308148 -0.02100000
v 0.01430069 -0.01173628 -0.02100000
v 0.01538219 -0.01027805 -0.02100000
v 0.01631554 -0.00872084 -0.02100000
v 0.01709177 -0.00707964 -0.02100000
v 0.01770340 -0.00537027 -0.02100000
v 0.01814453 -0.00360917 -0.02100000
v 0.01841092 -0.00181332 -0.02100000
v 0.01850000 -0.00000000 -0.02100000
v 0.01850000 0.00000000 -0.02000000
v 0.01841092 0.00181332 -0.02000000
v 0.01814453 0.00360917 -0.02000000
v 0.01770340 0.00537027 -0.02000000
v 0.01709177 0.00707964 -0.02000000
v 0.01631554 0.00872084 -0.02000000
v 0.01538219 0.01027805 -0.02000000
v 0.01430069 0.01173628 -0.02000000
v 0.01308148 0.01308148 -0.02000000
v 0.01173628 0.01430069 -0.02000000
v 0.01027805 0.01538219 -0.02000000
v 0.00872084 0.01631554 -0.02000000
v 0.00707964 0.01709177 -0.02000000
v 0.00537027 0.01770340 -0.02000000
v 0.00360917 0.01814453 -0.02000000
v 0.00181332 0.01841092 -0.02000000
v 0.00000000 0.01850000 -0.02000000
v -0.00181332 0.01841092 -0.02000000
v -0.00360917 0.01814453 -0.02000000
v -0.00537027 0.01770340 -0.02000000
v -0.00707964 0.01709177 -0.02000000
v -0.00872084 0.01631554 -0.02000000
v -0.01027805 0.01538219 -0.02000000
v -0.01173628 0.01430069 -0.02000000
v -0.01308148 0.01308148 -0.02000000
v -0.01430069 0.01173628 -0.02000000
v -0.01538219 0.01027805 -0.02000000
v -0.01631554 0.00872084 -0.02000000
v -0.01709177 0.00707964 -0.02000000
v -0.01770340 0.00537027 -0.02000000
v -0.01814453 0.00360917 -0.02000000
v -0.01841092 0.00181332 -0.02000000
v -0.01850000 0.00000000 -0.02000000
v -0.01841092 -0.00181332 -0.02000000
v -0.01814453 -0.00360917 -0.02000000
v -0.01770340 -0.00537027 -0.02000000
v -0.01709177 -0.00707964 -0.02000000
v -0.01631554 -0.00872084 -0.02000000
v -0.01538219 -0.01027805 -0.02000000
v -0.01430069 -0.01173628 -0.02000000
v -0.01308148 -0.01308148 -0.02000000
v -0.01173628 -0.01430069 -0.02000000
v -0.01027805 -0.01538219 -0.02000000
v -0.00872084 -0.01631554 -0.02000000
v -0.00707964 -0.01709177 -0.02000000
v -0.00537027 -0.01770340 -0.02000000
v -0.00360917 -0.01814453 -0.02000000
v -0.00181332 -0.01841092 -0.02000000
v -0.00000000 -0.01850000 -0.02000000
v 0.00181332 -0.01841092 -0.02000000
v 0.00360917 -0.01814453 -0.02000000
v 0.00537027 -0.01770340 -0.02000000
v 0.00707964 -0.01709177 -0.02000000
v 0.00872084 -0.01631554 -0.02000000
v 0.01027805 -0.01538219 -0.02000000
v 0.01173628 -0.01430069 -0.02000000
v 0.01308148 -0.01308148 -0.02000000
v 0.01430069 -0.01173628 -0.02000000
v 0.01538219 -0.01027805 -0.02000000
v 0.01631554 -0.00872084 -0.02000000
v 0.01709177 -0.00707964 -0.02000000
v 0.01770340 -0.00537027 -0.02000000
v 0.01814453 -0.00360917 -0.02000000
v 0.01841092 -0.00181332 -0.02000000
v 0.01850000 -0.00000000 -0.02000000
v 0.00000000 0.00000000 -0.02100000
v 0.00000000 0.00000000 -0.02000000
v 0.04600000 0.00000000 0.00000000
v 0.04546410 0.00200000 0.00000000
v 0.04400000 0.00346410 0.00000000
v 0.04200000 0.00400000 0.00000000
v 0.04000000 0.00346410 0.00000000
v 0.03853590 0.00200000 0.00000000
v 0.03800000 0.00000000 0.00000000
v 0.03853590 -0.00200000 0.00000000
v 0.04000000 -0.00346410 0.00000000
v 0.04200000 -0.00400000 0.00000000
v 0.04400000 -0.00346410 0.00000000
v 0.04546410 -0.00200000 0.00000000
v 0.04600000 -0.00000000 0.00000000
v 0.04583745 0.00000000 0.00300210
v 0.04530614 0.00200000 0.00293215
v 0.04385456 0.00346410 0.00274105
v 0.04187167 0.00400000 0.00248000
v 0.03988878 0.00346410 0.00221895
v 0.03843721 0.00200000 0.00202784
v 0.03790589 0.00000000 0.00195789
v 0.03843721 -0.00200000 0.00202784
v 0.03988878 -0.00346410 0.00221895
v 0.04187167 -0.00400000 0.00248000
v 0.04385456 -0.00346410 0.00274105
v 0.04530614 -0.00200000 0.00293215
v 0.04583745 -0.00000000 0.00300210
v 0.04535259 0.00000000 0.00595284
v 0.04483495 0.00200000 0.00581414
v 0.04342074 0.00346410 0.00543520
v 0.04148889 0.00400000 0.00491756
v 0.03955704 0.00346410 0.00439992
v 0.03814282 0.00200000 0.00402099
v 0.03762518 0.00000000 0.00388229
v 0.03814282 -0.00200000 0.00402099
v 0.03955704 -0.00346410 0.00439992
v 0.04148889 -0.00400000 0.00491756
v 0.04342074 -0.00346410 0.00543520
v 0.04483495 -0.00200000 0.00581414
v 0.04535259 -0.00000000 0.00595284
v 0.04455371 0.00000000 0.00880172
v 0.04405861 0.00200000 0.00859664
v 0.04270595 0.00346410 0.00803635
v 0.04085819 0.00400000 0.00727099
v 0.03901043 0.00346410 0.00650562
v 0.03765778 0.00200000 0.00594533
v 0.03716267 0.00000000 0.00574025
v 0.03765778 -0.00200000 0.00594533
v 0.03901043 -0.00346410 0.00650562
v 0.04085819 -0.00400000 0.00727099
v 0.04270595 -0.00346410 0.00803635
v 0.04405861 -0.00200000 0.00859664
v 0.04455371 -0.00000000 0.00880172
v 0.04345448 0.00000000 0.01150000
v 0.04299038 0.00200000 0.01123205
v 0.04172243 0.00346410 0.01050000
v 0.03999038 0.00400000 0.00950000
v 0.03825833 0.00346410 0.00850000
v 0.03699038 0.00200000 0.00776795
v 0.03652628 0.00000000 0.00750000
v 0.03699038 -0.00200000 0.00776795
v 0.03825833 -0.00346410 0.00850000
v 0.03999038 -0.00400000 0.00950000
v 0.04172243 -0.00346410 0.01050000
v 0.04299038 -0.00200000 0.01123205
v 0.04345448 -0.00000000 0.01150000
v 0.04207371 0.00000000 0.01400151
v 0.04164856 0.00200000 0.01367528
v 0.04048701 0.00346410 0.01278399
v 0.03890030 0.00400000 0.01156647
v 0.03731359 0.00346410 0.01034894
v 0.03615204 0.00200000 0.00945766
v 0.03572689 0.00000000 0.00913142
v 0.03615204 -0.00200000 0.00945766
v 0.03731359 -0.00346410 0.01034894
v 0.03890030 -0.00400000 0.01156647
v 0.04048701 -0.00346410 0.01278399
v 0.04164856 -0.00200000 0.01367528
v 0.04207371 -0.00000000 0.01400151
v 0.04043503 0.00000000 0.01626346
v 0.04005609 0.00200000 0.01588452
v 0.03902082 0.00346410 0.01484924
v 0.03760660 0.00400000 0.01343503
v 0.03619239 0.00346410 0.01202082
v 0.03515711 0.00200000 0.01098554
v 0.03477817 0.00000000 0.01060660
v 0.03515711 -0.00200000 0.01098554
v 0.03619239 -0.00346410 0.01202082
v 0.03760660 -0.00400000 0.01343503
v 0.03902082 -0.00346410 0.01484924
v 0.04005609 -0.00200000 0.01588452
v 0.04043503 -0.00000000 0.01626346
v 0.03856647 0.00000000 0.01824713
v 0.03824023 0.00200000 0.01782197
v 0.03734894 0.00346410 0.01666042
v 0.03613142 0.00400000 0.01507371
v 0.03491390 0.00346410 0.01348701
v 0.03402261 0.00200000 0.01232546
v 0.03369638 0.00000000 0.01190030
v 0.03402261 -0.00200000 0.01232546
v 0.03491390 -0.00346410 0.01348701
v 0.03613142 -0.00400000 0.01507371
v 0.03734894 -0.00346410 0.01666042
v 0.03824023 -0.00200000 0.01782197
v 0.03856647 -0.00000000 0.01824713
v 0.03650000 0.00000000 0.01991858
v 0.03623205 0.00200000 0.01945448
v 0.03550000 0.00346410 0.01818653
v 0.03450000 0.00400000 0.01645448
v 0.03350000 0.00346410 0.01472243
v 0.03276795 0.00200000 0.01345448
v 0.03250000 0.00000000 0.01299038
v 0.03276795 -0.00200000 0.01345448
v 0.03350000 -0.00346410 0.01472243
v 0.03450000 -0.00400000 0.01645448
v 0.03550000 -0.00346410 0.01818653
v 0.03623205 -0.00200000 0.01945448
v 0.03650000 -0.00000000 0.01991858
v 0.03427099 0.00000000 0.02124923
v 0.03406591 0.00200000 0.02075412
v 0.03350562 0.00346410 0.01940147
v 0.03274025 0.00400000 0.01755371
v 0.03197488 0.00346410 0.01570595
v 0.03141460 0.00200000 0.01435330
v 0.03120952 0.00000000 0.01385819
v 0.03141460 -0.00200000 0.01435330
v 0.03197488 -0.00346410 0.01570595
v 0.03274025 -0.00400000 0.01755371
v 0.03350562 -0.00346410 0.01940147
v 0.03406591 -0.00200000 0.02075412
v 0.03427099 -0.00000000 0.02124923
v 0.03191756 0.00000000 0.02221629
v 0.03177886 0.00200000 0.02169866
v 0.03139992 0.00346410 0.02028444
v 0.03088229 0.00400000 0.01835259
v 0.03036465 0.00346410 0.01642074
v 0.02998571 0.00200000 0.01500653
v 0.02984701 0.00000000 0.01448889
v 0.02998571 -0.00200000 0.01500653
v 0.03036465 -0.00346410 0.01642074
v 0.03088229 -0.00400000 0.01835259
v 0.03139992 -0.00346410 0.02028444
v 0.03177886 -0.00200000 0.02169866
v 0.03191756 -0.00000000 0.02221629
v 0.02948000 0.00000000 0.02280323
v 0.02941005 0.00200000 0.02227192
v 0.02921895 0.00346410 0.02082034
v 0.02895789 0.00400000 0.01883745
v 0.02869684 0.00346410 0.01685456
v 0.02850574 0.00200000 0.01540299
v 0.02843579 0.00000000 0.01487167
v 0.02850574 -0.00200000 0.01540299
v 0.02869684 -0.00346410 0.01685456
v 0.02895789 -0.00400000 0.01883745
v 0.02921895 -0.00346410 0.02082034
v 0.02941005 -0.00200000 0.02227192
v 0.02948000 -0.00000000 0.02280323
v 0.02700000 0.00000000 0.02300000
v 0.02700000 0.00200000 0.02246410
v 0.02700000 0.00346410 0.02100000
v 0.02700000 0.00400000 0.01900000
v 0.02700000 0.00346410 0.01700000
v 0.02700000 0.00200000 0.01553590
v 0.02700000 0.00000000 0.01500000
v 0.02700000 -0.00200000 0.01553590
v 0.02700000 -0.00346410 0.01700000
v 0.02700000 -0.00400000 0.01900000
v 0.02700000 -0.00346410 0.02100000
v 0.02700000 -0.00200000 0.02246410
v 0.02700000 -0.00000000 0.02300000
v 0.02452000 0.00000000 0.02280323
v 0.02458995 0.00200000 0.02227192
v 0.02478105 0.00346410 0.02082034
v 0.02504211 0.00400000 0.01883745
v 0.02530316 0.00346410 0.01685456
v 0.02549426 0.00200000 0.01540299
v 0.02556421 0.00000000 0.01487167
v 0.02549426 -0.00200000 0.01540299
v 0.02530316 -0.00346410 0.01685456
v 0.02504211 -0.00400000 0.01883745
v 0.02478105 -0.00346410 0.02082034
v 0.02458995 -0.00200000 0.02227192
v 0.02452000 -0.00000000 0.02280323
v 0.02208244 0.00000000 0.02221629
v 0.02222114 0.00200000 0.02169866
v 0.02260008 0.00346410 0.02028444
v 0.02311771 0.00400000 0.01835259
v 0.02363535 0.00346410 0.01642074
v 0.02401429 0.00200000 0.01500653
v 0.02415299 0.00000000 0.01448889
v 0.02401429 -0.00200000 0.01500653
v 0.02363535 -0.00346410 0.01642074
v 0.02311771 -0.00400000 0.01835259
v 0.02260008 -0.00346410 0.02028444
v 0.02222114 -0.00200000 0.02169866
v 0.02208244 -0.00000000 0.02221629
v 0.01972901 0.00000000 0.02124923
v 0.01993409 0.00200000 0.02075412
v 0.02049438 0.00346410 0.01940147
v 0.02125975 0.00400000 0.01755371
v 0.02202512 0.00346410 0.01570595
v 0.02258540 0.00200000 0.01435330
v 0.02279048 0.00000000 0.01385819
v 0.02258540 -0.00200000 0.01435330
v 0.02202512 -0.00346410 0.01570595
v 0.02125975 -0.00400000 0.01755371
v 0.02049438 -0.00346410 0.01940147
v 0.01993409 -0.00200000 0.02075412
v 0.01972901 -0.00000000 0.02124923
v 0.01750000 0.00000000 0.01991858
v 0.01776795 0.00200000 0.01945448
v 0.01850000 0.00346410 0.01818653
v 0.01950000 0.00400000 0.01645448
v 0.02050000 0.00346410 0.01472243
v 0.02123205 0.00200000 0.01345448
v 0.02150000 0.00000000 0.01299038
v 0.02123205 -0.00200000 0.01345448
v 0.02050000 -0.00346410 0.01472243
v 0.01950000 -0.00400000 0.01645448
v 0.01850000 -0.00346410 0.01818653
v 0.01776795 -0.00200000 0.01945448
v 0.01750000 -0.00000000 0.01991858
v 0.01543353 0.00000000 0.01824713
v 0.01575977 0.00200000 0.01782197
v 0.01665106 0.00346410 0.01666042
v 0.01786858 0.00400000 0.01507371
v 0.01908610 0.00346410 0.01348701
v 0.01997739 0.00200000 0.01232546
v 0.02030362 0.00000000 0.01190030
v 0.01997739 -0.00200000 0.01232546
v 0.01908610 -0.00346410 0.01348701
v 0.01786858 -0.00400000 0.01507371
v 0.01665106 -0.00346410 0.01666042
v 0.01575977 -0.00200000 0.01782197
v 0.01543353 -0.00000000 0.01824713
v 0.01356497 0.00000000 0.01626346
v 0.01394391 0.00200000 0.01588452
v 0.01497918 0.00346410 0.01484924
v 0.01639340 0.00400000 0.01343503
v 0.01780761 0.00346410 0.01202082
v 0.01884289 0.00200000 0.01098554
v 0.01922183 0.00000000 0.01060660
v 0.01884289 -0.00200000 0.01098554
v 0.01780761 -0.00346410 0.01202082
v 0.01639340 -0.00400000 0.01343503
v 0.01497918 -0.00346410 0.01484924
v 0.01394391 -0.00200000 0.01588452
v 0.01356497 -0.00000000 0.01626346
v 0.01192629 0.00000000 0.01400151
v 0.01235144 0.00200000 0.01367528
v 0.01351299 0.00346410 0.01278399
v 0.01509970 0.00400000 0.01156647
v 0.01668641 0.00346410 0.01034894
v 0.01784796 0.00200000 0.00945766
v 0.01827311 0.00000000 0.00913142
v 0.01784796 -0.00200000 0.00945766
v 0.01668641 -0.00346410 0.01034894
v 0.01509970 -0.00400000 0.01156647
v 0.01351299 -0.00346410 0.01278399
v 0.01235144 -0.00200000 0.01367528
v 0.01192629 -0.00000000 0.01400151
v 0.01054552 0.00000000 0.01150000
v 0.01100962 0.00200000 0.01123205
v 0.01227757 0.00346410 0.01050000
v 0.01400962 0.00400000 0.00950000
v 0.01574167 0.00346410 0.00850000
v 0.01700962 0.00200000 0.00776795
v 0.01747372 0.00000000 0.00750000
v 0.01700962 -0.00200000 0.00776795
v 0.01574167 -0.00346410 0.00850000
v 0.01400962 -0.00400000 0.00950000
v 0.01227757 -0.00346410 0.01050000
v 0.01100962 -0.00200000 0.01123205
v 0.01054552 -0.00000000 0.01150000
v 0.00944629 0.00000000 0.00880172
v 0.00994139 0.00200000 0.00859664
v 0.01129405 0.00346410 0.00803635
v 0.01314181 0.00400000 0.00727099
v 0.01498957 0.00346410 0.00650562
v 0.01634222 0.00200000 0.00594533
v 0.01683733 0.00000000 0.00574025
v 0.01634222 -0.00200000 0.00594533
v 0.01498957 -0.00346410 0.00650562
v 0.01314181 -0.00400000 0.00727099
v 0.01129405 -0.00346410 0.00803635
v 0.00994139 -0.00200000 0.00859664
v 0.00944629 -0.00000000 0.00880172
v 0.00864741 0.00000000 0.00595284
v 0.00916505 0.00200000 0.00581414
v 0.01057926 0.00346410 0.00543520
v 0.01251111 0.00400000 0.00491756
v 0.01444296 0.00346410 0.00439992
v 0.01585718 0.00200000 0.00402099
v 0.01637482 0.00000000 0.00388229
v 0.01585718 -0.00200000 0.00402099
v 0.01444296 -0.00346410 0.00439992
v 0.01251111 -0.00400000 0.00491756
v 0.01057926 -0.00346410 0.00543520
v 0.00916505 -0.00200000 0.00581414
v 0.00864741 -0.00000000 0.00595284
v 0.00816255 0.00000000 0.00300210
v 0.00869386 0.00200000 0.00293215
v 0.01014544 0.00346410 0.00274105
v 0.01212833 0.00400000 0.00248000
v 0.01411122 0.00346410 0.00221895
v 0.01556279 0.00200000 0.00202784
v 0.01609411 0.00000000 0.00195789
v 0.01556279 -0.00200000 0.00202784
v 0.01411122 -0.00346410 0.00221895
v 0.01212833 -0.00400000 0.00248000
v 0.01014544 -0.00346410 0.00274105
v 0.00869386 -0.00200000 0.00293215
v 0.00816255 -0.00000000 0.00300210
v 0.00800000 0.00000000 0.00000000
v 0.00853590 0.00200000 0.00000000
v 0.01000000 0.00346410 0.00000000
v 0.01200000 0.00400000 0.00000000
v 0.01400000 0.00346410 0.00000000
v 0.01546410 0.00200000 0.00000000
v 0.01600000 0.00000000 0.00000000
v 0.01546410 -0.00200000 0.00000000
v 0.01400000 -0.00346410 0.00000000
v 0.01200000 -0.00400000 0.00000000
v 0.01000000 -0.00346410 0.00000000
v 0.00853590 -0.00200000 0.00000000
v 0.00800000 -0.00000000 0.00000000
v 0.00816255 0.00000000 -0.00300210
v 0.00869386 0.00200000 -0.00293215
v 0.01014544 0.00346410 -0.00274105
v 0.01212833 0.00400000 -0.00248000
v 0.01411122 0.00346410 -0.00221895
v 0.01556279 0.00200000 -0.00202784
v 0.01609411 0.00000000 -0.00195789
v 0.01556279 -0.00200000 -0.00202784
v 0.01411122 -0.00346410 -0.00221895
v 0.01212833 -0.00400000 -0.00248000
v 0.01014544 -0.00346410 -0.00274105
v 0.00869386 -0.00200000 -0.00293215
v 0.00816255 -0.00000000 -0.00300210
v 0.00864741 0.00000000 -0.00595284
v 0.00916505 0.00200000 -0.00581414
v 0.01057926 0.00346410 -0.00543520
v 0.01251111 0.00400000 -0.00491756
v 0.01444296 0.00346410 -0.00439992
v 0.01585718 0.00200000 -0.00402099
v 0.01637482 0.00000000 -0.00388229
v 0.01585718 -0.00200000 -0.00402099
v 0.01444296 -0.00346410 -0.00439992
v 0.01251111 -0.00400000 -0.00491756
v 0.01057926 -0.00346410 -0.00543520
v 0.00916505 -0.00200000 -0.00581414
v 0.00864741 -0.00000000 -0.00595284
v 0.00944629 0.00000000 -0.00880172
v 0.00994139 0.00200000 -0.00859664
v 0.01129405 0.00346410 -0.00803635
v 0.01314181 0.00400000 -0.00727099
v 0.01498957 0.00346410 -0.00650562
v 0.01634222 0.00200000 -0.00594533
v 0.01683733 0.00000000 -0.00574025
v 0.01634222 -0.00200000 -0.00594533
v 0.01498957 -0.00346410 -0.00650562
v 0.01314181 -0.00400000 -0.00727099
v 0.01129405 -0.00346410 -0.00803635
v 0.00994139 -0.00200000 -0.00859664
v 0.00944629 -0.00000000 -0.00880172
v 0.01054552 0.00000000 -0.01150000
v 0.01100962 0.00200000 -0.01123205
v 0.01227757 0.00346410 -0.01050000
v 0.01400962 0.00400000 -0.00950000
v 0.01574167 0.00346410 -0.00850000
v 0.01700962 0.00200000 -0.00776795
v 0.01747372 0.00000000 -0.00750000
v 0.01700962 -0.00200000 -0.00776795
v 0.01574167 -0.00346410 -0.00850000
v 0.01400962 -0.00400000 -0.00950000
v 0.01227757 -0.00346410 -0.01050000
v 0.01100962 -0.00200000 -0.01123205
v 0.01054552 -0.00000000 -0.01150000
v 0.01192629 0.00000000 -0.01400151
v 0.01235144 0.00200000 -0.01367528
v 0.01351299 0.00346410 -0.01278399
v 0.01509970 0.00400000 -0.01156647
v 0.01668641 0.00346410 -0.01034894
v 0.01784796 0.00200000 -0.00945766
v 0.01827311 0.00000000 -0.00913142
v 0.01784796 -0.00200000 -0.00945766
v 0.01668641 -0.00346410 -0.01034894
v 0.01509970 -0.00400000 -0.01156647
v 0.01351299 -0.00346410 -0.01278399
v 0.01235144 -0.00200000 -0.01367528
v 0.01192629 -0.00000000 -0.01400151
v 0.01356497 0.00000000 -0.01626346
v 0.01394391 0.00200000 -0.01588452
v 0.01497918 0.00346410 -0.01484924
v 0.01639340 0.00400000 -0.01343503
v 0.01780761 0.00346410 -0.01202082
v 0.01884289 0.00200000 -0.01098554
v 0.01922183 0.00000000 -0.01060660
v 0.01884289 -0.00200000 -0.01098554
v 0.01780761 -0.00346410 -0.01202082
v 0.01639340 -0.00400000 -0.01343503
v 0.01497918 -0.00346410 -0.01484924
v 0.01394391 -0.00200000 -0.01588452
v 0.01356497 -0.00000000 -0.01626346
v 0.01543353 0.00000000 -0.01824713
v 0.01575977 0.00200000 -0.01782197
v 0.01665106 0.00346410 -0.01666042
v 0.01786858 0.00400000 -0.01507371
v 0.01908610 0.00346410 -0.01348701
v 0.01997739 0.00200000 -0.01232546
v 0.02030362 0.00000000 -0.01190030
v 0.01997739 -0.00200000 -0.01232546
v 0.01908610 -0.00346410 -0.01348701
v 0.01786858 -0.00400000 -0.01507371
v 0.01665106 -0.00346410 -0.01666042
v 0.01575977 -0.00200000 -0.01782197
v 0.01543353 -0.00000000 -0.01824713
v 0.01750000 0.00000000 -0.01991858
v 0.01776795 0.00200000 -0.01945448
v 0.01850000 0.00346410 -0.01818653
v 0.01950000 0.00400000 -0.01645448
v 0.02050000 0.00346410 -0.01472243
v 0.02123205 0.00200000 -0.01345448
v 0.02150000 0.00000000 -0.01299038
v 0.02123205 -0.00200000 -0.01345448
v 0.02050000 -0.00346410 -0.01472243
v 0.01950000 -0.00400000 -0.01645448
v 0.01850000 -0.00346410 -0.01818653
v 0.01776795 -0.00200000 -0.01945448
v 0.01750000 -0.00000000 -0.01991858
v 0.01972901 0.00000000 -0.02124923
v 0.01993409 0.00200000 -0.02075412
v 0.02049438 0.00346410 -0.01940147
v 0.02125975 0.00400000 -0.01755371
v 0.02202512 0.00346410 -0.01570595
v 0.02258540 0.00200000 -0.01435330
v 0.02279048 0.00000000 -0.01385819
v 0.02258540 -0.00200000 -0.01435330
v 0.02202512 -0.00346410 -0.01570595
v 0.02125975 -0.00400000 -0.01755371
v 0.02049438 -0.00346410 -0.01940147
v 0.01993409 -0.00200000 -0.02075412
v 0.01972901 -0.00000000 -0.02124923
v 0.02208244 0.00000000 -0.02221629
v 0.02222114 0.00200000 -0.02169866
v 0.02260008 0.00346410 -0.02028444
v 0.02311771 0.00400000 -0.01835259
v 0.02363535 0.00346410 -0.01642074
v 0.02401429 0.00200000 -0.01500653
v 0.02415299 0.00000000 -0.01448889
v 0.02401429 -0.00200000 -0.01500653
v 0.02363535 -0.00346410 -0.01642074
v 0.02311771 -0.00400000 -0.01835259
v 0.02260008 -0.00346410 -0.02028444
v 0.02222114 -0.00200000 -0.02169866
v 0.02208244 -0.00000000 -0.02221629
v 0.02452000 0.00000000 -0.02280323
v 0.02458995 0.00200000 -0.02227192
v 0.02478105 0.00346410 -0.02082034
v 0.02504211 0.00400000 -0.01883745
v 0.02530316 0.00346410 -0.01685456
v 0.02549426 0.00200000 -0.01540299
v 0.02556421 0.00000000 -0.01487167
v 0.02549426 -0.00200000 -0.01540299
v 0.02530316 -0.00346410 -0.01685456
v 0.02504211 -0.00400000 -0.01883745
v 0.02478105 -0.00346410 -0.02082034
v 0.02458995 -0.00200000 -0.02227192
v 0.02452000 -0.00000000 -0.02280323
v 0.02700000 0.00000000 -0.02300000
v 0.02700000 0.00200000 -0.02246410
v 0.02700000 0.00346410 -0.02100000
v 0.02700000 0.00400000 -0.01900000
v 0.02700000 0.00346410 -0.01700000
v 0.02700000 0.00200000 -0.01553590
v 0.02700000 0.00000000 -0.01500000
v 0.02700000 -0.00200000 -0.01553590
v 0.02700000 -0.00346410 -0.01700000
v 0.02700000 -0.00400000 -0.01900000
v 0.02700000 -0.00346410 -0.02100000
v 0.02700000 -0.00200000 -0.02246410
v 0.02700000 -0.00000000 -0.02300000
v 0.02948000 0.00000000 -0.02280323
v 0.02941005 0.00200000 -0.02227192
v 0.02921895 0.00346410 -0.02082034
v 0.02895789 0.00400000 -0.01883745
v 0.02869684 0.00346410 -0.01685456
v 0.02850574 0.00200000 -0.01540299
v 0.02843579 0.00000000 -0.01487167
v 0.02850574 -0.00200000 -0.01540299
v 0.02869684 -0.00346410 -0.01685456
v 0.02895789 -0.00400000 -0.01883745
v 0.02921895 -0.00346410 -0.02082034
v 0.02941005 -0.00200000 -0.02227192
v 0.02948000 -0.00000000 -0.02280323
v 0.03191756 0.00000000 -0.02221629
v 0.03177886 0.00200000 -0.02169866
v 0.03139992 0.00346410 -0.02028444
v 0.03088229 0.00400000 -0.01835259
v 0.03036465 0.00346410 -0.01642074
v 0.02998571 0.00200000 -0.01500653
v 0.02984701 0.00000000 -0.01448889
v 0.02998571 -0.00200000 -0.01500653
v 0.03036465 -0.00346410 -0.01642074
v 0.03088229 -0.00400000 -0.01835259
v 0.03139992 -0.00346410 -0.02028444
v 0.03177886 -0.00200000 -0.02169866
v 0.03191756 -0.00000000 -0.02221629
v 0.03427099 0.00000000 -0.02124923
v 0.03406591 0.00200000 -0.02075412
v 0.03350562 0.00346410 -0.01940147
v 0.03274025 0.00400000 -0.01755371
v 0.03197488 0.00346410 -0.01570595
v 0.03141460 0.00200000 -0.01435330
v 0.03120952 0.00000000 -0.01385819
v 0.03141460 -0.00200000 -0.01435330
v 0.03197488 -0.00346410 -0.01570595
v 0.03274025 -0.00400000 -0.01755371
v 0.03350562 -0.00346410 -0.01940147
v 0.03406591 -0.00200000 -0.02075412
v 0.03427099 -0.00000000 -0.02124923
v 0.03650000 0.00000000 -0.01991858
v 0.03623205 0.00200000 -0.01945448
v 0.03550000 0.00346410 -0.01818653
v 0.03450000 0.00400000 -0.01645448
v 0.03350000 0.00346410 -0.01472243
v 0.03276795 0.00200000 -0.01345448
v 0.03250000 0.00000000 -0.01299038
v 0.03276795 -0.00200000 -0.01345448
v 0.03350000 -0.00346410 -0.01472243
v 0.03450000 -0.00400000 -0.01645448
v 0.03550000 -0.00346410 -0.01818653
v 0.03623205 -0.00200000 -0.01945448
v 0.03650000 -0.00000000 -0.01991858
v 0.03856647 0.00000000 -0.01824713
v 0.03824023 0.00200000 -0.01782197
v 0.03734894 0.00346410 -0.01666042
v 0.03613142 0.00400000 -0.01507371
v 0.03491390 0.00346410 -0.01348701
v 0.03402261 0.00200000 -0.01232546
v 0.03369638 0.00000000 -0.01190030
v 0.03402261 -0.00200000 -0.01232546
v 0.03491390 -0.00346410 -0.01348701
v 0.03613142 -0.00400000 -0.01507371
v 0.03734894 -0.00346410 -0.01666042
v 0.03824023 -0.00200000 -0.01782197
v 0.03856647 -0.00000000 -0.01824713
v 0.04043503 0.00000000 -0.01626346
v 0.04005609 0.00200000 -0.01588452
v 0.03902082 0.00346410 -0.01484924
v 0.03760660 0.00400000 -0.01343503
v 0.03619239 0.00346410 -0.01202082
v 0.03515711 0.00200000 -0.01098554
v 0.03477817 0.00000000 -0.01060660
v 0.03515711 -0.00200000 -0.01098554
v 0.03619239 -0.00346410 -0.01202082
v 0.03760660 -0.00400000 -0.01343503
v 0.03902082 -0.00346410 -0.01484924
v 0.04005609 -0.00200000 -0.01588452
v 0.04043503 -0.00000000 -0.01626346
v 0.04207371 0.00000000 -0.01400151
v 0.04164856 0.00200000 -0.01367528
v 0.04048701 0.00346410 -0.01278399
v 0.03890030 0.00400000 -0.01156647
v 0.03731359 0.00346410 -0.01034894
v 0.03615204 0.00200000 -0.00945766
v 0.03572689 0.00000000 -0.00913142
v 0.03615204 -0.00200000 -0.00945766
v 0.03731359 -0.00346410 -0.01034894
v 0.03890030 -0.00400000 -0.01156647
v 0.04048701 -0.00346410 -0.01278399
v 0.04164856 -0.00200000 -0.01367528
v 0.04207371 -0.00000000 -0.01400151
v 0.04345448 0.00000000 -0.01150000
v 0.04299038 0.00200000 -0.01123205
v 0.04172243 0.00346410 -0.01050000
v 0.03999038 0.00400000 -0.00950000
v 0.03825833 0.00346410 -0.00850000
v 0.03699038 0.00200000 -0.00776795
v 0.03652628 0.00000000 -0.00750000
v 0.03699038 -0.00200000 -0.00776795
v 0.03825833 -0.00346410 -0.00850000
v 0.03999038 -0.00400000 -0.00950000
v 0.04172243 -0.00346410 -0.01050000
v 0.04299038 -0.00200000 -0.01123205
v 0.04345448 -0.00000000 -0.01150000
v 0.04455371 0.00000000 -0.00880172
v 0.04405861 0.00200000 -0.00859664
v 0.04270595 0.00346410 -0.00803635
v 0.04085819 0.00400000 -0.00727099
v 0.03901043 0.00346410 -0.00650562
v 0.03765778 0.00200000 -0.00594533
v 0.03716267 0.00000000 -0.00574025
v 0.03765778 -0.00200000 -0.00594533
v 0.03901043 -0.00346410 -0.00650562
v 0.04085819 -0.00400000 -0.00727099
v 0.04270595 -0.00346410 -0.00803635
v 0.04405861 -0.00200000 -0.00859664
v 0.04455371 -0.00000000 -0.00880172
v 0.04535259 0.00000000 -0.00595284
v 0.04483495 0.00200000 -0.00581414
v 0.04342074 0.00346410 -0.00543520
v 0.04148889 0.00400000 -0.00491756
v 0.03955704 0.00346410 -0.00439992
v 0.03814282 0.00200000 -0.00402099
v 0.03762518 0.00000000 -0.00388229
v 0.03814282 -0.00200000 -0.00402099
v 0.03955704 -0.00346410 -0.00439992
v 0.04148889 -0.00400000 -0.00491756
v 0.04342074 -0.00346410 -0.00543520
v 0.04483495 -0.00200000 -0.00581414
v 0.04535259 -0.00000000 -0.00595284
v 0.04583745 0.00000000 -0.00300210
v 0.04530614 0.00200000 -0.00293215
v 0.04385456 0.00346410 -0.00274105
v 0.04187167 0.00400000 -0.00248000
v 0.03988878 0.00346410 -0.00221895
v 0.03843721 0.00200000 -0.00202784
v 0.03790589 0.00000000 -0.00195789
v 0.03843721 -0.00200000 -0.00202784
v 0.03988878 -0.00346410 -0.00221895
v 0.04187167 -0.00400000 -0.00248000
v 0.04385456 -0.00346410 -0.00274105
v 0.04530614 -0.00200000 -0.00293215
v 0.04583745 -0.00000000 -0.00300210
v 0.04600000 0.00000000 -0.00000000
v 0.04546410 0.00200000 -0.00000000
v 0.04400000 0.00346410 -0.00000000
v 0.04200000 0.00400000 -0.00000000
v 0.04000000 0.00346410 -0.00000000
v 0.03853590 0.00200000 -0.00000000
v 0.03800000 0.00000000 -0.00000000
v 0.03853590 -0.00200000 -0.00000000
v 0.04000000 -0.00346410 -0.00000000
v 0.04200000 -0.00400000 -0.00000000
v 0.04400000 -0.00346410 -0.00000000
v 0.04546410 -0.00200000 -0.00000000
v 0.04600000 -0.00000000 -0.00000000
vt 0.51250000 0.01500000
vt 0.51406250 0.01500000
vt 0.51562500 0.01500000
vt 0.51718750 0.01500000
vt 0.51875000 0.01500000
vt 0.52031250 0.01500000
vt 0.52187500 0.01500000
vt 0.52343750 0.01500000
vt 0.52500000 0.01500000
vt 0.52656250 0.01500000
vt 0.52812500 0.01500000
vt 0.52968750 0.01500000
vt 0.53125000 0.01500000
vt 0.53281250 0.01500000
vt 0.53437500 0.01500000
vt 0.53593750 0.01500000
vt 0.53750000 0.01500000
vt 0.53906250 0.01500000
vt 0.54062500 0.01500000
vt 0.54218750 0.01500000
vt 0.54375000 0.01500000
vt 0.54531250 0.01500000
vt 0.54687500 0.01500000
vt 0.54843750 0.01500000
vt 0.55000000 0.01500000
vt 0.55156250 0.01500000
vt 0.55312500 0.01500000
vt 0.55468750 0.01500000
vt 0.55625000 0.01500000
vt 0.55781250 0.01500000
vt 0.55937500 0.01500000
vt 0.56093750 0.01500000
vt 0.56250000 0.01500000
vt 0.56406250 0.01500000
vt 0.56562500 0.01500000
vt 0.56718750 0.01500000
vt 0.56875000 0.01500000
vt 0.57031250 0.01500000
vt 0.57187500 0.01500000
vt 0.57343750 0.01500000
vt 0.57500000 0.01500000
vt 0.57656250 0.01500000
vt 0.57812500 0.01500000
vt 0.57968750 0.01500000
vt 0.58125000 0.01500000
vt 0.58281250 0.01500000
vt 0.58437500 0.01500000
vt 0.58593750 0.01500000
vt 0.58750000 0.01500000
vt 0.58906250 0.01500000
vt 0.59062500 0.01500000
vt 0.59218750 0.01500000
vt 0.59375000 0.01500000
vt 0.59531250 0.01500000
vt 0.59687500 0.01500000
vt 0.59843750 0.01500000
vt 0.60000000 0.01500000
vt 0.60156250 0.01500000
vt 0.60312500 0.01500000
vt 0.60468750 0.01500000
vt 0.60625000 0.01500000
vt 0.60781250 0.01500000
vt 0.60937500 0.01500000
vt 0.61093750 0.01500000
vt 0.61250000 0.01500000
vt 0.51250000 0.04500000
vt 0.51406250 0.04500000
vt 0.51562500 0.04500000
vt 0.51718750 0.04500000
vt 0.51875000 0.04500000
vt 0.52031250 0.04500000
vt 0.52187500 0.04500000
vt 0.52343750 0.04500000
vt 0.52500000 0.04500000
vt 0.52656250 0.04500000
vt 0.52812500 0.04500000
vt 0.52968750 0.04500000
vt 0.53125000 0.04500000
vt 0.53281250 0.04500000
vt 0.53437500 0.04500000
vt 0.53593750 0.04500000
vt 0.53750000 0.04500000
vt 0.53906250 0.04500000
vt 0.54062500 0.04500000
vt 0.54218750 0.04500000
vt 0.54375000 0.04500000
vt 0.54531250 0.04500000
vt 0.54687500 0.04500000
vt 0.54843750 0.04500000
vt 0.55000000 0.04500000
vt 0.55156250 0.04500000
vt 0.55312500 0.04500000
vt 0.55468750 0.04500000
vt 0.55625000 0.04500000
vt 0.55781250 0.04500000
vt 0.55937500 0.04500000
vt 0.56093750 0.04500000
vt 0.56250000 0.04500000
vt 0.56406250 0.04500000
vt 0.56562500 0.04500000
vt 0.56718750 0.04500000
vt 0.56875000 0.04500000
vt 0.57031250 0.04500000
vt 0.57187500 0.04500000
vt 0.57343750 0.04500000
vt 0.57500000 0.04500000
vt 0.57656250 0.04500000
vt 0.57812500 0.04500000
vt 0.57968750 0.04500000
vt 0.58125000 0.04500000
vt 0.58281250 0.04500000
vt 0.58437500 0.04500000
vt 0.58593750 0.04500000
vt 0.58750000 0.04500000
vt 0.58906250 0.04500000
vt 0.59062500 0.04500000
vt 0.59218750 0.04500000
vt 0.59375000 0.04500000
vt 0.59531250 0.04500000
vt 0.59687500 0.04500000
vt 0.59843750 0.04500000
vt 0.60000000 0.04500000
vt 0.60156250 0.04500000
vt 0.60312500 0.04500000
vt 0.60468750 0.04500000
vt 0.60625000 0.04500000
vt 0.60781250 0.04500000
vt 0.60937500 0.04500000
vt 0.61093750 0.04500000
vt 0.61250000 0.04500000
vt 0.51250000 0.07500000
vt 0.51406250 0.07500000
vt 0.51562500 0.07500000
vt 0.51718750 0.07500000
vt 0.51875000 0.07500000
vt 0.52031250 0.07500000
vt 0.52187500 0.07500000
vt 0.52343750 0.07500000
vt 0.52500000 0.07500000
vt 0.52656250 0.07500000
vt 0.52812500 0.07500000
vt 0.52968750 0.07500000
vt 0.53125000 0.07500000
vt 0.53281250 0.07500000
vt 0.53437500 0.07500000
vt 0.53593750 0.07500000
vt 0.53750000 0.07500000
vt 0.53906250 0.07500000
vt 0.54062500 0.07500000
vt 0.54218750 0.07500000
vt 0.54375000 0.07500000
vt 0.54531250 0.07500000
vt 0.54687500 0.07500000
vt 0.54843750 0.07500000
vt 0.55000000 0.07500000
vt 0.55156250 0.07500000
vt 0.55312500 0.07500000
vt 0.55468750 0.07500000
vt 0.55625000 0.07500000
vt 0.55781250 0.07500000
vt 0.55937500 0.07500000
vt 0.56093750 0.07500000
vt 0.56250000 0.07500000
vt 0.56406250 0.07500000
vt 0.56562500 0.07500000
vt 0.56718750 0.07500000
vt 0.56875000 0.07500000
vt 0.57031250 0.07500000
vt 0.57187500 0.07500000
vt 0.57343750 0.07500000
vt 0.57500000 0.07500000
vt 0.57656250 0.07500000
vt 0.57812500 0.07500000
vt 0.57968750 0.07500000
vt 0.58125000 0.07500000
vt 0.58281250 0.07500000
vt 0.58437500 0.07500000
vt 0.58593750 0.07500000
vt 0.58750000 0.07500000
vt 0.58906250 0.07500000
vt 0.59062500 0.07500000
vt 0.59218750 0.07500000
vt 0.59375000 0.07500000
vt 0.59531250 0.07500000
vt 0.59687500 0.07500000
vt 0.59843750 0.07500000
vt 0.60000000 0.07500000
vt 0.60156250 0.07500000
vt 0.60312500 0.07500000
vt 0.60468750 0.07500000
vt 0.60625000 0.07500000
vt 0.60781250 0.07500000
vt 0.60937500 0.07500000
vt 0.61093750 0.07500000
vt 0.61250000 0.07500000
vt 0.51250000 0.10500000
vt 0.51406250 0.10500000
vt 0.51562500 0.10500000
vt 0.51718750 0.10500000
vt 0.51875000 0.10500000
vt 0.52031250 0.10500000
vt 0.52187500 0.10500000
vt 0.52343750 0.10500000
vt 0.52500000 0.10500000
vt 0.52656250 0.10500000
vt 0.52812500 0.10500000
vt 0.52968750 0.10500000
vt 0.53125000 0.10500000
vt 0.53281250 0.10500000
vt 0.53437500 0.10500000
vt 0.53593750 0.10500000
vt 0.53750000 0.10500000
vt 0.53906250 0.10500000
vt 0.54062500 0.10500000
vt 0.54218750 0.10500000
vt 0.54375000 0.10500000
vt 0.54531250 0.10500000
vt 0.54687500 0.10500000
vt 0.54843750 0.10500000
vt 0.55000000 0.10500000
vt 0.55156250 0.10500000
vt 0.55312500 0.10500000
vt 0.55468750 0.10500000
vt 0.55625000 0.10500000
vt 0.55781250 0.10500000
vt 0.55937500 0.10500000
vt 0.56093750 0.10500000
vt 0.56250000 0.10500000
vt 0.56406250 0.10500000
vt 0.56562500 0.10500000
vt 0.56718750 0.10500000
vt 0.56875000 0.10500000
vt 0.57031250 0.10500000
vt 0.57187500 0.10500000
vt 0.57343750 0.10500000
vt 0.57500000 0.10500000
vt 0.57656250 0.10500000
vt 0.57812500 0.10500000
vt 0.57968750 0.10500000
vt 0.58125000 0.10500000
vt 0.58281250 0.10500000
vt 0.58437500 0.10500000
vt 0.58593750 0.10500000
vt 0.58750000 0.10500000
vt 0.58906250 0.10500000
vt 0.59062500 0.10500000
vt 0.59218750 0.10500000
vt 0.59375000 0.10500000
vt 0.59531250 0.10500000
vt 0.59687500 0.10500000
vt 0.59843750 0.10500000
vt 0.60000000 0.10500000
vt 0.60156250 0.10500000
vt 0.60312500 0.10500000
vt 0.60468750 0.10500000
vt 0.60625000 0.10500000
vt 0.60781250 0.10500000
vt 0.60937500 0.10500000
vt 0.61093750 0.10500000
vt 0.61250000 0.10500000
vt 0.51250000 0.13500000
vt 0.51406250 0.13500000
vt 0.51562500 0.13500000
vt 0.51718750 0.13500000
vt 0.51875000 0.13500000
vt 0.52031250 0.13500000
vt 0.52187500 0.13500000
vt 0.52343750 0.13500000
vt 0.52500000 0.13500000
vt 0.52656250 0.13500000
vt 0.52812500 0.13500000
vt 0.52968750 0.13500000
vt 0.53125000 0.13500000
vt 0.53281250 0.13500000
vt 0.53437500 0.13500000
vt 0.53593750 0.13500000
vt 0.53750000 0.13500000
vt 0.53906250 0.13500000
vt 0.54062500 0.13500000
vt 0.54218750 0.13500000
vt 0.54375000 0.13500000
vt 0.54531250 0.13500000
vt 0.54687500 0.13500000
vt 0.54843750 0.13500000
vt 0.55000000 0.13500000
vt 0.55156250 0.13500000
vt 0.55312500 0.13500000
vt 0.55468750 0.13500000
vt 0.55625000 0.13500000
vt 0.55781250 0.13500000
vt 0.55937500 0.13500000
vt 0.56093750 0.13500000
vt 0.56250000 0.13500000
vt 0.56406250 0.13500000
vt 0.56562500 0.13500000
vt 0.56718750 0.13500000
vt 0.56875000 0.13500000
vt 0.57031250 0.13500000
vt 0.57187500 0.13500000
vt 0.57343750 0.13500000
vt 0.57500000 0.13500000
vt 0.57656250 0.13500000
vt 0.57812500 0.13500000
vt 0.57968750 0.13500000
vt 0.58125000 0.13500000
vt 0.58281250 0.13500000
vt 0.58437500 0.13500000
vt 0.58593750 0.13500000
vt 0.58750000 0.13500000
vt 0.58906250 0.13500000
vt 0.59062500 0.13500000
vt 0.59218750 0.13500000
vt 0.59375000 0.13500000
vt 0.59531250 0.13500000
vt 0.59687500 0.13500000
vt 0.59843750 0.13500000
vt 0.60000000 0.13500000
vt 0.60156250 0.13500000
vt 0.60312500 0.13500000
vt 0.60468750 0.13500000
vt 0.60625000 0.13500000
vt 0.60781250 0.13500000
vt 0.60937500 0.13500000
vt 0.61093750 0.13500000
vt 0.61250000 0.13500000
vt 0.51250000 0.16500000
vt 0.51406250 0.16500000
vt 0.51562500 0.16500000
vt 0.51718750 0.16500000
vt 0.51875000 0.16500000
vt 0.52031250 0.16500000
vt 0.52187500 0.16500000
vt 0.52343750 0.16500000
vt 0.52500000 0.16500000
vt 0.52656250 0.16500000
vt 0.52812500 0.16500000
vt 0.52968750 0.16500000
vt 0.53125000 0.16500000
vt 0.53281250 0.16500000
vt 0.53437500 0.16500000
vt 0.53593750 0.16500000
vt 0.53750000 0.16500000
vt 0.53906250 0.16500000
vt 0.54062500 0.16500000
vt 0.54218750 0.16500000
vt 0.54375000 0.16500000
vt 0.54531250 0.16500000
vt 0.54687500 0.16500000
vt 0.54843750 0.16500000
vt 0.55000000 0.16500000
vt 0.55156250 0.16500000
vt 0.55312500 0.16500000
vt 0.55468750 0.16500000
vt 0.55625000 0.16500000
vt 0.55781250 0.16500000
vt 0.55937500 0.16500000
vt 0.56093750 0.16500000
vt 0.56250000 0.16500000
vt 0.56406250 0.16500000
vt 0.56562500 0.16500000
vt 0.56718750 0.16500000
vt 0.56875000 0.16500000
vt 0.57031250 0.16500000
vt 0.57187500 0.16500000
vt 0.57343750 0.16500000
vt 0.57500000 0.16500000
vt 0.57656250 0.16500000
vt 0.57812500 0.16500000
vt 0.57968750 0.16500000
vt 0.58125000 0.16500000
vt 0.58281250 0.16500000
vt 0.58437500 0.16500000
vt 0.58593750 0.16500000
vt 0.58750000 0.16500000
vt 0.58906250 0.16500000
vt 0.59062500 0.16500000
vt 0.59218750 0.16500000
vt 0.59375000 0.16500000
vt 0.59531250 0.16500000
vt 0.59687500 0.16500000
vt 0.59843750 0.16500000
vt 0.60000000 0.16500000
vt 0.60156250 0.16500000
vt 0.60312500 0.16500000
vt 0.60468750 0.16500000
vt 0.60625000 0.16500000
vt 0.60781250 0.16500000
vt 0.60937500 0.16500000
vt 0.61093750 0.16500000
vt 0.61250000 0.16500000
vt 0.51250000 0.19500000
vt 0.51406250 0.19500000
vt 0.51562500 0.19500000
vt 0.51718750 0.19500000
vt 0.51875000 0.19500000
vt 0.52031250 0.19500000
vt 0.52187500 0.19500000
vt 0.52343750 0.19500000
vt 0.52500000 0.19500000
vt 0.52656250 0.19500000
vt 0.52812500 0.19500000
vt 0.52968750 0.19500000
vt 0.53125000 0.19500000
vt 0.53281250 0.19500000
vt 0.53437500 0.19500000
vt 0.53593750 0.19500000
vt 0.53750000 0.19500000
vt 0.53906250 0.19500000
vt 0.54062500 0.19500000
vt 0.54218750 0.19500000
vt 0.54375000 0.19500000
vt 0.54531250 0.19500000
vt 0.54687500 0.19500000
vt 0.54843750 0.19500000
vt 0.55000000 0.19500000
vt 0.55156250 0.19500000
vt 0.55312500 0.19500000
vt 0.55468750 0.19500000
vt 0.55625000 0.19500000
vt 0.55781250 0.19500000
vt 0.55937500 0.19500000
vt 0.56093750 0.19500000
vt 0.56250000 0.19500000
vt 0.56406250 0.19500000
vt 0.56562500 0.19500000
vt 0.56718750 0.19500000
vt 0.56875000 0.19500000
vt 0.57031250 0.19500000
vt 0.57187500 0.19500000
vt 0.57343750 0.19500000
vt 0.57500000 0.19500000
vt 0.57656250 0.19500000
vt 0.57812500 0.19500000
vt 0.57968750 0.19500000
vt 0.58125000 0.19500000
vt 0.58281250 0.19500000
vt 0.58437500 0.19500000
vt 0.58593750 0.19500000
vt 0.58750000 0.19500000
vt 0.58906250 0.19500000
vt 0.59062500 0.19500000
vt 0.59218750 0.19500000
vt 0.59375000 0.19500000
vt 0.59531250 0.19500000
vt 0.59687500 0.19500000
vt 0.59843750 0.19500000
vt 0.60000000 0.19500000
vt 0.60156250 0.19500000
vt 0.60312500 0.19500000
vt 0.60468750 0.19500000
vt 0.60625000 0.19500000
vt 0.60781250 0.19500000
vt 0.60937500 0.19500000
vt 0.61093750 0.19500000
vt 0.61250000 0.19500000
vt 0.76250000 0.01500000
vt 0.76406250 0.01500000
vt 0.76562500 0.01500000
vt 0.76718750 0.01500000
vt 0.76875000 0.01500000
vt 0.77031250 0.01500000
vt 0.77187500 0.01500000
vt 0.77343750 0.01500000
vt 0.77500000 0.01500000
vt 0.77656250 0.01500000
vt 0.77812500 0.01500000
vt 0.77968750 0.01500000
vt 0.78125000 0.01500000
vt 0.78281250 0.01500000
vt 0.78437500 0.01500000
vt 0.78593750 0.01500000
vt 0.78750000 0.01500000
vt 0.78906250 0.01500000
vt 0.79062500 0.01500000
vt 0.79218750 0.01500000
vt 0.79375000 0.01500000
vt 0.79531250 0.01500000
vt 0.79687500 0.01500000
vt 0.79843750 0.01500000
vt 0.80000000 0.01500000
vt 0.80156250 0.01500000
vt 0.80312500 0.01500000
vt 0.80468750 0.01500000
vt 0.80625000 0.01500000
vt 0.80781250 0.01500000
vt 0.80937500 0.01500000
vt 0.81093750 0.01500000
vt 0.81250000 0.01500000
vt 0.81406250 0.01500000
vt 0.81562500 0.01500000
vt 0.81718750 0.01500000
vt 0.81875000 0.01500000
vt 0.82031250 0.01500000
vt 0.82187500 0.01500000
vt 0.82343750 0.01500000
vt 0.82500000 0.01500000
vt 0.82656250 0.01500000
vt 0.82812500 0.01500000
vt 0.82968750 0.01500000
vt 0.83125000 0.01500000
vt 0.83281250 0.01500000
vt 0.83437500 0.01500000
vt 0.83593750 0.01500000
vt 0.83750000 0.01500000
vt 0.83906250 0.01500000
vt 0.84062500 0.01500000
vt 0.84218750 0.01500000
vt 0.84375000 0.01500000
vt 0.84531250 0.01500000
vt 0.84687500 0.01500000
vt 0.84843750 0.01500000
vt 0.85000000 0.01500000
vt 0.85156250 0.01500000
vt 0.85312500 0.01500000
vt 0.85468750 0.01500000
vt 0.85625000 0.01500000
vt 0.85781250 0.01500000
vt 0.85937500 0.01500000
vt 0.86093750 0.01500000
vt 0.86250000 0.01500000
vt 0.76250000 0.19500000
vt 0.76406250 0.19500000
vt 0.76562500 0.19500000
vt 0.76718750 0.19500000
vt 0.76875000 0.19500000
vt 0.77031250 0.19500000
vt 0.77187500 0.19500000
vt 0.77343750 0.19500000
vt 0.77500000 0.19500000
vt 0.77656250 0.19500000
vt 0.77812500 0.19500000
vt 0.77968750 0.19500000
vt 0.78125000 0.19500000
vt 0.78281250 0.19500000
vt 0.78437500 0.19500000
vt 0.78593750 0.19500000
vt 0.78750000 0.19500000
vt 0.78906250 0.19500000
vt 0.79062500 0.19500000
vt 0.79218750 0.19500000
vt 0.79375000 0.19500000
vt 0.79531250 0.19500000
vt 0.79687500 0.19500000
vt 0.79843750 0.19500000
vt 0.80000000 0.19500000
vt 0.80156250 0.19500000
vt 0.80312500 0.19500000
vt 0.80468750 0.19500000
vt 0.80625000 0.19500000
vt 0.80781250 0.19500000
vt 0.80937500 0.19500000
vt 0.81093750 0.19500000
vt 0.81250000 0.19500000
vt 0.81406250 0.19500000
vt 0.81562500 0.19500000
vt 0.81718750 0.19500000
vt 0.81875000 0.19500000
vt 0.82031250 0.19500000
vt 0.82187500 0.19500000
vt 0.82343750 0.19500000
vt 0.82500000 0.19500000
vt 0.82656250 0.19500000
vt 0.82812500 0.19500000
vt 0.82968750 0.19500000
vt 0.83125000 0.19500000
vt 0.83281250 0.19500000
vt 0.83437500 0.19500000
vt 0.83593750 0.19500000
vt 0.83750000 0.19500000
vt 0.83906250 0.19500000
vt 0.84062500 0.19500000
vt 0.84218750 0.19500000
vt 0.84375000 0.19500000
vt 0.84531250 0.19500000
vt 0.84687500 0.19500000
vt 0.84843750 0.19500000
vt 0.85000000 0.19500000
vt 0.85156250 0.19500000
vt 0.85312500 0.19500000
vt 0.85468750 0.19500000
vt 0.85625000 0.19500000
vt 0.85781250 0.19500000
vt 0.85937500 0.19500000
vt 0.86093750 0.19500000
vt 0.86250000 0.19500000
vt 0.81250000 0.10000000
vt 0.81250000 0.10000000
vt 0.56250000 0.10000000
vt 0.56250000 0.10000000
vt 0.56250000 0.10000000
vt 0.56250000 0.10000000
vt 0.56250000 0.10000000
vt 0.56250000 0.10000000
vt 0.56250000 0.10000000
vt 0.56250000 0.10000000
vt 0.56250000 0.10000000
vt 0.56250000 0.10000000
vt 0.56250000 0.10000000
vt 0.56250000 0.10000000
vt 0.56250000 0.10000000
vt 0.56250000 0.10000000
vt 0.56250000 0.10000000
vt 0.56250000 0.10000000
vt 0.56250000 0.10000000
vt 0.56250000 0.10000000
vt 0.56250000 0.10000000
vt 0.56250000 0.10000000
vt 0.56250000 0.10000000
vt 0.56250000 0.10000000
vt 0.56250000 0.10000000
vt 0.56250000 0.10000000
vt 0.56250000 0.10000000
vt 0.56250000 0.10000000
vt 0.56250000 0.10000000
vt 0.56250000 0.10000000
vt 0.56250000 0.10000000
vt 0.56250000 0.10000000
vt 0.56250000 0.10000000
vt 0.56250000 0.10000000
vt 0.56250000 0.10000000
vt 0.56250000 0.10000000
vt 0.56250000 0.10000000
vt 0.56250000 0.10000000
vt 0.56250000 0.10000000
vt 0.56250000 0.10000000
vt 0.56250000 0.10000000
vt 0.56250000 0.10000000
vt 0.56250000 0.10000000
vt 0.56250000 0.10000000
vt 0.56250000 0.10000000
vt 0.56250000 0.10000000
vt 0.56250000 0.10000000
vt 0.56250000 0.10000000
vt 0.56250000 0.10000000
vt 0.56250000 0.10000000
vt 0.56250000 0.10000000
vt 0.56250000 0.10000000
vt 0.56250000 0.10000000
vt 0.56250000 0.10000000
vt 0.56250000 0.10000000
vt 0.56250000 0.10000000
vt 0.56250000 0.10000000
vt 0.56250000 0.10000000
vt 0.56250000 0.10000000
vt 0.56250000 0.10000000
vt 0.56250000 0.10000000
vt 0.56250000 0.10000000
vt 0.56250000 0.10000000
vt 0.56250000 0.10000000
vt 0.56250000 0.10000000
vt 0.56250000 0.10000000
vt 0.56250000 0.10000000
vt 0.56250000 0.10000000
vt 0.56250000 0.10000000
vt 0.56250000 0.10000000
vt 0.56250000 0.10000000
vt 0.56250000 0.10000000
vt 0.56250000 0.10000000
vt 0.56250000 0.10000000
vt 0.56250000 0.10000000
vt 0.56250000 0.10000000
vt 0.56250000 0.10000000
vt 0.56250000 0.10000000
vt 0.56250000 0.10000000
vt 0.56250000 0.10000000
vt 0.56250000 0.10000000
vt 0.56250000 0.10000000
vt 0.56250000 0.10000000
vt 0.56250000 0.10000000
vt 0.56250000 0.10000000
vt 0.56250000 0.10000000
vt 0.56250000 0.10000000
vt 0.56250000 0.10000000
vt 0.56250000 0.10000000
vt 0.56250000 0.10000000
vt 0.56250000 0.10000000
vt 0.56250000 0.10000000
vt 0.56250000 0.10000000
vt 0.56250000 0.10000000
vt 0.56250000 0.10000000
vt 0.56250000 0.10000000
vt 0.56250000 0.10000000
vt 0.56250000 0.10000000
vt 0.56250000 0.10000000
vt 0.56250000 0.10000000
vt 0.56250000 0.10000000
vt 0.56250000 0.10000000
vt 0.56250000 0.10000000
vt 0.56250000 0.10000000
vt 0.56250000 0.10000000
vt 0.56250000 0.10000000
vt 0.56250000 0.10000000
vt 0.56250000 0.10000000
vt 0.56250000 0.10000000
vt 0.56250000 0.10000000
vt 0.56250000 0.10000000
vt 0.56250000 0.10000000
vt 0.56250000 0.10000000
vt 0.56250000 0.10000000
vt 0.56250000 0.10000000
vt 0.56250000 0.10000000
vt 0.56250000 0.10000000
vt 0.56250000 0.10000000
vt 0.56250000 0.10000000
vt 0.56250000 0.10000000
vt 0.56250000 0.10000000
vt 0.56250000 0.10000000
vt 0.56250000 0.10000000
vt 0.56250000 0.10000000
vt 0.56250000 0.10000000
vt 0.56250000 0.10000000
vt 0.56250000 0.10000000
vt 0.56250000 0.10000000
vt 0.56250000 0.10000000
vt 0.56250000 0.10000000
vt 0.56250000 0.10000000
vt 0.56250000 0.10000000
vt 0.56250000 0.10000000
vt 0.56250000 0.10000000
vt 0.56250000 0.10000000
vt 0.56250000 0.10000000
vt 0.56250000 0.10000000
vt 0.56250000 0.10000000
vt 0.56250000 0.10000000
vt 0.56250000 0.10000000
vt 0.56250000 0.10000000
vt 0.56250000 0.10000000
vt 0.56250000 0.10000000
vt 0.56250000 0.10000000
vt 0.56250000 0.10000000
vt 0.56250000 0.10000000
vt 0.56250000 0.10000000
vt 0.56250000 0.10000000
vt 0.56250000 0.10000000
vt 0.56250000 0.10000000
vt 0.56250000 0.10000000
vt 0.56250000 0.10000000
vt 0.56250000 0.10000000
vt 0.56250000 0.10000000
vt 0.56250000 0.10000000
vt 0.56250000 0.10000000
vt 0.56250000 0.10000000
vt 0.56250000 0.10000000
vt 0.56250000 0.10000000
vt 0.56250000 0.10000000
vt 0.56250000 0.10000000
vt 0.56250000 0.10000000
vt 0.56250000 0.10000000
vt 0.56250000 0.10000000
vt 0.56250000 0.10000000
vt 0.56250000 0.10000000
vt 0.56250000 0.10000000
vt 0.56250000 0.10000000
vt 0.56250000 0.10000000
vt 0.56250000 0.10000000
vt 0.56250000 0.10000000
vt 0.56250000 0.10000000
vt 0.56250000 0.10000000
vt 0.56250000 0.10000000
vt 0.56250000 0.10000000
vt 0.56250000 0.10000000
vt 0.56250000 0.10000000
vt 0.56250000 0.10000000
vt 0.56250000 0.10000000
vt 0.56250000 0.10000000
vt 0.56250000 0.10000000
vt 0.56250000 0.10000000
vt 0.56250000 0.10000000
vt 0.56250000 0.10000000
vt 0.56250000 0.10000000
vt 0.56250000 0.10000000
vt 0.56250000 0.10000000
vt 0.56250000 0.10000000
vt 0.56250000 0.10000000
vt 0.56250000 0.10000000
vt 0.56250000 0.10000000
vt 0.56250000 0.10000000
vt 0.56250000 0.10000000
vt 0.56250000 0.10000000
vt 0.56250000 0.10000000
vt 0.56250000 0.10000000
vt 0.56250000 0.10000000
vt 0.56250000 0.10000000
vt 0.56250000 0.10000000
vt 0.56250000 0.10000000
vt 0.56250000 0.10000000
vt 0.56250000 0.10000000
vt 0.56250000 0.10000000
vt 0.56250000 0.10000000
vt 0.56250000 0.10000000
vt 0.56250000 0.10000000
vt 0.56250000 0.10000000
vt 0.56250000 0.10000000
vt 0.56250000 0.10000000
vt 0.56250000 0.10000000
vt 0.56250000 0.10000000
vt 0.56250000 0.10000000
vt 0.56250000 0.10000000
vt 0.56250000 0.10000000
vt 0.56250000 0.10000000
vt 0.56250000 0.10000000
vt 0.56250000 0.10000000
vt 0.56250000 0.10000000
vt 0.56250000 0.10000000
vt 0.56250000 0.10000000
vt 0.56250000 0.10000000
vt 0.56250000 0.10000000
vt 0.56250000 0.10000000
vt 0.56250000 0.10000000
vt 0.56250000 0.10000000
vt 0.56250000 0.10000000
vt 0.56250000 0.10000000
vt 0.56250000 0.10000000
vt 0.56250000 0.10000000
vt 0.56250000 0.10000000
vt 0.56250000 0.10000000
vt 0.56250000 0.10000000
vt 0.56250000 0.10000000
vt 0.56250000 0.10000000
vt 0.56250000 0.10000000
vt 0.56250000 0.10000000
vt 0.56250000 0.10000000
vt 0.56250000 0.10000000
vt 0.56250000 0.10000000
vt 0.56250000 0.10000000
vt 0.56250000 0.10000000
vt 0.56250000 0.10000000
vt 0.56250000 0.10000000
vt 0.56250000 0.10000000
vt 0.56250000 0.10000000
vt 0.56250000 0.10000000
vt 0.56250000 0.10000000
vt 0.56250000 0.10000000
vt 0.56250000 0.10000000
vt 0.56250000 0.10000000
vt 0.56250000 0.10000000
vt 0.56250000 0.10000000
vt 0.56250000 0.10000000
vt 0.56250000 0.10000000
vt 0.56250000 0.10000000
vt 0.56250000 0.10000000
vt 0.56250000 0.10000000
vt 0.56250000 0.10000000
vt 0.56250000 0.10000000
vt 0.56250000 0.10000000
vt 0.56250000 0.10000000
vt 0.56250000 0.10000000
vt 0.56250000 0.10000000
vt 0.56250000 0.10000000
vt 0.56250000 0.10000000
vt 0.56250000 0.10000000
vt 0.56250000 0.10000000
vt 0.56250000 0.10000000
vt 0.56250000 0.10000000
vt 0.56250000 0.10000000
vt 0.56250000 0.10000000
vt 0.56250000 0.10000000
vt 0.56250000 0.10000000
vt 0.56250000 0.10000000
vt 0.56250000 0.10000000
vt 0.56250000 0.10000000
vt 0.56250000 0.10000000
vt 0.56250000 0.10000000
vt 0.56250000 0.10000000
vt 0.56250000 0.10000000
vt 0.56250000 0.10000000
vt 0.56250000 0.10000000
vt 0.56250000 0.10000000
vt 0.56250000 0.10000000
vt 0.56250000 0.10000000
vt 0.56250000 0.10000000
vt 0.56250000 0.10000000
vt 0.56250000 0.10000000
vt 0.56250000 0.10000000
vt 0.56250000 0.10000000
vt 0.56250000 0.10000000
vt 0.56250000 0.10000000
vt 0.56250000 0.10000000
vt 0.56250000 0.10000000
vt 0.56250000 0.10000000
vt 0.56250000 0.10000000
vt 0.56250000 0.10000000
vt 0.56250000 0.10000000
vt 0.56250000 0.10000000
vt 0.56250000 0.10000000
vt 0.56250000 0.10000000
vt 0.56250000 0.10000000
vt 0.56250000 0.10000000
vt 0.56250000 0.10000000
vt 0.56250000 0.10000000
vt 0.56250000 0.10000000
vt 0.56250000 0.10000000
vt 0.56250000 0.10000000
vt 0.56250000 0.10000000
vt 0.56250000 0.10000000
vt 0.56250000 0.10000000
vt 0.56250000 0.10000000
vt 0.56250000 0.10000000
vt 0.56250000 0.10000000
vt 0.56250000 0.10000000
vt 0.56250000 0.10000000
vt 0.56250000 0.10000000
vt 0.56250000 0.10000000
vt 0.56250000 0.10000000
vt 0.56250000 0.10000000
vt 0.56250000 0.10000000
vt 0.56250000 0.10000000
vt 0.56250000 0.10000000
vt 0.56250000 0.10000000
vt 0.56250000 0.10000000
vt 0.56250000 0.10000000
vt 0.56250000 0.10000000
vt 0.56250000 0.10000000
vt 0.56250000 0.10000000
vt 0.56250000 0.10000000
vt 0.56250000 0.10000000
vt 0.56250000 0.10000000
vt 0.56250000 0.10000000
vt 0.56250000 0.10000000
vt 0.56250000 0.10000000
vt 0.56250000 0.10000000
vt 0.56250000 0.10000000
vt 0.56250000 0.10000000
vt 0.56250000 0.10000000
vt 0.56250000 0.10000000
vt 0.56250000 0.10000000
vt 0.56250000 0.10000000
vt 0.56250000 0.10000000
vt 0.56250000 0.10000000
vt 0.56250000 0.10000000
vt 0.56250000 0.10000000
vt 0.56250000 0.10000000
vt 0.56250000 0.10000000
vt 0.56250000 0.10000000
vt 0.56250000 0.10000000
vt 0.56250000 0.10000000
vt 0.56250000 0.10000000
vt 0.56250000 0.10000000
vt 0.56250000 0.10000000
vt 0.56250000 0.10000000
vt 0.56250000 0.10000000
vt 0.56250000 0.10000000
vt 0.56250000 0.10000000
vt 0.56250000 0.10000000
vt 0.56250000 0.10000000
vt 0.56250000 0.10000000
vt 0.56250000 0.10000000
vt 0.56250000 0.10000000
vt 0.56250000 0.10000000
vt 0.56250000 0.10000000
vt 0.56250000 0.10000000
vt 0.56250000 0.10000000
vt 0.56250000 0.10000000
vt 0.56250000 0.10000000
vt 0.56250000 0.10000000
vt 0.56250000 0.10000000
vt 0.56250000 0.10000000
vt 0.56250000 0.10000000
vt 0.56250000 0.10000000
vt 0.56250000 0.10000000
vt 0.56250000 0.10000000
vt 0.56250000 0.10000000
vt 0.56250000 0.10000000
vt 0.56250000 0.10000000
vt 0.56250000 0.10000000
vt 0.56250000 0.10000000
vt 0.56250000 0.10000000
vt 0.56250000 0.10000000
vt 0.56250000 0.10000000
vt 0.56250000 0.10000000
vt 0.56250000 0.10000000
vt 0.56250000 0.10000000
vt 0.56250000 0.10000000
vt 0.56250000 0.10000000
vt 0.56250000 0.10000000
vt 0.56250000 0.10000000
vt 0.56250000 0.10000000
vt 0.56250000 0.10000000
vt 0.56250000 0.10000000
vt 0.56250000 0.10000000
vt 0.56250000 0.10000000
vt 0.56250000 0.10000000
vt 0.56250000 0.10000000
vt 0.56250000 0.10000000
vt 0.56250000 0.10000000
vt 0.56250000 0.10000000
vt 0.56250000 0.10000000
vt 0.56250000 0.10000000
vt 0.56250000 0.10000000
vt 0.56250000 0.10000000
vt 0.56250000 0.10000000
vt 0.56250000 0.10000000
vt 0.56250000 0.10000000
vt 0.56250000 0.10000000
vt 0.56250000 0.10000000
vt 0.56250000 0.10000000
vt 0.56250000 0.10000000
vt 0.56250000 0.10000000
vt 0.56250000 0.10000000
vt 0.56250000 0.10000000
vt 0.56250000 0.10000000
vt 0.56250000 0.10000000
vt 0.56250000 0.10000000
vt 0.56250000 0.10000000
vt 0.56250000 0.10000000
vt 0.56250000 0.10000000
vt 0.56250000 0.10000000
vt 0.56250000 0.10000000
vt 0.56250000 0.10000000
vt 0.56250000 0.10000000
vt 0.56250000 0.10000000
vt 0.56250000 0.10000000
vt 0.56250000 0.10000000
vt 0.56250000 0.10000000
vt 0.56250000 0.10000000
vt 0.56250000 0.10000000
vt 0.56250000 0.10000000
vt 0.56250000 0.10000000
vt 0.56250000 0.10000000
vt 0.56250000 0.10000000
vt 0.56250000 0.10000000
vt 0.56250000 0.10000000
vt 0.56250000 0.10000000
vt 0.56250000 0.10000000
vt 0.56250000 0.10000000
vt 0.56250000 0.10000000
vt 0.56250000 0.10000000
vt 0.56250000 0.10000000
vt 0.56250000 0.10000000
vt 0.56250000 0.10000000
vt 0.56250000 0.10000000
vt 0.56250000 0.10000000
vt 0.56250000 0.10000000
vt 0.56250000 0.10000000
vt 0.56250000 0.10000000
vt 0.56250000 0.10000000
vt 0.56250000 0.10000000
vt 0.56250000 0.10000000
vt 0.56250000 0.10000000
vt 0.56250000 0.10000000
vt 0.56250000 0.10000000
vt 0.56250000 0.10000000
vt 0.56250000 0.10000000
vt 0.56250000 0.10000000
vt 0.56250000 0.10000000
vt 0.56250000 0.10000000
vt 0.56250000 0.10000000
vt 0.56250000 0.10000000
vt 0.56250000 0.10000000
vt 0.56250000 0.10000000
vt 0.56250000 0.10000000
vt 0.56250000 0.10000000
vt 0.56250000 0.10000000
vt 0.56250000 0.10000000
vt 0.56250000 0.10000000
vt 0.56250000 0.10000000
vt 0.56250000 0.10000000
vt 0.56250000 0.10000000
vt 0.56250000 0.10000000
vt 0.56250000 0.10000000
vt 0.56250000 0.10000000
vt 0.56250000 0.10000000
vt 0.56250000 0.10000000
vt 0.56250000 0.10000000
vt 0.56250000 0.10000000
vt 0.56250000 0.10000000
vt 0.56250000 0.10000000
vt 0.56250000 0.10000000
vt 0.56250000 0.10000000
vt 0.56250000 0.10000000
vt 0.56250000 0.10000000
vt 0.56250000 0.10000000
vt 0.56250000 0.10000000
vt 0.56250000 0.10000000
vt 0.56250000 0.10000000
vt 0.56250000 0.10000000
vt 0.56250000 0.10000000
vt 0.56250000 0.10000000
vt 0.56250000 0.10000000
vt 0.56250000 0.10000000
vt 0.56250000 0.10000000
vt 0.56250000 0.10000000
vt 0.56250000 0.10000000
vt 0.56250000 0.10000000
vt 0.56250000 0.10000000
vt 0.56250000 0.10000000
vt 0.56250000 0.10000000
vt 0.56250000 0.10000000
vt 0.56250000 0.10000000
vt 0.56250000 0.10000000
vt 0.56250000 0.10000000
vt 0.56250000 0.10000000
vt 0.56250000 0.10000000
vt 0.56250000 0.10000000
vt 0.56250000 0.10000000
vt 0.56250000 0.10000000
vt 0.56250000 0.10000000
vt 0.56250000 0.10000000
vt 0.56250000 0.10000000
vt 0.56250000 0.10000000
vt 0.56250000 0.10000000
vt 0.56250000 0.10000000
vt 0.56250000 0.10000000
vt 0.56250000 0.10000000
vt 0.56250000 0.10000000
vt 0.56250000 0.10000000
vt 0.56250000 0.10000000
vt 0.56250000 0.10000000
vt 0.56250000 0.10000000
vt 0.56250000 0.10000000
vt 0.56250000 0.10000000
vt 0.56250000 0.10000000
vt 0.56250000 0.10000000
vt 0.56250000 0.10000000
vt 0.56250000 0.10000000
vt 0.56250000 0.10000000
vt 0.56250000 0.10000000
vt 0.56250000 0.10000000
vt 0.56250000 0.10000000
vt 0.56250000 0.10000000
vt 0.56250000 0.10000000
vt 0.56250000 0.10000000
vt 0.56250000 0.10000000
vt 0.56250000 0.10000000
vt 0.56250000 0.10000000
vt 0.56250000 0.10000000
vt 0.56250000 0.10000000
vt 0.56250000 0.10000000
vt 0.56250000 0.10000000
vt 0.56250000 0.10000000
vt 0.56250000 0.10000000
vt 0.56250000 0.10000000
vt 0.56250000 0.10000000
vt 0.56250000 0.10000000
vt 0.56250000 0.10000000
vt 0.56250000 0.10000000
vt 0.56250000 0.10000000
vt 0.56250000 0.10000000
vt 0.56250000 0.10000000
vt 0.56250000 0.10000000
vt 0.56250000 0.10000000
vt 0.56250000 0.10000000
vt 0.56250000 0.10000000
vt 0.56250000 0.10000000
vt 0.56250000 0.10000000
vt 0.56250000 0.10000000
vt 0.56250000 0.10000000
vt 0.56250000 0.10000000
vt 0.56250000 0.10000000
vt 0.56250000 0.10000000
vt 0.56250000 0.10000000
vt 0.56250000 0.10000000
vt 0.56250000 0.10000000
vt 0.56250000 0.10000000
vt 0.56250000 0.10000000
vt 0.56250000 0.10000000
vt 0.56250000 0.10000000
vt 0.56250000 0.10000000
vt 0.56250000 0.10000000
vt 0.56250000 0.10000000
vt 0.56250000 0.10000000
vt 0.56250000 0.10000000
vt 0.56250000 0.10000000
vt 0.56250000 0.10000000
vt 0.56250000 0.10000000
vt 0.56250000 0.10000000
vt 0.56250000 0.10000000
vt 0.56250000 0.10000000
vt 0.56250000 0.10000000
vt 0.56250000 0.10000000
vt 0.56250000 0.10000000
vt 0.56250000 0.10000000
vt 0.56250000 0.10000000
vt 0.56250000 0.10000000
vt 0.56250000 0.10000000
vt 0.56250000 0.10000000
vt 0.56250000 0.10000000
vt 0.56250000 0.10000000
vt 0.56250000 0.10000000
vt 0.56250000 0.10000000
vt 0.56250000 0.10000000
vt 0.56250000 0.10000000
vt 0.56250000 0.10000000
vt 0.56250000 0.10000000
vt 0.56250000 0.10000000
vt 0.56250000 0.10000000
vt 0.56250000 0.10000000
vt 0.56250000 0.10000000
vt 0.56250000 0.10000000
vt 0.56250000 0.10000000
vt 0.56250000 0.10000000
vt 0.56250000 0.10000000
vt 0.56250000 0.10000000
vt 0.56250000 0.10000000
vt 0.56250000 0.10000000
vt 0.56250000 0.10000000
vt 0.56250000 0.10000000
vt 0.56250000 0.10000000
vt 0.56250000 0.10000000
vt 0.56250000 0.10000000
vt 0.56250000 0.10000000
vt 0.56250000 0.10000000
vt 0.56250000 0.10000000
vt 0.56250000 0.10000000
vt 0.56250000 0.10000000
vt 0.56250000 0.10000000
vt 0.56250000 0.10000000
vt 0.56250000 0.10000000
vt 0.56250000 0.10000000
vt 0.56250000 0.10000000
vt 0.56250000 0.10000000
vt 0.56250000 0.10000000
vt 0.56250000 0.10000000
vt 0.56250000 0.10000000
vt 0.56250000 0.10000000
vt 0.56250000 0.10000000
vt 0.56250000 0.10000000
vt 0.56250000 0.10000000
vt 0.56250000 0.10000000
vt 0.56250000 0.10000000
vt 0.56250000 0.10000000
vt 0.56250000 0.10000000
vt 0.56250000 0.10000000
vt 0.56250000 0.10000000
f 1/1 2/2 67/67
f 1/1 67/67 66/66
f 2/2 3/3 68/68
f 2/2 68/68 67/67
f 3/3 4/4 69/69
f 3/3 69/69 68/68
f 4/4 5/5 70/70
f 4/4 70/70 69/69
f 5/5 6/6 71/71
f 5/5 71/71 70/70
f 6/6 7/7 72/72
f 6/6 72/72 71/71
f 7/7 8/8 73/73
f 7/7 73/73 72/72
f 8/8 9/9 74/74
f 8/8 74/74 73/73
f 9/9 10/10 75/75
f 9/9 75/75 74/74
f 10/10 11/11 76/76
f 10/10 76/76 75/75
f 11/11 12/12 77/77
f 11/11 77/77 76/76
f 12/12 13/13 78/78
f 12/12 78/78 77/77
f 13/13 14/14 79/79
f 13/13 79/79 78/78
f 14/14 15/15 80/80
f 14/14 80/80 79/79
f 15/15 16/16 81/81
f 15/15 81/81 80/80
f 16/16 17/17 82/82
f 16/16 82/82 81/81
f 17/17 18/18 83/83
f 17/17 83/83 82/82
f 18/18 19/19 84/84
f 18/18 84/84 83/83
f 19/19 20/20 85/85
f 19/19 85/85 84/84
f 20/20 21/21 86/86
f 20/20 86/86 85/85
f 21/21 22/22 87/87
f 21/21 87/87 86/86
f 22/22 23/23 88/88
f 22/22 88/88 87/87
f 23/23 24/24 89/89
f 23/23 89/89 88/88
f 24/24 25/25 90/90
f 24/24 90/90 89/89
f 25/25 26/26 91/91
f 25/25 91/91 90/90
f 26/26 27/27 92/92
f 26/26 92/92 91/91
f 27/27 28/28 93/93
f 27/27 93/93 92/92
f 28/28 29/29 94/94
f 28/28 94/94 93/93
f 29/29 30/30 95/95
f 29/29 95/95 94/94
f 30/30 31/31 96/96
f 30/30 96/96 95/95
f 31/31 32/32 97/97
f 31/31 97/97 96/96
f 32/32 33/33 98/98
f 32/32 98/98 97/97
f 33/33 34/34 99/99
f 33/33 99/99 98/98
f 34/34 35/35 100/100
f 34/34 100/100 99/99
f 35/35 36/36 101/101
f 35/35 101/101 100/100
f 36/36 37/37 102/102
f 36/36 102/102 101/101
f 37/37 38/38 103/103
f 37/37 103/103 102/102
f 38/38 39/39 104/104
f 38/38 104/104 103/103
f 39/39 40/40 105/105
f 39/39 105/105 104/104
f 40/40 41/41 106/106
f 40/40 106/106 105/105
f 41/41 42/42 107/107
f 41/41 107/107 106/106
f 42/42 43/43 108/108
f 42/42 108/108 107/107
f 43/43 44/44 109/109
f 43/43 109/109 108/108
f 44/44 45/45 110/110
f 44/44 110/110 109/109
f 45/45 46/46 111/111
f 45/45 111/111 110/110
f 46/46 47/47 112/112
f 46/46 112/112 111/111
f 47/47 48/48 113/113
f 47/47 113/113 112/112
f 48/48 49/49 114/114
f 48/48 114/114 113/113
f 49/49 50/50 115/115
f 49/49 115/115 114/114
f 50/50 51/51 116/116
f 50/50 116/116 115/115
f 51/51 52/52 117/117
f 51/51 117/117 116/116
f 52/52 53/53 118/118
f 52/52 118/118 117/117
f 53/53 54/54 119/119
f 53/53 119/119 118/118
f 54/54 55/55 120/120
f 54/54 120/120 119/119
f 55/55 56/56 121/121
f 55/55 121/121 120/120
f 56/56 57/57 122/122
f 56/56 122/122 121/121
f 57/57 58/58 123/123
f 57/57 123/123 122/122
f 58/58 59/59 124/124
f 58/58 124/124 123/123
f 59/59 60/60 125/125
f 59/59 125/125 124/124
f 60/60 61/61 126/126
f 60/60 126/126 125/125
f 61/61 62/62 127/127
f 61/61 127/127 126/126
f 62/62 63/63 128/128
f 62/62 128/128 127/127
f 63/63 64/64 129/129
f 63/63 129/129 128/128
f 64/64 65/65 130/130
f 64/64 130/130 129/129
f 66/66 67/67 132/132
f 66/66 132/132 131/131
f 67/67 68/68 133/133
f 67/67 133/133 132/132
f 68/68 69/69 134/134
f 68/68 134/134 133/133
f 69/69 70/70 135/135
f 69/69 135/135 134/134
f 70/70 71/71 136/136
f 70/70 136/136 135/135
f 71/71 72/72 137/137
f 71/71 137/137 136/136
f 72/72 73/73 138/138
f 72/72 138/138 137/137
f 73/73 74/74 139/139
f 73/73 139/139 138/138
f 74/74 75/75 140/140
f 74/74 140/140 139/139
f 75/75 76/76 141/141
f 75/75 141/141 140/140
f 76/76 77/77 142/142
f 76/76 142/142 141/141
f 77/77 78/78 143/143
f 77/77 143/143 142/142
f 78/78 79/79 144/144
f 78/78 144/144 143/143
f 79/79 80/80 145/145
f 79/79 145/145 144/144
f 80/80 81/81 146/146
f 80/80 146/146 145/145
f 81/81 82/82 147/147
f 81/81 147/147 146/146
f 82/82 83/83 148/148
f 82/82 148/148 147/147
f 83/83 84/84 149/149
f 83/83 149/149 148/148
f 84/84 85/85 150/150
f 84/84 150/150 149/149
f 85/85 86/86 151/151
f 85/85 151/151 150/150
f 86/86 87/87 152/152
f 86/86 152/152 151/151
f 87/87 88/88 153/153
f 87/87 153/153 152/152
f 88/88 89/89 154/154
f 88/88 154/154 153/153
f 89/89 90/90 155/155
f 89/89 155/155 154/154
f 90/90 91/91 156/156
f 90/90 156/156 155/155
f 91/91 92/92 157/157
f 91/91 157/157 156/156
f 92/92 93/93 158/158
f 92/92 158/158 157/157
f 93/93 94/94 159/159
f 93/93 159/159 158/158
f 94/94 95/95 160/160
f 94/94 160/160 159/159
f 95/95 96/96 161/161
f 95/95 161/161 160/160
f 96/96 97/97 162/162
f 96/96 162/162 161/161
f 97/97 98/98 163/163
f 97/97 163/163 162/162
f 98/98 99/99 164/164
f 98/98 164/164 163/163
f 99/99 100/100 165/165
f 99/99 165/165 164/164
f 100/100 101/101 166/166
f 100/100 166/166 165/165
f 101/101 102/102 167/167
f 101/101 167/167 166/166
f 102/102 103/103 168/168
f 102/102 168/168 167/167
f 103/103 104/104 169/169
f 103/103 169/169 168/168
f 104/104 105/105 170/170
f 104/104 170/170 169/169
f 105/105 106/106 171/171
f 105/105 171/171 170/170
f 106/106 107/107 172/172
f 106/106 172/172 171/171
f 107/107 108/108 173/173
f 107/107 173/173 172/172
f 108/108 109/109 174/174
f 108/108 174/174 173/173
f 109/109 110/110 175/175
f 109/109 175/175 174/174
f 110/110 111/111 176/176
f 110/110 176/176 175/175
f 111/111 112/112 177/177
f 111/111 177/177 176/176
f 112/112 113/113 178/178
f 112/112 178/178 177/177
f 113/113 114/114 179/179
f 113/113 179/179 178/178
f 114/114 115/115 180/180
f 114/114 180/180 179/179
f 115/115 116/116 181/181
f 115/115 181/181 180/180
f 116/116 117/117 182/182
f 116/116 182/182 181/181
f 117/117 118/118 183/183
f 117/117 183/183 182/182
f 118/118 119/119 184/184
f 118/118 184/184 183/183
f 119/119 120/120 185/185
f 119/119 185/185 184/184
f 120/120 121/121 186/186
f 120/120 186/186 185/185
f 121/121 122/122 187/187
f 121/121 187/187 186/186
f 122/122 123/123 188/188
f 122/122 188/188 187/187
f 123/123 124/124 189/189
f 123/123 189/189 188/188
f 124/124 125/125 190/190
f 124/124 190/190 189/189
f 125/125 126/126 191/191
f 125/125 191/191 190/190
f 126/126 127/127 192/192
f 126/126 192/192 191/191
f 127/127 128/128 193/193
f 127/127 193/193 192/192
f 128/128 129/129 194/194
f 128/128 194/194 193/193
f 129/129 130/130 195/195
f 129/129 195/195 194/194
f 131/131 132/132 197/197
f 131/131 197/197 196/196
f 132/132 133/133 198/198
f 132/132 198/198 197/197
f 133/133 134/134 199/199
f 133/133 199/199 198/198
f 134/134 135/135 200/200
f 134/134 200/200 199/199
f 135/135 136/136 201/201
f 135/135 201/201 200/200
f 136/136 137/137 202/202
f 136/136 202/202 201/201
f 137/137 138/138 203/203
f 137/137 203/203 202/202
f 138/138 139/139 204/204
f 138/138 204/204 203/203
f 139/139 140/140 205/205
f 139/139 205/205 204/204
f 140/140 141/141 206/206
f 140/140 206/206 205/205
f 141/141 142/142 207/207
f 141/141 207/207 206/206
f 142/142 143/143 208/208
f 142/142 208/208 207/207
f 143/143 144/144 209/209
f 143/143 209/209 208/208
f 144/144 145/145 210/210
f 144/144 210/210 209/209
f 145/145 146/146 211/211
f 145/145 211/211 210/210
f 146/146 147/147 212/212
f 146/146 212/212 211/211
f 147/147 148/148 213/213
f 147/147 213/213 212/212
f 148/148 149/149 214/214
f 148/148 214/214 213/213
f 149/149 150/150 215/215
f 149/149 215/215 214/214
f 150/150 151/151 216/216
f 150/150 216/216 215/215
f 151/151 152/152 217/217
f 151/151 217/217 216/216
f 152/152 153/153 218/218
f 152/152 218/218 217/217
f 153/153 154/154 219/219
f 153/153 219/219 218/218
f 154/154 155/155 220/220
f 154/154 220/220 219/219
f 155/155 156/156 221/221
f 155/155 221/221 220/220
f 156/156 157/157 222/222
f 156/156 222/222 221/221
f 157/157 158/158 223/223
f 157/157 223/223 222/222
f 158/158 159/159 224/224
f 158/158 224/224 223/223
f 159/159 160/160 225/225
f 159/159 225/225 224/224
f 160/160 161/161 226/226
f 160/160 226/226 225/225
f 161/161 162/162 227/227
f 161/161 227/227 226/226
f 162/162 163/163 228/228
f 162/162 228/228 227/227
f 163/163 164/164 229/229
f 163/163 229/229 228/228
f 164/164 165/165 230/230
f 164/164 230/230 229/229
f 165/165 166/166 231/231
f 165/165 231/231 230/230
f 166/166 167/167 232/232
f 166/166 232/232 231/231
f 167/167 168/168 233/233
f 167/167 233/233 232/232
f 168/168 169/169 234/234
f 168/168 234/234 233/233
f 169/169 170/170 235/235
f 169/169 235/235 234/234
f 170/170 171/171 236/236
f 170/170 236/236 235/235
f 171/171 172/172 237/237
f 171/171 237/237 236/236
f 172/172 173/173 238/238
f 172/172 238/238 237/237
f 173/173 174/174 239/239
f 173/173 239/239 238/238
f 174/174 175/175 240/240
f 174/174 240/240 239/239
f 175/175 176/176 241/241
f 175/175 241/241 240/240
f 176/176 177/177 242/242
f 176/176 242/242 241/241
f 177/177 178/178 243/243
f 177/177 243/243 242/242
f 178/178 179/179 244/244
f 178/178 244/244 243/243
f 179/179 180/180 245/245
f 179/179 245/245 244/244
f 180/180 181/181 246/246
f 180/180 246/246 245/245
f 181/181 182/182 247/247
f 181/181 247/247 246/246
f 182/182 183/183 248/248
f 182/182 248/248 247/247
f 183/183 184/184 249/249
f 183/183 249/249 248/248
f 184/184 185/185 250/250
f 184/184 250/250 249/249
f 185/185 186/186 251/251
f 185/185 251/251 250/250
f 186/186 187/187 252/252
f 186/186 252/252 251/251
f 187/187 188/188 253/253
f 187/187 253/253 252/252
f 188/188 189/189 254/254
f 188/188 254/254 253/253
f 189/189 190/190 255/255
f 189/189 255/255 254/254
f 190/190 191/191 256/256
f 190/190 256/256 255/255
f 191/191 192/192 257/257
f 191/191 257/257 256/256
f 192/192 193/193 258/258
f 192/192 258/258 257/257
f 193/193 194/194 259/259
f 193/193 259/259 258/258
f 194/194 195/195 260/260
f 194/194 260/260 259/259
f 196/196 197/197 262/262
f 196/196 262/262 261/261
f 197/197 198/198 263/263
f 197/197 263/263 262/262
f 198/198 199/199 264/264
f 198/198 264/264 263/263
f 199/199 200/200 265/265
f 199/199 265/265 264/264
f 200/200 201/201 266/266
f 200/200 266/266 265/265
f 201/201 202/202 267/267
f 201/201 267/267 266/266
f 202/202 203/203 268/268
f 202/202 268/268 267/267
f 203/203 204/204 269/269
f 203/203 269/269 268/268
f 204/204 205/205 270/270
f 204/204 270/270 269/269
f 205/205 206/206 271/271
f 205/205 271/271 270/270
f 206/206 207/207 272/272
f 206/206 272/272 271/271
f 207/207 208/208 273/273
f 207/207 273/273 272/272
f 208/208 209/209 274/274
f 208/208 274/274 273/273
f 209/209 210/210 275/275
f 209/209 275/275 274/274
f 210/210 211/211 276/276
f 210/210 276/276 275/275
f 211/211 212/212 277/277
f 211/211 277/277 276/276
f 212/212 213/213 278/278
f 212/212 278/278 277/277
f 213/213 214/214 279/279
f 213/213 279/279 278/278
f 214/214 215/215 280/280
f 214/214 280/280 279/279
f 215/215 216/216 281/281
f 215/215 281/281 280/280
f 216/216 217/217 282/282
f 216/216 282/282 281/281
f 217/217 218/218 283/283
f 217/217 283/283 282/282
f 218/218 219/219 284/284
f 218/218 284/284 283/283
f 219/219 220/220 285/285
f 219/219 285/285 284/284
f 220/220 221/221 286/286
f 220/220 286/286 285/285
f 221/221 222/222 287/287
f 221/221 287/287 286/286
f 222/222 223/223 288/288
f 222/222 288/288 287/287
f 223/223 224/224 289/289
f 223/223 289/289 288/288
f 224/224 225/225 290/290
f 224/224 290/290 289/289
f 225/225 226/226 291/291
f 225/225 291/291 290/290
f 226/226 227/227 292/292
f 226/226 292/292 291/291
f 227/227 228/228 293/293
f 227/227 293/293 292/292
f 228/228 229/229 294/294
f 228/228 294/294 293/293
f 229/229 230/230 295/295
f 229/229 295/295 294/294
f 230/230 231/231 296/296
f 230/230 296/296 295/295
f 231/231 232/232 297/297
f 231/231 297/297 296/296
f 232/232 233/233 298/298
f 232/232 298/298 297/297
f 233/233 234/234 299/299
f 233/233 299/299 298/298
f 234/234 235/235 300/300
f 234/234 300/300 299/299
f 235/235 236/236 301/301
f 235/235 301/301 300/300
f 236/236 237/237 302/302
f 236/236 302/302 301/301
f 237/237 238/238 303/303
f 237/237 303/303 302/302
f 238/238 239/239 304/304
f 238/238 304/304 303/303
f 239/239 240/240 305/305
f 239/239 305/305 304/304
f 240/240 241/241 306/306
f 240/240 306/306 305/305
f 241/241 242/242 307/307
f 241/241 307/307 306/306
f 242/242 243/243 308/308
f 242/242 308/308 307/307
f 243/243 244/244 309/309
f 243/243 309/309 308/308
f 244/244 245/245 310/310
f 244/244 310/310 309/309
f 245/245 246/246 311/311
f 245/245 311/311 310/310
f 246/246 247/247 312/312
f 246/246 312/312 311/311
f 247/247 248/248 313/313
f 247/247 313/313 312/312
f 248/248 249/249 314/314
f 248/248 314/314 313/313
f 249/249 250/250 315/315
f 249/249 315/315 314/314
f 250/250 251/251 316/316
f 250/250 316/316 315/315
f 251/251 252/252 317/317
f 251/251 317/317 316/316
f 252/252 253/253 318/318
f 252/252 318/318 317/317
f 253/253 254/254 319/319
f 253/253 319/319 318/318
f 254/254 255/255 320/320
f 254/254 320/320 319/319
f 255/255 256/256 321/321
f 255/255 321/321 320/320
f 256/256 257/257 322/322
f 256/256 322/322 321/321
f 257/257 258/258 323/323
f 257/257 323/323 322/322
f 258/258 259/259 324/324
f 258/258 324/324 323/323
f 259/259 260/260 325/325
f 259/259 325/325 324/324
f 261/261 262/262 327/327
f 261/261 327/327 326/326
f 262/262 263/263 328/328
f 262/262 328/328 327/327
f 263/263 264/264 329/329
f 263/263 329/329 328/328
f 264/264 265/265 330/330
f 264/264 330/330 329/329
f 265/265 266/266 331/331
f 265/265 331/331 330/330
f 266/266 267/267 332/332
f 266/266 332/332 331/331
f 267/267 268/268 333/333
f 267/267 333/333 332/332
f 268/268 269/269 334/334
f 268/268 334/334 333/333
f 269/269 270/270 335/335
f 269/269 335/335 334/334
f 270/270 271/271 336/336
f 270/270 336/336 335/335
f 271/271 272/272 337/337
f 271/271 337/337 336/336
f 272/272 273/273 338/338
f 272/272 338/338 337/337
f 273/273 274/274 339/339
f 273/273 339/339 338/338
f 274/274 275/275 340/340
f 274/274 340/340 339/339
f 275/275 276/276 341/341
f 275/275 341/341 340/340
f 276/276 277/277 342/342
f 276/276 342/342 341/341
f 277/277 278/278 343/343
f 277/277 343/343 342/342
f 278/278 279/279 344/344
f 278/278 344/344 343/343
f 279/279 280/280 345/345
f 279/279 345/345 344/344
f 280/280 281/281 346/346
f 280/280 346/346 345/345
f 281/281 282/282 347/347
f 281/281 347/347 346/346
f 282/282 283/283 348/348
f 282/282 348/348 347/347
f 283/283 284/284 349/349
f 283/283 349/349 348/348
f 284/284 285/285 350/350
f 284/284 350/350 349/349
f 285/285 286/286 351/351
f 285/285 351/351 350/350
f 286/286 287/287 352/352
f 286/286 352/352 351/351
f 287/287 288/288 353/353
f 287/287 353/353 352/352
f 288/288 289/289 354/354
f 288/288 354/354 353/353
f 289/289 290/290 355/355
f 289/289 355/355 354/354
f 290/290 291/291 356/356
f 290/290 356/356 355/355
f 291/291 292/292 357/357
f 291/291 357/357 356/356
f 292/292 293/293 358/358
f 292/292 358/358 357/357
f 293/293 294/294 359/359
f 293/293 359/359 358/358
f 294/294 295/295 360/360
f 294/294 360/360 359/359
f 295/295 296/296 361/361
f 295/295 361/361 360/360
f 296/296 297/297 362/362
f 296/296 362/362 361/361
f 297/297 298/298 363/363
f 297/297 363/363 362/362
f 298/298 299/299 364/364
f 298/298 364/364 363/363
f 299/299 300/300 365/365
f 299/299 365/365 364/364
f 300/300 301/301 366/366
f 300/300 366/366 365/365
f 301/301 302/302 367/367
f 301/301 367/367 366/366
f 302/302 303/303 368/368
f 302/302 368/368 367/367
f 303/303 304/304 369/369
f 303/303 369/369 368/368
f 304/304 305/305 370/370
f 304/304 370/370 369/369
f 305/305 306/306 371/371
f 305/305 371/371 370/370
f 306/306 307/307 372/372
f 306/306 372/372 371/371
f 307/307 308/308 373/373
f 307/307 373/373 372/372
f 308/308 309/309 374/374
f 308/308 374/374 373/373
f 309/309 310/310 375/375
f 309/309 375/375 374/374
f 310/310 311/311 376/376
f 310/310 376/376 375/375
f 311/311 312/312 377/377
f 311/311 377/377 376/376
f 312/312 313/313 378/378
f 312/312 378/378 377/377
f 313/313 314/314 379/379
f 313/313 379/379 378/378
f 314/314 315/315 380/380
f 314/314 380/380 379/379
f 315/315 316/316 381/381
f 315/315 381/381 380/380
f 316/316 317/317 382/382
f 316/316 382/382 381/381
f 317/317 318/318 383/383
f 317/317 383/383 382/382
f 318/318 319/319 384/384
f 318/318 384/384 383/383
f 319/319 320/320 385/385
f 319/319 385/385 384/384
f 320/320 321/321 386/386
f 320/320 386/386 385/385
f 321/321 322/322 387/387
f 321/321 387/387 386/386
f 322/322 323/323 388/388
f 322/322 388/388 387/387
f 323/323 324/324 389/389
f 323/323 389/389 388/388
f 324/324 325/325 390/390
f 324/324 390/390 389/389
f 326/326 327/327 392/392
f 326/326 392/392 391/391
f 327/327 328/328 393/393
f 327/327 393/393 392/392
f 328/328 329/329 394/394
f 328/328 394/394 393/393
f 329/329 330/330 395/395
f 329/329 395/395 394/394
f 330/330 331/331 396/396
f 330/330 396/396 395/395
f 331/331 332/332 397/397
f 331/331 397/397 396/396
f 332/332 333/333 398/398
f 332/332 398/398 397/397
f 333/333 334/334 399/399
f 333/333 399/399 398/398
f 334/334 335/335 400/400
f 334/334 400/400 399/399
f 335/335 336/336 401/401
f 335/335 401/401 400/400
f 336/336 337/337 402/402
f 336/336 402/402 401/401
f 337/337 338/338 403/403
f 337/337 403/403 402/402
f 338/338 339/339 404/404
f 338/338 404/404 403/403
f 339/339 340/340 405/405
f 339/339 405/405 404/404
f 340/340 341/341 406/406
f 340/340 406/406 405/405
f 341/341 342/342 407/407
f 341/341 407/407 406/406
f 342/342 343/343 408/408
f 342/342 408/408 407/407
f 343/343 344/344 409/409
f 343/343 409/409 408/408
f 344/344 345/345 410/410
f 344/344 410/410 409/409
f 345/345 346/346 411/411
f 345/345 411/411 410/410
f 346/346 347/347 412/412
f 346/346 412/412 411/411
f 347/347 348/348 413/413
f 347/347 413/413 412/412
f 348/348 349/349 414/414
f 348/348 414/414 413/413
f 349/349 350/350 415/415
f 349/349 415/415 414/414
f 350/350 351/351 416/416
f 350/350 416/416 415/415
f 351/351 352/352 417/417
f 351/351 417/417 416/416
f 352/352 353/353 418/418
f 352/352 418/418 417/417
f 353/353 354/354 419/419
f 353/353 419/419 418/418
f 354/354 355/355 420/420
f 354/354 420/420 419/419
f 355/355 356/356 421/421
f 355/355 421/421 420/420
f 356/356 357/357 422/422
f 356/356 422/422 421/421
f 357/357 358/358 423/423
f 357/357 423/423 422/422
f 358/358 359/359 424/424
f 358/358 424/424 423/423
f 359/359 360/360 425/425
f 359/359 425/425 424/424
f 360/360 361/361 426/426
f 360/360 426/426 425/425
f 361/361 362/362 427/427
f 361/361 427/427 426/426
f 362/362 363/363 428/428
f 362/362 428/428 427/427
f 363/363 364/364 429/429
f 363/363 429/429 428/428
f 364/364 365/365 430/430
f 364/364 430/430 429/429
f 365/365 366/366 431/431
f 365/365 431/431 430/430
f 366/366 367/367 432/432
f 366/366 432/432 431/431
f 367/367 368/368 433/433
f 367/367 433/433 432/432
f 368/368 369/369 434/434
f 368/368 434/434 433/433
f 369/369 370/370 435/435
f 369/369 435/435 434/434
f 370/370 371/371 436/436
f 370/370 436/436 435/435
f 371/371 372/372 437/437
f 371/371 437/437 436/436
f 372/372 373/373 438/438
f 372/372 438/438 437/437
f 373/373 374/374 439/439
f 373/373 439/439 438/438
f 374/374 375/375 440/440
f 374/374 440/440 439/439
f 375/375 376/376 441/441
f 375/375 441/441 440/440
f 376/376 377/377 442/442
f 376/376 442/442 441/441
f 377/377 378/378 443/443
f 377/377 443/443 442/442
f 378/378 379/379 444/444
f 378/378 444/444 443/443
f 379/379 380/380 445/445
f 379/379 445/445 444/444
f 380/380 381/381 446/446
f 380/380 446/446 445/445
f 381/381 382/382 447/447
f 381/381 447/447 446/446
f 382/382 383/383 448/448
f 382/382 448/448 447/447
f 383/383 384/384 449/449
f 383/383 449/449 448/448
f 384/384 385/385 450/450
f 384/384 450/450 449/449
f 385/385 386/386 451/451
f 385/385 451/451 450/450
f 386/386 387/387 452/452
f 386/386 452/452 451/451
f 387/387 388/388 453/453
f 387/387 453/453 452/452
f 388/388 389/389 454/454
f 388/388 454/454 453/453
f 389/389 390/390 455/455
f 389/389 455/455 454/454
f 456/456 457/457 522/522
f 456/456 522/522 521/521
f 457/457 458/458 523/523
f 457/457 523/523 522/522
f 458/458 459/459 524/524
f 458/458 524/524 523/523
f 459/459 460/460 525/525
f 459/459 525/525 524/524
f 460/460 461/461 526/526
f 460/460 526/526 525/525
f 461/461 462/462 527/527
f 461/461 527/527 526/526
f 462/462 463/463 528/528
f 462/462 528/528 527/527
f 463/463 464/464 529/529
f 463/463 529/529 528/528
f 464/464 465/465 530/530
f 464/464 530/530 529/529
f 465/465 466/466 531/531
f 465/465 531/531 530/530
f 466/466 467/467 532/532
f 466/466 532/532 531/531
f 467/467 468/468 533/533
f 467/467 533/533 532/532
f 468/468 469/469 534/534
f 468/468 534/534 533/533
f 469/469 470/470 535/535
f 469/469 535/535 534/534
f 470/470 471/471 536/536
f 470/470 536/536 535/535
f 471/471 472/472 537/537
f 471/471 537/537 536/536
f 472/472 473/473 538/538
f 472/472 538/538 537/537
f 473/473 474/474 539/539
f 473/473 539/539 538/538
f 474/474 475/475 540/540
f 474/474 540/540 539/539
f 475/475 476/476 541/541
f 475/475 541/541 540/540
f 476/476 477/477 542/542
f 476/476 542/542 541/541
f 477/477 478/478 543/543
f 477/477 543/543 542/542
f 478/478 479/479 544/544
f 478/478 544/544 543/543
f 479/479 480/480 545/545
f 479/479 545/545 544/544
f 480/480 481/481 546/546
f 480/480 546/546 545/545
f 481/481 482/482 547/547
f 481/481 547/547 546/546
f 482/482 483/483 548/548
f 482/482 548/548 547/547
f 483/483 484/484 549/549
f 483/483 549/549 548/548
f 484/484 485/485 550/550
f 484/484 550/550 549/549
f 485/485 486/486 551/551
f 485/485 551/551 550/550
f 486/486 487/487 552/552
f 486/486 552/552 551/551
f 487/487 488/488 553/553
f 487/487 553/553 552/552
f 488/488 489/489 554/554
f 488/488 554/554 553/553
f 489/489 490/490 555/555
f 489/489 555/555 554/554
f 490/490 491/491 556/556
f 490/490 556/556 555/555
f 491/491 492/492 557/557
f 491/491 557/557 556/556
f 492/492 493/493 558/558
f 492/492 558/558 557/557
f 493/493 494/494 559/559
f 493/493 559/559 558/558
f 494/494 495/495 560/560
f 494/494 560/560 559/559
f 495/495 496/496 561/561
f 495/495 561/561 560/560
f 496/496 497/497 562/562
f 496/496 562/562 561/561
f 497/497 498/498 563/563
f 497/497 563/563 562/562
f 498/498 499/499 564/564
f 498/498 564/564 563/563
f 499/499 500/500 565/565
f 499/499 565/565 564/564
f 500/500 501/501 566/566
f 500/500 566/566 565/565
f 501/501 502/502 567/567
f 501/501 567/567 566/566
f 502/502 503/503 568/568
f 502/502 568/568 567/567
f 503/503 504/504 569/569
f 503/503 569/569 568/568
f 504/504 505/505 570/570
f 504/504 570/570 569/569
f 505/505 506/506 571/571
f 505/505 571/571 570/570
f 506/506 507/507 572/572
f 506/506 572/572 571/571
f 507/507 508/508 573/573
f 507/507 573/573 572/572
f 508/508 509/509 574/574
f 508/508 574/574 573/573
f 509/509 510/510 575/575
f 509/509 575/575 574/574
f 510/510 511/511 576/576
f 510/510 576/576 575/575
f 511/511 512/512 577/577
f 511/511 577/577 576/576
f 512/512 513/513 578/578
f 512/512 578/578 577/577
f 513/513 514/514 579/579
f 513/513 579/579 578/578
f 514/514 515/515 580/580
f 514/514 580/580 579/579
f 515/515 516/516 581/581
f 515/515 581/581 580/580
f 516/516 517/517 582/582
f 516/516 582/582 581/581
f 517/517 518/518 583/583
f 517/517 583/583 582/582
f 518/518 519/519 584/584
f 518/518 584/584 583/583
f 519/519 520/520 585/585
f 519/519 585/585 584/584
f 586/586 457/457 456/456
f 586/586 458/458 457/457
f 586/586 459/459 458/458
f 586/586 460/460 459/459
f 586/586 461/461 460/460
f 586/586 462/462 461/461
f 586/586 463/463 462/462
f 586/586 464/464 463/463
f 586/586 465/465 464/464
f 586/586 466/466 465/465
f 586/586 467/467 466/466
f 586/586 468/468 467/467
f 586/586 469/469 468/468
f 586/586 470/470 469/469
f 586/586 471/471 470/470
f 586/586 472/472 471/471
f 586/586 473/473 472/472
f 586/586 474/474 473/473
f 586/586 475/475 474/474
f 586/586 476/476 475/475
f 586/586 477/477 476/476
f 586/586 478/478 477/477
f 586/586 479/479 478/478
f 586/586 480/480 479/479
f 586/586 481/481 480/480
f 586/586 482/482 481/481
f 586/586 483/483 482/482
f 586/586 484/484 483/483
f 586/586 485/485 484/484
f 586/586 486/486 485/485
f 586/586 487/487 486/486
f 586/586 488/488 487/487
f 586/586 489/489 488/488
f 586/586 490/490 489/489
f 586/586 491/491 490/490
f 586/586 492/492 491/491
f 586/586 493/493 492/492
f 586/586 494/494 493/493
f 586/586 495/495 494/494
f 586/586 496/496 495/495
f 586/586 497/497 496/496
f 586/586 498/498 497/497
f 586/586 499/499 498/498
f 586/586 500/500 499/499
f 586/586 501/501 500/500
f 586/586 502/502 501/501
f 586/586 503/503 502/502
f 586/586 504/504 503/503
f 586/586 505/505 504/504
f 586/586 506/506 505/505
f 586/586 507/507 506/506
f 586/586 508/508 507/507
f 586/586 509/509 508/508
f 586/586 510/510 509/509
f 586/586 511/511 510/510
f 586/586 512/512 511/511
f 586/586 513/513 512/512
f 586/586 514/514 513/513
f 586/586 515/515 514/514
f 586/586 516/516 515/515
f 586/586 517/517 516/516
f 586/586 518/518 517/517
f 586/586 519/519 518/518
f 586/586 520/520 519/519
f 587/587 521/521 522/522
f 587/587 522/522 523/523
f 587/587 523/523 524/524
f 587/587 524/524 525/525
f 587/587 525/525 526/526
f 587/587 526/526 527/527
f 587/587 527/527 528/528
f 587/587 528/528 529/529
f 587/587 529/529 530/530
f 587/587 530/530 531/531
f 587/587 531/531 532/532
f 587/587 532/532 533/533
f 587/587 533/533 534/534
f 587/587 534/534 535/535
f 587/587 535/535 536/536
f 587/587 536/536 537/537
f 587/587 537/537 538/538
f 587/587 538/538 539/539
f 587/587 539/539 540/540
f 587/587 540/540 541/541
f 587/587 541/541 542/542
f 587/587 542/542 543/543
f 587/587 543/543 544/544
f 587/587 544/544 545/545
f 587/587 545/545 546/546
f 587/587 546/546 547/547
f 587/587 547/547 548/548
f 587/587 548/548 549/549
f 587/587 549/549 550/550
f 587/587 550/550 551/551
f 587/587 551/551 552/552
f 587/587 552/552 553/553
f 587/587 553/553 554/554
f 587/587 554/554 555/555
f 587/587 555/555 556/556
f 587/587 556/556 557/557
f 587/587 557/557 558/558
f 587/587 558/558 559/559
f 587/587 559/559 560/560
f 587/587 560/560 561/561
f 587/587 561/561 562/562
f 587/587 562/562 563/563
f 587/587 563/563 564/564
f 587/587 564/564 565/565
f 587/587 565/565 566/566
f 587/587 566/566 567/567
f 587/587 567/567 568/568
f 587/587 568/568 569/569
f 587/587 569/569 570/570
f 587/587 570/570 571/571
f 587/587 571/571 572/572
f 587/587 572/572 573/573
f 587/587 573/573 574/574
f 587/587 574/574 575/575
f 587/587 575/575 576/576
f 587/587 576/576 577/577
f 587/587 577/577 578/578
f 587/587 578/578 579/579
f 587/587 579/579 580/580
f 587/587 580/580 581/581
f 587/587 581/581 582/582
f 587/587 582/582 583/583
f 587/587 583/583 584/584
f 587/587 584/584 585/585
f 588/588 589/589 602/602
f 588/588 602/602 601/601
f 589/589 590/590 603/603
f 589/589 603/603 602/602
f 590/590 591/591 604/604
f 590/590 604/604 603/603
f 591/591 592/592 605/605
f 591/591 605/605 604/604
f 592/592 593/593 606/606
f 592/592 606/606 605/605
f 593/593 594/594 607/607
f 593/593 607/607 606/606
f 594/594 595/595 608/608
f 594/594 608/608 607/607
f 595/595 596/596 609/609
f 595/595 609/609 608/608
f 596/596 597/597 610/610
f 596/596 610/610 609/609
f 597/597 598/598 611/611
f 597/597 611/611 610/610
f 598/598 599/599 612/612
f 598/598 612/612 611/611
f 599/599 600/600 613/613
f 599/599 613/613 612/612
f 601/601 602/602 615/615
f 601/601 615/615 614/614
f 602/602 603/603 616/616
f 602/602 616/616 615/615
f 603/603 604/604 617/617
f 603/603 617/617 616/616
f 604/604 605/605 618/618
f 604/604 618/618 617/617
f 605/605 606/606 619/619
f 605/605 619/619 618/618
f 606/606 607/607 620/620
f 606/606 620/620 619/619
f 607/607 608/608 621/621
f 607/607 621/621 620/620
f 608/608 609/609 622/622
f 608/608 622/622 621/621
f 609/609 610/610 623/623
f 609/609 623/623 622/622
f 610/610 611/611 624/624
f 610/610 624/624 623/623
f 611/611 612/612 625/625
f 611/611 625/625 624/624
f 612/612 613/613 626/626
f 612/612 626/626 625/625
f 614/614 615/615 628/628
f 614/614 628/628 627/627
f 615/615 616/616 629/629
f 615/615 629/629 628/628
f 616/616 617/617 630/630
f 616/616 630/630 629/629
f 617/617 618/618 631/631
f 617/617 631/631 630/630
f 618/618 619/619 632/632
f 618/618 632/632 631/631
f 619/619 620/620 633/633
f 619/619 633/633 632/632
f 620/620 621/621 634/634
f 620/620 634/634 633/633
f 621/621 622/622 635/635
f 621/621 635/635 634/634
f 622/622 623/623 636/636
f 622/622 636/636 635/635
f 623/623 624/624 637/637
f 623/623 637/637 636/636
f 624/624 625/625 638/638
f 624/624 638/638 637/637
f 625/625 626/626 639/639
f 625/625 639/639 638/638
f 627/627 628/628 641/641
f 627/627 641/641 640/640
f 628/628 629/629 642/642
f 628/628 642/642 641/641
f 629/629 630/630 643/643
f 629/629 643/643 642/642
f 630/630 631/631 644/644
f 630/630 644/644 643/643
f 631/631 632/632 645/645
f 631/631 645/645 644/644
f 632/632 633/633 646/646
f 632/632 646/646 645/645
f 633/633 634/634 647/647
f 633/633 647/647 646/646
f 634/634 635/635 648/648
f 634/634 648/648 647/647
f 635/635 636/636 649/649
f 635/635 649/649 648/648
f 636/636 637/637 650/650
f 636/636 650/650 649/649
f 637/637 638/638 651/651
f 637/637 651/651 650/650
f 638/638 639/639 652/652
f 638/638 652/652 651/651
f 640/640 641/641 654/654
f 640/640 654/654 653/653
f 641/641 642/642 655/655
f 641/641 655/655 654/654
f 642/642 643/643 656/656
f 642/642 656/656 655/655
f 643/643 644/644 657/657
f 643/643 657/657 656/656
f 644/644 645/645 658/658
f 644/644 658/658 657/657
f 645/645 646/646 659/659
f 645/645 659/659 658/658
f 646/646 647/647 660/660
f 646/646 660/660 659/659
f 647/647 648/648 661/661
f 647/647 661/661 660/660
f 648/648 649/649 662/662
f 648/648 662/662 661/661
f 649/649 650/650 663/663
f 649/649 663/663 662/662
f 650/650 651/651 664/664
f 650/650 664/664 663/663
f 651/651 652/652 665/665
f 651/651 665/665 664/664
f 653/653 654/654 667/667
f 653/653 667/667 666/666
f 654/654 655/655 668/668
f 654/654 668/668 667/667
f 655/655 656/656 669/669
f 655/655 669/669 668/668
f 656/656 657/657 670/670
f 656/656 670/670 669/669
f 657/657 658/658 671/671
f 657/657 671/671 670/670
f 658/658 659/659 672/672
f 658/658 672/672 671/671
f 659/659 660/660 673/673
f 659/659 673/673 672/672
f 660/660 661/661 674/674
f 660/660 674/674 673/673
f 661/661 662/662 675/675
f 661/661 675/675 674/674
f 662/662 663/663 676/676
f 662/662 676/676 675/675
f 663/663 664/664 677/677
f 663/663 677/677 676/676
f 664/664 665/665 678/678
f 664/664 678/678 677/677
f 666/666 667/667 680/680
f 666/666 680/680 679/679
f 667/667 668/668 681/681
f 667/667 681/681 680/680
f 668/668 669/669 682/682
f 668/668 682/682 681/681
f 669/669 670/670 683/683
f 669/669 683/683 682/682
f 670/670 671/671 684/684
f 670/670 684/684 683/683
f 671/671 672/672 685/685
f 671/671 685/685 684/684
f 672/672 673/673 686/686
f 672/672 686/686 685/685
f 673/673 674/674 687/687
f 673/673 687/687 686/686
f 674/674 675/675 688/688
f 674/674 688/688 687/687
f 675/675 676/676 689/689
f 675/675 689/689 688/688
f 676/676 677/677 690/690
f 676/676 690/690 689/689
f 677/677 678/678 691/691
f 677/677 691/691 690/690
f 679/679 680/680 693/693
f 679/679 693/693 692/692
f 680/680 681/681 694/694
f 680/680 694/694 693/693
f 681/681 682/682 695/695
f 681/681 695/695 694/694
f 682/682 683/683 696/696
f 682/682 696/696 695/695
f 683/683 684/684 697/697
f 683/683 697/697 696/696
f 684/684 685/685 698/698
f 684/684 698/698 697/697
f 685/685 686/686 699/699
f 685/685 699/699 698/698
f 686/686 687/687 700/700
f 686/686 700/700 699/699
f 687/687 688/688 701/701
f 687/687 701/701 700/700
f 688/688 689/689 702/702
f 688/688 702/702 701/701
f 689/689 690/690 703/703
f 689/689 703/703 702/702
f 690/690 691/691 704/704
f 690/690 704/704 703/703
f 692/692 693/693 706/706
f 692/692 706/706 705/705
f 693/693 694/694 707/707
f 693/693 707/707 706/706
f 694/694 695/695 708/708
f 694/694 708/708 707/707
f 695/695 696/696 709/709
f 695/695 709/709 708/708
f 696/696 697/697 710/710
f 696/696 710/710 709/709
f 697/697 698/698 711/711
f 697/697 711/711 710/710
f 698/698 699/699 712/712
f 698/698 712/712 711/711
f 699/699 700/700 713/713
f 699/699 713/713 712/712
f 700/700 701/701 714/714
f 700/700 714/714 713/713
f 701/701 702/702 715/715
f 701/701 715/715 714/714
f 702/702 703/703 716/716
f 702/702 716/716 715/715
f 703/703 704/704 717/717
f 703/703 717/717 716/716
f 705/705 706/706 719/719
f 705/705 719/719 718/718
f 706/706 707/707 720/720
f 706/706 720/720 719/719
f 707/707 708/708 721/721
f 707/707 721/721 720/720
f 708/708 709/709 722/722
f 708/708 722/722 721/721
f 709/709 710/710 723/723
f 709/709 723/723 722/722
f 710/710 711/711 724/724
f 710/710 724/724 723/723
f 711/711 712/712 725/725
f 711/711 725/725 724/724
f 712/712 713/713 726/726
f 712/712 726/726 725/725
f 713/713 714/714 727/727
f 713/713 727/727 726/726
f 714/714 715/715 728/728
f 714/714 728/728 727/727
f 715/715 716/716 729/729
f 715/715 729/729 728/728
f 716/716 717/717 730/730
f 716/716 730/730 729/729
f 718/718 719/719 732/732
f 718/718 732/732 731/731
f 719/719 720/720 733/733
f 719/719 733/733 732/732
f 720/720 721/721 734/734
f 720/720 734/734 733/733
f 721/721 722/722 735/735
f 721/721 735/735 734/734
f 722/722 723/723 736/736
f 722/722 736/736 735/735
f 723/723 724/724 737/737
f 723/723 737/737 736/736
f 724/724 725/725 738/738
f 724/724 738/738 737/737
f 725/725 726/726 739/739
f 725/725 739/739 738/738
f 726/726 727/727 740/740
f 726/726 740/740 739/739
f 727/727 728/728 741/741
f 727/727 741/741 740/740
f 728/728 729/729 742/742
f 728/728 742/742 741/741
f 729/729 730/730 743/743
f 729/729 743/743 742/742
f 731/731 732/732 745/745
f 731/731 745/745 744/744
f 732/732 733/733 746/746
f 732/732 746/746 745/745
f 733/733 734/734 747/747
f 733/733 747/747 746/746
f 734/734 735/735 748/748
f 734/734 748/748 747/747
f 735/735 736/736 749/749
f 735/735 749/749 748/748
f 736/736 737/737 750/750
f 736/736 750/750 749/749
f 737/737 738/738 751/751
f 737/737 751/751 750/750
f 738/738 739/739 752/752
f 738/738 752/752 751/751
f 739/739 740/740 753/753
f 739/739 753/753 752/752
f 740/740 741/741 754/754
f 740/740 754/754 753/753
f 741/741 742/742 755/755
f 741/741 755/755 754/754
f 742/742 743/743 756/756
f 742/742 756/756 755/755
f 744/744 745/745 758/758
f 744/744 758/758 757/757
f 745/745 746/746 759/759
f 745/745 759/759 758/758
f 746/746 747/747 760/760
f 746/746 760/760 759/759
f 747/747 748/748 761/761
f 747/747 761/761 760/760
f 748/748 749/749 762/762
f 748/748 762/762 761/761
f 749/749 750/750 763/763
f 749/749 763/763 762/762
f 750/750 751/751 764/764
f 750/750 764/764 763/763
f 751/751 752/752 765/765
f 751/751 765/765 764/764
f 752/752 753/753 766/766
f 752/752 766/766 765/765
f 753/753 754/754 767/767
f 753/753 767/767 766/766
f 754/754 755/755 768/768
f 754/754 768/768 767/767
f 755/755 756/756 769/769
f 755/755 769/769 768/768
f 757/757 758/758 771/771
f 757/757 771/771 770/770
f 758/758 759/759 772/772
f 758/758 772/772 771/771
f 759/759 760/760 773/773
f 759/759 773/773 772/772
f 760/760 761/761 774/774
f 760/760 774/774 773/773
f 761/761 762/762 775/775
f 761/761 775/775 774/774
f 762/762 763/763 776/776
f 762/762 776/776 775/775
f 763/763 764/764 777/777
f 763/763 777/777 776/776
f 764/764 765/765 778/778
f 764/764 778/778 777/777
f 765/765 766/766 779/779
f 765/765 779/779 778/778
f 766/766 767/767 780/780
f 766/766 780/780 779/779
f 767/767 768/768 781/781
f 767/767 781/781 780/780
f 768/768 769/769 782/782
f 768/768 782/782 781/781
f 770/770 771/771 784/784
f 770/770 784/784 783/783
f 771/771 772/772 785/785
f 771/771 785/785 784/784
f 772/772 773/773 786/786
f 772/772 786/786 785/785
f 773/773 774/774 787/787
f 773/773 787/787 786/786
f 774/774 775/775 788/788
f 774/774 788/788 787/787
f 775/775 776/776 789/789
f 775/775 789/789 788/788
f 776/776 777/777 790/790
f 776/776 790/790 789/789
f 777/777 778/778 791/791
f 777/777 791/791 790/790
f 778/778 779/779 792/792
f 778/778 792/792 791/791
f 779/779 780/780 793/793
f 779/779 793/793 792/792
f 780/780 781/781 794/794
f 780/780 794/794 793/793
f 781/781 782/782 795/795
f 781/781 795/795 794/794
f 783/783 784/784 797/797
f 783/783 797/797 796/796
f 784/784 785/785 798/798
f 784/784 798/798 797/797
f 785/785 786/786 799/799
f 785/785 799/799 798/798
f 786/786 787/787 800/800
f 786/786 800/800 799/799
f 787/787 788/788 801/801
f 787/787 801/801 800/800
f 788/788 789/789 802/802
f 788/788 802/802 801/801
f 789/789 790/790 803/803
f 789/789 803/803 802/802
f 790/790 791/791 804/804
f 790/790 804/804 803/803
f 791/791 792/792 805/805
f 791/791 805/805 804/804
f 792/792 793/793 806/806
f 792/792 806/806 805/805
f 793/793 794/794 807/807
f 793/793 807/807 806/806
f 794/794 795/795 808/808
f 794/794 808/808 807/807
f 796/796 797/797 810/810
f 796/796 810/810 809/809
f 797/797 798/798 811/811
f 797/797 811/811 810/810
f 798/798 799/799 812/812
f 798/798 812/812 811/811
f 799/799 800/800 813/813
f 799/799 813/813 812/812
f 800/800 801/801 814/814
f 800/800 814/814 813/813
f 801/801 802/802 815/815
f 801/801 815/815 814/814
f 802/802 803/803 816/816
f 802/802 816/816 815/815
f 803/803 804/804 817/817
f 803/803 817/817 816/816
f 804/804 805/805 818/818
f 804/804 818/818 817/817
f 805/805 806/806 819/819
f 805/805 819/819 818/818
f 806/806 807/807 820/820
f 806/806 820/820 819/819
f 807/807 808/808 821/821
f 807/807 821/821 820/820
f 809/809 810/810 823/823
f 809/809 823/823 822/822
f 810/810 811/811 824/824
f 810/810 824/824 823/823
f 811/811 812/812 825/825
f 811/811 825/825 824/824
f 812/812 813/813 826/826
f 812/812 826/826 825/825
f 813/813 814/814 827/827
f 813/813 827/827 826/826
f 814/814 815/815 828/828
f 814/814 828/828 827/827
f 815/815 816/816 829/829
f 815/815 829/829 828/828
f 816/816 817/817 830/830
f 816/816 830/830 829/829
f 817/817 818/818 831/831
f 817/817 831/831 830/830
f 818/818 819/819 832/832
f 818/818 832/832 831/831
f 819/819 820/820 833/833
f 819/819 833/833 832/832
f 820/820 821/821 834/834
f 820/820 834/834 833/833
f 822/822 823/823 836/836
f 822/822 836/836 835/835
f 823/823 824/824 837/837
f 823/823 837/837 836/836
f 824/824 825/825 838/838
f 824/824 838/838 837/837
f 825/825 826/826 839/839
f 825/825 839/839 838/838
f 826/826 827/827 840/840
f 826/826 840/840 839/839
f 827/827 828/828 841/841
f 827/827 841/841 840/840
f 828/828 829/829 842/842
f 828/828 842/842 841/841
f 829/829 830/830 843/843
f 829/829 843/843 842/842
f 830/830 831/831 844/844
f 830/830 844/844 843/843
f 831/831 832/832 845/845
f 831/831 845/845 844/844
f 832/832 833/833 846/846
f 832/832 846/846 845/845
f 833/833 834/834 847/847
f 833/833 847/847 846/846
f 835/835 836/836 849/849
f 835/835 849/849 848/848
f 836/836 837/837 850/850
f 836/836 850/850 849/849
f 837/837 838/838 851/851
f 837/837 851/851 850/850
f 838/838 839/839 852/852
f 838/838 852/852 851/851
f 839/839 840/840 853/853
f 839/839 853/853 852/852
f 840/840 841/841 854/854
f 840/840 854/854 853/853
f 841/841 842/842 855/855
f 841/841 855/855 854/854
f 842/842 843/843 856/856
f 842/842 856/856 855/855
f 843/843 844/844 857/857
f 843/843 857/857 856/856
f 844/844 845/845 858/858
f 844/844 858/858 857/857
f 845/845 846/846 859/859
f 845/845 859/859 858/858
f 846/846 847/847 860/860
f 846/846 860/860 859/859
f 848/848 849/849 862/862
f 848/848 862/862 861/861
f 849/849 850/850 863/863
f 849/849 863/863 862/862
f 850/850 851/851 864/864
f 850/850 864/864 863/863
f 851/851 852/852 865/865
f 851/851 865/865 864/864
f 852/852 853/853 866/866
f 852/852 866/866 865/865
f 853/853 854/854 867/867
f 853/853 867/867 866/866
f 854/854 855/855 868/868
f 854/854 868/868 867/867
f 855/855 856/856 869/869
f 855/855 869/869 868/868
f 856/856 857/857 870/870
f 856/856 870/870 869/869
f 857/857 858/858 871/871
f 857/857 871/871 870/870
f 858/858 859/859 872/872
f 858/858 872/872 871/871
f 859/859 860/860 873/873
f 859/859 873/873 872/872
f 861/861 862/862 875/875
f 861/861 875/875 874/874
f 862/862 863/863 876/876
f 862/862 876/876 875/875
f 863/863 864/864 877/877
f 863/863 877/877 876/876
f 864/864 865/865 878/878
f 864/864 878/878 877/877
f 865/865 866/866 879/879
f 865/865 879/879 878/878
f 866/866 867/867 880/880
f 866/866 880/880 879/879
f 867/867 868/868 881/881
f 867/867 881/881 880/880
f 868/868 869/869 882/882
f 868/868 882/882 881/881
f 869/869 870/870 883/883
f 869/869 883/883 882/882
f 870/870 871/871 884/884
f 870/870 884/884 883/883
f 871/871 872/872 885/885
f 871/871 885/885 884/884
f 872/872 873/873 886/886
f 872/872 886/886 885/885
f 874/874 875/875 888/888
f 874/874 888/888 887/887
f 875/875 876/876 889/889
f 875/875 889/889 888/888
f 876/876 877/877 890/890
f 876/876 890/890 889/889
f 877/877 878/878 891/891
f 877/877 891/891 890/890
f 878/878 879/879 892/892
f 878/878 892/892 891/891
f 879/879 880/880 893/893
f 879/879 893/893 892/892
f 880/880 881/881 894/894
f 880/880 894/894 893/893
f 881/881 882/882 895/895
f 881/881 895/895 894/894
f 882/882 883/883 896/896
f 882/882 896/896 895/895
f 883/883 884/884 897/897
f 883/883 897/897 896/896
f 884/884 885/885 898/898
f 884/884 898/898 897/897
f 885/885 886/886 899/899
f 885/885 899/899 898/898
f 887/887 888/888 901/901
f 887/887 901/901 900/900
f 888/888 889/889 902/902
f 888/888 902/902 901/901
f 889/889 890/890 903/903
f 889/889 903/903 902/902
f 890/890 891/891 904/904
f 890/890 904/904 903/903
f 891/891 892/892 905/905
f 891/891 905/905 904/904
f 892/892 893/893 906/906
f 892/892 906/906 905/905
f 893/893 894/894 907/907
f 893/893 907/907 906/906
f 894/894 895/895 908/908
f 894/894 908/908 907/907
f 895/895 896/896 909/909
f 895/895 909/909 908/908
f 896/896 897/897 910/910
f 896/896 910/910 909/909
f 897/897 898/898 911/911
f 897/897 911/911 910/910
f 898/898 899/899 912/912
f 898/898 912/912 911/911
f 900/900 901/901 914/914
f 900/900 914/914 913/913
f 901/901 902/902 915/915
f 901/901 915/915 914/914
f 902/902 903/903 916/916
f 902/902 916/916 915/915
f 903/903 904/904 917/917
f 903/903 917/917 916/916
f 904/904 905/905 918/918
f 904/904 918/918 917/917
f 905/905 906/906 919/919
f 905/905 919/919 918/918
f 906/906 907/907 920/920
f 906/906 920/920 919/919
f 907/907 908/908 921/921
f 907/907 921/921 920/920
f 908/908 909/909 922/922
f 908/908 922/922 921/921
f 909/909 910/910 923/923
f 909/909 923/923 922/922
f 910/910 911/911 924/924
f 910/910 924/924 923/923
f 911/911 912/912 925/925
f 911/911 925/925 924/924
f 913/913 914/914 927/927
f 913/913 927/927 926/926
f 914/914 915/915 928/928
f 914/914 928/928 927/927
f 915/915 916/916 929/929
f 915/915 929/929 928/928
f 916/916 917/917 930/930
f 916/916 930/930 929/929
f 917/917 918/918 931/931
f 917/917 931/931 930/930
f 918/918 919/919 932/932
f 918/918 932/932 931/931
f 919/919 920/920 933/933
f 919/919 933/933 932/932
f 920/920 921/921 934/934
f 920/920 934/934 933/933
f 921/921 922/922 935/935
f 921/921 935/935 934/934
f 922/922 923/923 936/936
f 922/922 936/936 935/935
f 923/923 924/924 937/937
f 923/923 937/937 936/936
f 924/924 925/925 938/938
f 924/924 938/938 937/937
f 926/926 927/927 940/940
f 926/926 940/940 939/939
f 927/927 928/928 941/941
f 927/927 941/941 940/940
f 928/928 929/929 942/942
f 928/928 942/942 941/941
f 929/929 930/930 943/943
f 929/929 943/943 942/942
f 930/930 931/931 944/944
f 930/930 944/944 943/943
f 931/931 932/932 945/945
f 931/931 945/945 944/944
f 932/932 933/933 946/946
f 932/932 946/946 945/945
f 933/933 934/934 947/947
f 933/933 947/947 946/946
f 934/934 935/935 948/948
f 934/934 948/948 947/947
f 935/935 936/936 949/949
f 935/935 949/949 948/948
f 936/936 937/937 950/950
f 936/936 950/950 949/949
f 937/937 938/938 951/951
f 937/937 951/951 950/950
f 939/939 940/940 953/953
f 939/939 953/953 952/952
f 940/940 941/941 954/954
f 940/940 954/954 953/953
f 941/941 942/942 955/955
f 941/941 955/955 954/954
f 942/942 943/943 956/956
f 942/942 956/956 955/955
f 943/943 944/944 957/957
f 943/943 957/957 956/956
f 944/944 945/945 958/958
f 944/944 958/958 957/957
f 945/945 946/946 959/959
f 945/945 959/959 958/958
f 946/946 947/947 960/960
f 946/946 960/960 959/959
f 947/947 948/948 961/961
f 947/947 961/961 960/960
f 948/948 949/949 962/962
f 948/948 962/962 961/961
f 949/949 950/950 963/963
f 949/949 963/963 962/962
f 950/950 951/951 964/964
f 950/950 964/964 963/963
f 952/952 953/953 966/966
f 952/952 966/966 965/965
f 953/953 954/954 967/967
f 953/953 967/967 966/966
f 954/954 955/955 968/968
f 954/954 968/968 967/967
f 955/955 956/956 969/969
f 955/955 969/969 968/968
f 956/956 957/957 970/970
f 956/956 970/970 969/969
f 957/957 958/958 971/971
f 957/957 971/971 970/970
f 958/958 959/959 972/972
f 958/958 972/972 971/971
f 959/959 960/960 973/973
f 959/959 973/973 972/972
f 960/960 961/961 974/974
f 960/960 974/974 973/973
f 961/961 962/962 975/975
f 961/961 975/975 974/974
f 962/962 963/963 976/976
f 962/962 976/976 975/975
f 963/963 964/964 977/977
f 963/963 977/977 976/976
f 965/965 966/966 979/979
f 965/965 979/979 978/978
f 966/966 967/967 980/980
f 966/966 980/980 979/979
f 967/967 968/968 981/981
f 967/967 981/981 980/980
f 968/968 969/969 982/982
f 968/968 982/982 981/981
f 969/969 970/970 983/983
f 969/969 983/983 982/982
f 970/970 971/971 984/984
f 970/970 984/984 983/983
f 971/971 972/972 985/985
f 971/971 985/985 984/984
f 972/972 973/973 986/986
f 972/972 986/986 985/985
f 973/973 974/974 987/987
f 973/973 987/987 986/986
f 974/974 975/975 988/988
f 974/974 988/988 987/987
f 975/975 976/976 989/989
f 975/975 989/989 988/988
f 976/976 977/977 990/990
f 976/976 990/990 989/989
f 978/978 979/979 992/992
f 978/978 992/992 991/991
f 979/979 980/980 993/993
f 979/979 993/993 992/992
f 980/980 981/981 994/994
f 980/980 994/994 993/993
f 981/981 982/982 995/995
f 981/981 995/995 994/994
f 982/982 983/983 996/996
f 982/982 996/996 995/995
f 983/983 984/984 997/997
f 983/983 997/997 996/996
f 984/984 985/985 998/998
f 984/984 998/998 997/997
f 985/985 986/986 999/999
f 985/985 999/999 998/998
f 986/986 987/987 1000/1000
f 986/986 1000/1000 999/999
f 987/987 988/988 1001/1001
f 987/987 1001/1001 1000/1000
f 988/988 989/989 1002/1002
f 988/988 1002/1002 1001/1001
f 989/989 990/990 1003/1003
f 989/989 1003/1003 1002/1002
f 991/991 992/992 1005/1005
f 991/991 1005/1005 1004/1004
f 992/992 993/993 1006/1006
f 992/992 1006/1006 1005/1005
f 993/993 994/994 1007/1007
f 993/993 1007/1007 1006/1006
f 994/994 995/995 1008/1008
f 994/994 1008/1008 1007/1007
f 995/995 996/996 1009/1009
f 995/995 1009/1009 1008/1008
f 996/996 997/997 1010/1010
f 996/996 1010/1010 1009/1009
f 997/997 998/998 1011/1011
f 997/997 1011/1011 1010/1010
f 998/998 999/999 1012/1012
f 998/998 1012/1012 1011/1011
f 999/999 1000/1000 1013/1013
f 999/999 1013/1013 1012/1012
f 1000/1000 1001/1001 1014/1014
f 1000/1000 1014/1014 1013/1013
f 1001/1001 1002/1002 1015/1015
f 1001/1001 1015/1015 1014/1014
f 1002/1002 1003/1003 1016/1016
f 1002/1002 1016/1016 1015/1015
f 1004/1004 1005/1005 1018/1018
f 1004/1004 1018/1018 1017/1017
f 1005/1005 1006/1006 1019/1019
f 1005/1005 1019/1019 1018/1018
f 1006/1006 1007/1007 1020/1020
f 1006/1006 1020/1020 1019/1019
f 1007/1007 1008/1008 1021/1021
f 1007/1007 1021/1021 1020/1020
f 1008/1008 1009/1009 1022/1022
f 1008/1008 1022/1022 1021/1021
f 1009/1009 1010/1010 1023/1023
f 1009/1009 1023/1023 1022/1022
f 1010/1010 1011/1011 1024/1024
f 1010/1010 1024/1024 1023/1023
f 1011/1011 1012/1012 1025/1025
f 1011/1011 1025/1025 1024/1024
f 1012/1012 1013/1013 1026/1026
f 1012/1012 1026/1026 1025/1025
f 1013/1013 1014/1014 1027/1027
f 1013/1013 1027/1027 1026/1026
f 1014/1014 1015/1015 1028/1028
f 1014/1014 1028/1028 1027/1027
f 1015/1015 1016/1016 1029/1029
f 1015/1015 1029/1029 1028/1028
f 1017/1017 1018/1018 1031/1031
f 1017/1017 1031/1031 1030/1030
f 1018/1018 1019/1019 1032/1032
f 1018/1018 1032/1032 1031/1031
f 1019/1019 1020/1020 1033/1033
f 1019/1019 1033/1033 1032/1032
f 1020/1020 1021/1021 1034/1034
f 1020/1020 1034/1034 1033/1033
f 1021/1021 1022/1022 1035/1035
f 1021/1021 1035/1035 1034/1034
f 1022/1022 1023/1023 1036/1036
f 1022/1022 1036/1036 1035/1035
f 1023/1023 1024/1024 1037/1037
f 1023/1023 1037/1037 1036/1036
f 1024/1024 1025/1025 1038/1038
f 1024/1024 1038/1038 1037/1037
f 1025/1025 1026/1026 1039/1039
f 1025/1025 1039/1039 1038/1038
f 1026/1026 1027/1027 1040/1040
f 1026/1026 1040/1040 1039/1039
f 1027/1027 1028/1028 1041/1041
f 1027/1027 1041/1041 1040/1040
f 1028/1028 1029/1029 1042/1042
f 1028/1028 1042/1042 1041/1041
f 1030/1030 1031/1031 1044/1044
f 1030/1030 1044/1044 1043/1043
f 1031/1031 1032/1032 1045/1045
f 1031/1031 1045/1045 1044/1044
f 1032/1032 1033/1033 1046/1046
f 1032/1032 1046/1046 1045/1045
f 1033/1033 1034/1034 1047/1047
f 1033/1033 1047/1047 1046/1046
f 1034/1034 1035/1035 1048/1048
f 1034/1034 1048/1048 1047/1047
f 1035/1035 1036/1036 1049/1049
f 1035/1035 1049/1049 1048/1048
f 1036/1036 1037/1037 1050/1050
f 1036/1036 1050/1050 1049/1049
f 1037/1037 1038/1038 1051/1051
f 1037/1037 1051/1051 1050/1050
f 1038/1038 1039/1039 1052/1052
f 1038/1038 1052/1052 1051/1051
f 1039/1039 1040/1040 1053/1053
f 1039/1039 1053/1053 1052/1052
f 1040/1040 1041/1041 1054/1054
f 1040/1040 1054/1054 1053/1053
f 1041/1041 1042/1042 1055/1055
f 1041/1041 1055/1055 1054/1054
f 1043/1043 1044/1044 1057/1057
f 1043/1043 1057/1057 1056/1056
f 1044/1044 1045/1045 1058/1058
f 1044/1044 1058/1058 1057/1057
f 1045/1045 1046/1046 1059/1059
f 1045/1045 1059/1059 1058/1058
f 1046/1046 1047/1047 1060/1060
f 1046/1046 1060/1060 1059/1059
f 1047/1047 1048/1048 1061/1061
f 1047/1047 1061/1061 1060/1060
f 1048/1048 1049/1049 1062/1062
f 1048/1048 1062/1062 1061/1061
f 1049/1049 1050/1050 1063/1063
f 1049/1049 1063/1063 1062/1062
f 1050/1050 1051/1051 1064/1064
f 1050/1050 1064/1064 1063/1063
f 1051/1051 1052/1052 1065/1065
f 1051/1051 1065/1065 1064/1064
f 1052/1052 1053/1053 1066/1066
f 1052/1052 1066/1066 1065/1065
f 1053/1053 1054/1054 1067/1067
f 1053/1053 1067/1067 1066/1066
f 1054/1054 1055/1055 1068/1068
f 1054/1054 1068/1068 1067/1067
f 1056/1056 1057/1057 1070/1070
f 1056/1056 1070/1070 1069/1069
f 1057/1057 1058/1058 1071/1071
f 1057/1057 1071/1071 1070/1070
f 1058/1058 1059/1059 1072/1072
f 1058/1058 1072/1072 1071/1071
f 1059/1059 1060/1060 1073/1073
f 1059/1059 1073/1073 1072/1072
f 1060/1060 1061/1061 1074/1074
f 1060/1060 1074/1074 1073/1073
f 1061/1061 1062/1062 1075/1075
f 1061/1061 1075/1075 1074/1074
f 1062/1062 1063/1063 1076/1076
f 1062/1062 1076/1076 1075/1075
f 1063/1063 1064/1064 1077/1077
f 1063/1063 1077/1077 1076/1076
f 1064/1064 1065/1065 1078/1078
f 1064/1064 1078/1078 1077/1077
f 1065/1065 1066/1066 1079/1079
f 1065/1065 1079/1079 1078/1078
f 1066/1066 1067/1067 1080/1080
f 1066/1066 1080/1080 1079/1079
f 1067/1067 1068/1068 1081/1081
f 1067/1067 1081/1081 1080/1080
f 1069/1069 1070/1070 1083/1083
f 1069/1069 1083/1083 1082/1082
f 1070/1070 1071/1071 1084/1084
f 1070/1070 1084/1084 1083/1083
f 1071/1071 1072/1072 1085/1085
f 1071/1071 1085/1085 1084/1084
f 1072/1072 1073/1073 1086/1086
f 1072/1072 1086/1086 1085/1085
f 1073/1073 1074/1074 1087/1087
f 1073/1073 1087/1087 1086/1086
f 1074/1074 1075/1075 1088/1088
f 1074/1074 1088/1088 1087/1087
f 1075/1075 1076/1076 1089/1089
f 1075/1075 1089/1089 1088/1088
f 1076/1076 1077/1077 1090/1090
f 1076/1076 1090/1090 1089/1089
f 1077/1077 1078/1078 1091/1091
f 1077/1077 1091/1091 1090/1090
f 1078/1078 1079/1079 1092/1092
f 1078/1078 1092/1092 1091/1091
f 1079/1079 1080/1080 1093/1093
f 1079/1079 1093/1093 1092/1092
f 1080/1080 1081/1081 1094/1094
f 1080/1080 1094/1094 1093/1093
f 1082/1082 1083/1083 1096/1096
f 1082/1082 1096/1096 1095/1095
f 1083/1083 1084/1084 1097/1097
f 1083/1083 1097/1097 1096/1096
f 1084/1084 1085/1085 1098/1098
f 1084/1084 1098/1098 1097/1097
f 1085/1085 1086/1086 1099/1099
f 1085/1085 1099/1099 1098/1098
f 1086/1086 1087/1087 1100/1100
f 1086/1086 1100/1100 1099/1099
f 1087/1087 1088/1088 1101/1101
f 1087/1087 1101/1101 1100/1100
f 1088/1088 1089/1089 1102/1102
f 1088/1088 1102/1102 1101/1101
f 1089/1089 1090/1090 1103/1103
f 1089/1089 1103/1103 1102/1102
f 1090/1090 1091/1091 1104/1104
f 1090/1090 1104/1104 1103/1103
f 1091/1091 1092/1092 1105/1105
f 1091/1091 1105/1105 1104/1104
f 1092/1092 1093/1093 1106/1106
f 1092/1092 1106/1106 1105/1105
f 1093/1093 1094/1094 1107/1107
f 1093/1093 1107/1107 1106/1106
f 1095/1095 1096/1096 1109/1109
f 1095/1095 1109/1109 1108/1108
f 1096/1096 1097/1097 1110/1110
f 1096/1096 1110/1110 1109/1109
f 1097/1097 1098/1098 1111/1111
f 1097/1097 1111/1111 1110/1110
f 1098/1098 1099/1099 1112/1112
f 1098/1098 1112/1112 1111/1111
f 1099/1099 1100/1100 1113/1113
f 1099/1099 1113/1113 1112/1112
f 1100/1100 1101/1101 1114/1114
f 1100/1100 1114/1114 1113/1113
f 1101/1101 1102/1102 1115/1115
f 1101/1101 1115/1115 1114/1114
f 1102/1102 1103/1103 1116/1116
f 1102/1102 1116/1116 1115/1115
f 1103/1103 1104/1104 1117/1117
f 1103/1103 1117/1117 1116/1116
f 1104/1104 1105/1105 1118/1118
f 1104/1104 1118/1118 1117/1117
f 1105/1105 1106/1106 1119/1119
f 1105/1105 1119/1119 1118/1118
f 1106/1106 1107/1107 1120/1120
f 1106/1106 1120/1120 1119/1119
f 1108/1108 1109/1109 1122/1122
f 1108/1108 1122/1122 1121/1121
f 1109/1109 1110/1110 1123/1123
f 1109/1109 1123/1123 1122/1122
f 1110/1110 1111/1111 1124/1124
f 1110/1110 1124/1124 1123/1123
f 1111/1111 1112/1112 1125/1125
f 1111/1111 1125/1125 1124/1124
f 1112/1112 1113/1113 1126/1126
f 1112/1112 1126/1126 1125/1125
f 1113/1113 1114/1114 1127/1127
f 1113/1113 1127/1127 1126/1126
f 1114/1114 1115/1115 1128/1128
f 1114/1114 1128/1128 1127/1127
f 1115/1115 1116/1116 1129/1129
f 1115/1115 1129/1129 1128/1128
f 1116/1116 1117/1117 1130/1130
f 1116/1116 1130/1130 1129/1129
f 1117/1117 1118/1118 1131/1131
f 1117/1117 1131/1131 1130/1130
f 1118/1118 1119/1119 1132/1132
f 1118/1118 1132/1132 1131/1131
f 1119/1119 1120/1120 1133/1133
f 1119/1119 1133/1133 1132/1132
f 1121/1121 1122/1122 1135/1135
f 1121/1121 1135/1135 1134/1134
f 1122/1122 1123/1123 1136/1136
f 1122/1122 1136/1136 1135/1135
f 1123/1123 1124/1124 1137/1137
f 1123/1123 1137/1137 1136/1136
f 1124/1124 1125/1125 1138/1138
f 1124/1124 1138/1138 1137/1137
f 1125/1125 1126/1126 1139/1139
f 1125/1125 1139/1139 1138/1138
f 1126/1126 1127/1127 1140/1140
f 1126/1126 1140/1140 1139/1139
f 1127/1127 1128/1128 1141/1141
f 1127/1127 1141/1141 1140/1140
f 1128/1128 1129/1129 1142/1142
f 1128/1128 1142/1142 1141/1141
f 1129/1129 1130/1130 1143/1143
f 1129/1129 1143/1143 1142/1142
f 1130/1130 1131/1131 1144/1144
f 1130/1130 1144/1144 1143/1143
f 1131/1131 1132/1132 1145/1145
f 1131/1131 1145/1145 1144/1144
f 1132/1132 1133/1133 1146/1146
f 1132/1132 1146/1146 1145/1145
f 1134/1134 1135/1135 1148/1148
f 1134/1134 1148/1148 1147/1147
f 1135/1135 1136/1136 1149/1149
f 1135/1135 1149/1149 1148/1148
f 1136/1136 1137/1137 1150/1150
f 1136/1136 1150/1150 1149/1149
f 1137/1137 1138/1138 1151/1151
f 1137/1137 1151/1151 1150/1150
f 1138/1138 1139/1139 1152/1152
f 1138/1138 1152/1152 1151/1151
f 1139/1139 1140/1140 1153/1153
f 1139/1139 1153/1153 1152/1152
f 1140/1140 1141/1141 1154/1154
f 1140/1140 1154/1154 1153/1153
f 1141/1141 1142/1142 1155/1155
f 1141/1141 1155/1155 1154/1154
f 1142/1142 1143/1143 1156/1156
f 1142/1142 1156/1156 1155/1155
f 1143/1143 1144/1144 1157/1157
f 1143/1143 1157/1157 1156/1156
f 1144/1144 1145/1145 1158/1158
f 1144/1144 1158/1158 1157/1157
f 1145/1145 1146/1146 1159/1159
f 1145/1145 1159/1159 1158/1158
f 1147/1147 1148/1148 1161/1161
f 1147/1147 1161/1161 1160/1160
f 1148/1148 1149/1149 1162/1162
f 1148/1148 1162/1162 1161/1161
f 1149/1149 1150/1150 1163/1163
f 1149/1149 1163/1163 1162/1162
f 1150/1150 1151/1151 1164/1164
f 1150/1150 1164/1164 1163/1163
f 1151/1151 1152/1152 1165/1165
f 1151/1151 1165/1165 1164/1164
f 1152/1152 1153/1153 1166/1166
f 1152/1152 1166/1166 1165/1165
f 1153/1153 1154/1154 1167/1167
f 1153/1153 1167/1167 1166/1166
f 1154/1154 1155/1155 1168/1168
f 1154/1154 1168/1168 1167/1167
f 1155/1155 1156/1156 1169/1169
f 1155/1155 1169/1169 1168/1168
f 1156/1156 1157/1157 1170/1170
f 1156/1156 1170/1170 1169/1169
f 1157/1157 1158/1158 1171/1171
f 1157/1157 1171/1171 1170/1170
f 1158/1158 1159/1159 1172/1172
f 1158/1158 1172/1172 1171/1171
f 1160/1160 1161/1161 1174/1174
f 1160/1160 1174/1174 1173/1173
f 1161/1161 1162/1162 1175/1175
f 1161/1161 1175/1175 1174/1174
f 1162/1162 1163/1163 1176/1176
f 1162/1162 1176/1176 1175/1175
f 1163/1163 1164/1164 1177/1177
f 1163/1163 1177/1177 1176/1176
f 1164/1164 1165/1165 1178/1178
f 1164/1164 1178/1178 1177/1177
f 1165/1165 1166/1166 1179/1179
f 1165/1165 1179/1179 1178/1178
f 1166/1166 1167/1167 1180/1180
f 1166/1166 1180/1180 1179/1179
f 1167/1167 1168/1168 1181/1181
f 1167/1167 1181/1181 1180/1180
f 1168/1168 1169/1169 1182/1182
f 1168/1168 1182/1182 1181/1181
f 1169/1169 1170/1170 1183/1183
f 1169/1169 1183/1183 1182/1182
f 1170/1170 1171/1171 1184/1184
f 1170/1170 1184/1184 1183/1183
f 1171/1171 1172/1172 1185/1185
f 1171/1171 1185/1185 1184/1184
f 1173/1173 1174/1174 1187/1187
f 1173/1173 1187/1187 1186/1186
f 1174/1174 1175/1175 1188/1188
f 1174/1174 1188/1188 1187/1187
f 1175/1175 1176/1176 1189/1189
f 1175/1175 1189/1189 1188/1188
f 1176/1176 1177/1177 1190/1190
f 1176/1176 1190/1190 1189/1189
f 1177/1177 1178/1178 1191/1191
f 1177/1177 1191/1191 1190/1190
f 1178/1178 1179/1179 1192/1192
f 1178/1178 1192/1192 1191/1191
f 1179/1179 1180/1180 1193/1193
f 1179/1179 1193/1193 1192/1192
f 1180/1180 1181/1181 1194/1194
f 1180/1180 1194/1194 1193/1193
f 1181/1181 1182/1182 1195/1195
f 1181/1181 1195/1195 1194/1194
f 1182/1182 1183/1183 1196/1196
f 1182/1182 1196/1196 1195/1195
f 1183/1183 1184/1184 1197/1197
f 1183/1183 1197/1197 1196/1196
f 1184/1184 1185/1185 1198/1198
f 1184/1184 1198/1198 1197/1197
f 1186/1186 1187/1187 1200/1200
f 1186/1186 1200/1200 1199/1199
f 1187/1187 1188/1188 1201/1201
f 1187/1187 1201/1201 1200/1200
f 1188/1188 1189/1189 1202/1202
f 1188/1188 1202/1202 1201/1201
f 1189/1189 1190/1190 1203/1203
f 1189/1189 1203/1203 1202/1202
f 1190/1190 1191/1191 1204/1204
f 1190/1190 1204/1204 1203/1203
f 1191/1191 1192/1192 1205/1205
f 1191/1191 1205/1205 1204/1204
f 1192/1192 1193/1193 1206/1206
f 1192/1192 1206/1206 1205/1205
f 1193/1193 1194/1194 1207/1207
f 1193/1193 1207/1207 1206/1206
f 1194/1194 1195/1195 1208/1208
f 1194/1194 1208/1208 1207/1207
f 1195/1195 1196/1196 1209/1209
f 1195/1195 1209/1209 1208/1208
f 1196/1196 1197/1197 1210/1210
f 1196/1196 1210/1210 1209/1209
f 1197/1197 1198/1198 1211/1211
f 1197/1197 1211/1211 1210/1210
f 1199/1199 1200/1200 1213/1213
f 1199/1199 1213/1213 1212/1212
f 1200/1200 1201/1201 1214/1214
f 1200/1200 1214/1214 1213/1213
f 1201/1201 1202/1202 1215/1215
f 1201/1201 1215/1215 1214/1214
f 1202/1202 1203/1203 1216/1216
f 1202/1202 1216/1216 1215/1215
f 1203/1203 1204/1204 1217/1217
f 1203/1203 1217/1217 1216/1216
f 1204/1204 1205/1205 1218/1218
f 1204/1204 1218/1218 1217/1217
f 1205/1205 1206/1206 1219/1219
f 1205/1205 1219/1219 1218/1218
f 1206/1206 1207/1207 1220/1220
f 1206/1206 1220/1220 1219/1219
f 1207/1207 1208/1208 1221/1221
f 1207/1207 1221/1221 1220/1220
f 1208/1208 1209/1209 1222/1222
f 1208/1208 1222/1222 1221/1221
f 1209/1209 1210/1210 1223/1223
f 1209/1209 1223/1223 1222/1222
f 1210/1210 1211/1211 1224/1224
f 1210/1210 1224/1224 1223/1223
