# https://github.com/mikedh/trimesh
v 0.02800000 0.00000000 -0.05750000
v 0.02786517 0.00274448 -0.05750000
v 0.02746199 0.00546253 -0.05750000
v 0.02679433 0.00812797 -0.05750000
v 0.02586863 0.01071514 -0.05750000
v 0.02469380 0.01319911 -0.05750000
v 0.02328115 0.01555597 -0.05750000
v 0.02164429 0.01776301 -0.05750000
v 0.01979899 0.01979899 -0.05750000
v 0.01776301 0.02164429 -0.05750000
v 0.01555597 0.02328115 -0.05750000
v 0.01319911 0.02469380 -0.05750000
v 0.01071514 0.02586863 -0.05750000
v 0.00812797 0.02679433 -0.05750000
v 0.00546253 0.02746199 -0.05750000
v 0.00274448 0.02786517 -0.05750000
v 0.00000000 0.02800000 -0.05750000
v -0.00274448 0.02786517 -0.05750000
v -0.00546253 0.02746199 -0.05750000
v -0.00812797 0.02679433 -0.05750000
v -0.01071514 0.02586863 -0.05750000
v -0.01319911 0.02469380 -0.05750000
v -0.01555597 0.02328115 -0.05750000
v -0.01776301 0.02164429 -0.05750000
v -0.01979899 0.01979899 -0.05750000
v -0.02164429 0.01776301 -0.05750000
v -0.02328115 0.01555597 -0.05750000
v -0.02469380 0.01319911 -0.05750000
v -0.02586863 0.01071514 -0.05750000
v -0.02679433 0.00812797 -0.05750000
v -0.02746199 0.00546253 -0.05750000
v -0.02786517 0.00274448 -0.05750000
v -0.02800000 0.00000000 -0.05750000
v -0.02786517 -0.00274448 -0.05750000
v -0.02746199 -0.00546253 -0.05750000
v -0.02679433 -0.00812797 -0.05750000
v -0.02586863 -0.01071514 -0.05750000
v -0.02469380 -0.01319911 -0.05750000
v -0.02328115 -0.01555597 -0.05750000
v -0.02164429 -0.01776301 -0.05750000
v -0.01979899 -0.01979899 -0.05750000
v -0.01776301 -0.02164429 -0.05750000
v -0.01555597 -0.02328115 -0.05750000
v -0.01319911 -0.02469380 -0.05750000
v -0.01071514 -0.02586863 -0.05750000
v -0.00812797 -0.02679433 -0.05750000
v -0.00546253 -0.02746199 -0.05750000
v -0.00274448 -0.02786517 -0.05750000
v -0.00000000 -0.02800000 -0.05750000
v 0.00274448 -0.02786517 -0.05750000
v 0.00546253 -0.02746199 -0.05750000
v 0.00812797 -0.02679433 -0.05750000
v 0.01071514 -0.02586863 -0.05750000
v 0.01319911 -0.02469380 -0.05750000
v 0.01555597 -0.02328115 -0.05750000
v 0.01776301 -0.02164429 -0.05750000
v 0.01979899 -0.01979899 -0.05750000
v 0.02164429 -0.01776301 -0.05750000
v 0.02328115 -0.01555597 -0.05750000
v 0.02469380 -0.01319911 -0.05750000
v 0.02586863 -0.01071514 -0.05750000
v 0.02679433 -0.00812797 -0.05750000
v 0.02746199 -0.00546253 -0.05750000
v 0.02786517 -0.00274448 -0.05750000
v 0.02800000 -0.00000000 -0.05750000
v 0.03200000 0.00000000 -0.05550000
v 0.03184591 0.00313655 -0.05550000
v 0.03138513 0.00624289 -0.05550000
v 0.03062209 0.00928911 -0.05550000
v 0.02956415 0.01224587 -0.05550000
v 0.02822148 0.01508470 -0.05550000
v 0.02660703 0.01777825 -0.05550000
v 0.02473633 0.02030059 -0.05550000
v 0.02262742 0.02262742 -0.05550000
v 0.02030059 0.02473633 -0.05550000
v 0.01777825 0.02660703 -0.05550000
v 0.01508470 0.02822148 -0.05550000
v 0.01224587 0.02956415 -0.05550000
v 0.00928911 0.03062209 -0.05550000
v 0.00624289 0.03138513 -0.05550000
v 0.00313655 0.03184591 -0.05550000
v 0.00000000 0.03200000 -0.05550000
v -0.00313655 0.03184591 -0.05550000
v -0.00624289 0.03138513 -0.05550000
v -0.00928911 0.03062209 -0.05550000
v -0.01224587 0.02956415 -0.05550000
v -0.01508470 0.02822148 -0.05550000
v -0.01777825 0.02660703 -0.05550000
v -0.02030059 0.02473633 -0.05550000
v -0.02262742 0.02262742 -0.05550000
v -0.02473633 0.02030059 -0.05550000
v -0.02660703 0.01777825 -0.05550000
v -0.02822148 0.01508470 -0.05550000
v -0.02956415 0.01224587 -0.05550000
v -0.03062209 0.00928911 -0.05550000
v -0.03138513 0.00624289 -0.05550000
v -0.03184591 0.00313655 -0.05550000
v -0.03200000 0.00000000 -0.05550000
v -0.03184591 -0.00313655 -0.05550000
v -0.03138513 -0.00624289 -0.05550000
v -0.03062209 -0.00928911 -0.05550000
v -0.02956415 -0.01224587 -0.05550000
v -0.02822148 -0.01508470 -0.05550000
v -0.02660703 -0.01777825 -0.05550000
v -0.02473633 -0.02030059 -0.05550000
v -0.02262742 -0.02262742 -0.05550000
v -0.02030059 -0.02473633 -0.05550000
v -0.01777825 -0.02660703 -0.05550000
v -0.01508470 -0.02822148 -0.05550000
v -0.01224587 -0.02956415 -0.05550000
v -0.00928911 -0.03062209 -0.05550000
v -0.00624289 -0.03138513 -0.05550000
v -0.00313655 -0.03184591 -0.05550000
v -0.00000000 -0.03200000 -0.05550000
v 0.00313655 -0.03184591 -0.05550000
v 0.00624289 -0.03138513 -0.05550000
v 0.00928911 -0.03062209 -0.05550000
v 0.01224587 -0.02956415 -0.05550000
v 0.01508470 -0.02822148 -0.05550000
v 0.01777825 -0.02660703 -0.05550000
v 0.02030059 -0.02473633 -0.05550000
v 0.02262742 -0.02262742 -0.05550000
v 0.02473633 -0.02030059 -0.05550000
v 0.02660703 -0.01777825 -0.05550000
v 0.02822148 -0.01508470 -0.05550000
v 0.02956415 -0.01224587 -0.05550000
v 0.03062209 -0.00928911 -0.05550000
v 0.03138513 -0.00624289 -0.05550000
v 0.03184591 -0.00313655 -0.05550000
v 0.03200000 -0.00000000 -0.05550000
v 0.03300000 0.00000000 -0.05200000
v 0.03284110 0.00323457 -0.05200000
v 0.03236591 0.00643798 -0.05200000
v 0.03157903 0.00957939 -0.05200000
v 0.03048802 0.01262855 -0.05200000
v 0.02910340 0.01555609 -0.05200000
v 0.02743850 0.01833382 -0.05200000
v 0.02550934 0.02093498 -0.05200000
v 0.02333452 0.02333452 -0.05200000
v 0.02093498 0.02550934 -0.05200000
v 0.01833382 0.02743850 -0.05200000
v 0.01555609 0.02910340 -0.05200000
v 0.01262855 0.03048802 -0.05200000
v 0.00957939 0.03157903 -0.05200000
v 0.00643798 0.03236591 -0.05200000
v 0.00323457 0.03284110 -0.05200000
v 0.00000000 0.03300000 -0.05200000
v -0.00323457 0.03284110 -0.05200000
v -0.00643798 0.03236591 -0.05200000
v -0.00957939 0.03157903 -0.05200000
v -0.01262855 0.03048802 -0.05200000
v -0.01555609 0.02910340 -0.05200000
v -0.01833382 0.02743850 -0.05200000
v -0.02093498 0.02550934 -0.05200000
v -0.02333452 0.02333452 -0.05200000
v -0.02550934 0.02093498 -0.05200000
v -0.02743850 0.01833382 -0.05200000
v -0.02910340 0.01555609 -0.05200000
v -0.03048802 0.01262855 -0.05200000
v -0.03157903 0.00957939 -0.05200000
v -0.03236591 0.00643798 -0.05200000
v -0.03284110 0.00323457 -0.05200000
v -0.03300000 0.00000000 -0.05200000
v -0.03284110 -0.00323457 -0.05200000
v -0.03236591 -0.00643798 -0.05200000
v -0.03157903 -0.00957939 -0.05200000
v -0.03048802 -0.01262855 -0.05200000
v -0.02910340 -0.01555609 -0.05200000
v -0.02743850 -0.01833382 -0.05200000
v -0.02550934 -0.02093498 -0.05200000
v -0.02333452 -0.02333452 -0.05200000
v -0.02093498 -0.02550934 -0.05200000
v -0.01833382 -0.02743850 -0.05200000
v -0.01555609 -0.02910340 -0.05200000
v -0.01262855 -0.03048802 -0.05200000
v -0.00957939 -0.03157903 -0.05200000
v -0.00643798 -0.03236591 -0.05200000
v -0.00323457 -0.03284110 -0.05200000
v -0.00000000 -0.03300000 -0.05200000
v 0.00323457 -0.03284110 -0.05200000
v 0.00643798 -0.03236591 -0.05200000
v 0.00957939 -0.03157903 -0.05200000
v 0.01262855 -0.03048802 -0.05200000
v 0.01555609 -0.02910340 -0.05200000
v 0.01833382 -0.02743850 -0.05200000
v 0.02093498 -0.02550934 -0.05200000
v 0.02333452 -0.02333452 -0.05200000
v 0.02550934 -0.02093498 -0.05200000
v 0.02743850 -0.01833382 -0.05200000
v 0.02910340 -0.01555609 -0.05200000
v 0.03048802 -0.01262855 -0.05200000
v 0.03157903 -0.00957939 -0.05200000
v 0.03236591 -0.00643798 -0.05200000
v 0.03284110 -0.00323457 -0.05200000
v 0.03300000 -0.00000000 -0.05200000
v 0.03300000 0.00000000 0.04300000
v 0.03284110 0.00323457 0.04300000
v 0.03236591 0.00643798 0.04300000
v 0.03157903 0.00957939 0.04300000
v 0.03048802 0.01262855 0.04300000
v 0.02910340 0.01555609 0.04300000
v 0.02743850 0.01833382 0.04300000
v 0.02550934 0.02093498 0.04300000
v 0.02333452 0.02333452 0.04300000
v 0.02093498 0.02550934 0.04300000
v 0.01833382 0.02743850 0.04300000
v 0.01555609 0.02910340 0.04300000
v 0.01262855 0.03048802 0.04300000
v 0.00957939 0.03157903 0.04300000
v 0.00643798 0.03236591 0.04300000
v 0.00323457 0.03284110 0.04300000
v 0.00000000 0.03300000 0.04300000
v -0.00323457 0.03284110 0.04300000
v -0.00643798 0.03236591 0.04300000
v -0.00957939 0.03157903 0.04300000
v -0.01262855 0.03048802 0.04300000
v -0.01555609 0.02910340 0.04300000
v -0.01833382 0.02743850 0.04300000
v -0.02093498 0.02550934 0.04300000
v -0.02333452 0.02333452 0.04300000
v -0.02550934 0.02093498 0.04300000
v -0.02743850 0.01833382 0.04300000
v -0.02910340 0.01555609 0.04300000
v -0.03048802 0.01262855 0.04300000
v -0.03157903 0.00957939 0.04300000
v -0.03236591 0.00643798 0.04300000
v -0.03284110 0.00323457 0.04300000
v -0.03300000 0.00000000 0.04300000
v -0.03284110 -0.00323457 0.04300000
v -0.03236591 -0.00643798 0.04300000
v -0.03157903 -0.00957939 0.04300000
v -0.03048802 -0.01262855 0.04300000
v -0.02910340 -0.01555609 0.04300000
v -0.02743850 -0.01833382 0.04300000
v -0.02550934 -0.02093498 0.04300000
v -0.02333452 -0.02333452 0.04300000
v -0.02093498 -0.02550934 0.04300000
v -0.01833382 -0.02743850 0.04300000
v -0.01555609 -0.02910340 0.04300000
v -0.01262855 -0.03048802 0.04300000
v -0.00957939 -0.03157903 0.04300000
v -0.00643798 -0.03236591 0.04300000
v -0.00323457 -0.03284110 0.04300000
v -0.00000000 -0.03300000 0.04300000
v 0.00323457 -0.03284110 0.04300000
v 0.00643798 -0.03236591 0.04300000
v 0.00957939 -0.03157903 0.04300000
v 0.01262855 -0.03048802 0.04300000
v 0.01555609 -0.02910340 0.04300000
v 0.01833382 -0.02743850 0.04300000
v 0.02093498 -0.02550934 0.04300000
v 0.02333452 -0.02333452 0.04300000
v 0.02550934 -0.02093498 0.04300000
v 0.02743850 -0.01833382 0.04300000
v 0.02910340 -0.01555609 0.04300000
v 0.03048802 -0.01262855 0.04300000
v 0.03157903 -0.00957939 0.04300000
v 0.03236591 -0.00643798 0.04300000
v 0.03284110 -0.00323457 0.04300000
v 0.03300000 -0.00000000 0.04300000
v 0.02900000 0.00000000 0.05100000
v 0.02886036 0.00284250 0.05100000
v 0.02844277 0.00565762 0.05100000
v 0.02775127 0.00841826 0.05100000
v 0.02679251 0.01109782 0.05100000
v 0.02557572 0.01367051 0.05100000
v 0.02411262 0.01611154 0.05100000
v 0.02241730 0.01839741 0.05100000
v 0.02050610 0.02050610 0.05100000
v 0.01839741 0.02241730 0.05100000
v 0.01611154 0.02411262 0.05100000
v 0.01367051 0.02557572 0.05100000
v 0.01109782 0.02679251 0.05100000
v 0.00841826 0.02775127 0.05100000
v 0.00565762 0.02844277 0.05100000
v 0.00284250 0.02886036 0.05100000
v 0.00000000 0.02900000 0.05100000
v -0.00284250 0.02886036 0.05100000
v -0.00565762 0.02844277 0.05100000
v -0.00841826 0.02775127 0.05100000
v -0.01109782 0.02679251 0.05100000
v -0.01367051 0.02557572 0.05100000
v -0.01611154 0.02411262 0.05100000
v -0.01839741 0.02241730 0.05100000
v -0.02050610 0.02050610 0.05100000
v -0.02241730 0.01839741 0.05100000
v -0.02411262 0.01611154 0.05100000
v -0.02557572 0.01367051 0.05100000
v -0.02679251 0.01109782 0.05100000
v -0.02775127 0.00841826 0.05100000
v -0.02844277 0.00565762 0.05100000
v -0.02886036 0.00284250 0.05100000
v -0.02900000 0.00000000 0.05100000
v -0.02886036 -0.00284250 0.05100000
v -0.02844277 -0.00565762 0.05100000
v -0.02775127 -0.00841826 0.05100000
v -0.02679251 -0.01109782 0.05100000
v -0.02557572 -0.01367051 0.05100000
v -0.02411262 -0.01611154 0.05100000
v -0.02241730 -0.01839741 0.05100000
v -0.02050610 -0.02050610 0.05100000
v -0.01839741 -0.02241730 0.05100000
v -0.01611154 -0.02411262 0.05100000
v -0.01367051 -0.02557572 0.05100000
v -0.01109782 -0.02679251 0.05100000
v -0.00841826 -0.02775127 0.05100000
v -0.00565762 -0.02844277 0.05100000
v -0.00284250 -0.02886036 0.05100000
v -0.00000000 -0.02900000 0.05100000
v 0.00284250 -0.02886036 0.05100000
v 0.00565762 -0.02844277 0.05100000
v 0.00841826 -0.02775127 0.05100000
v 0.01109782 -0.02679251 0.05100000
v 0.01367051 -0.02557572 0.05100000
v 0.01611154 -0.02411262 0.05100000
v 0.01839741 -0.02241730 0.05100000
v 0.02050610 -0.02050610 0.05100000
v 0.02241730 -0.01839741 0.05100000
v 0.02411262 -0.01611154 0.05100000
v 0.02557572 -0.01367051 0.05100000
v 0.02679251 -0.01109782 0.05100000
v 0.02775127 -0.00841826 0.05100000
v 0.02844277 -0.00565762 0.05100000
v 0.02886036 -0.00284250 0.05100000
v 0.02900000 -0.00000000 0.05100000
v 0.02900000 0.00000000 0.05500000
v 0.02886036 0.00284250 0.05500000
v 0.02844277 0.00565762 0.05500000
v 0.02775127 0.00841826 0.05500000
v 0.02679251 0.01109782 0.05500000
v 0.02557572 0.01367051 0.05500000
v 0.02411262 0.01611154 0.05500000
v 0.02241730 0.01839741 0.05500000
v 0.02050610 0.02050610 0.05500000
v 0.01839741 0.02241730 0.05500000
v 0.01611154 0.02411262 0.05500000
v 0.01367051 0.02557572 0.05500000
v 0.01109782 0.02679251 0.05500000
v 0.00841826 0.02775127 0.05500000
v 0.00565762 0.02844277 0.05500000
v 0.00284250 0.02886036 0.05500000
v 0.00000000 0.02900000 0.05500000
v -0.00284250 0.02886036 0.05500000
v -0.00565762 0.02844277 0.05500000
v -0.00841826 0.02775127 0.05500000
v -0.01109782 0.02679251 0.05500000
v -0.01367051 0.02557572 0.05500000
v -0.01611154 0.02411262 0.05500000
v -0.01839741 0.02241730 0.05500000
v -0.02050610 0.02050610 0.05500000
v -0.02241730 0.01839741 0.05500000
v -0.02411262 0.01611154 0.05500000
v -0.02557572 0.01367051 0.05500000
v -0.02679251 0.01109782 0.05500000
v -0.02775127 0.00841826 0.05500000
v -0.02844277 0.00565762 0.05500000
v -0.02886036 0.00284250 0.05500000
v -0.02900000 0.00000000 0.05500000
v -0.02886036 -0.00284250 0.05500000
v -0.02844277 -0.00565762 0.05500000
v -0.02775127 -0.00841826 0.05500000
v -0.02679251 -0.01109782 0.05500000
v -0.02557572 -0.01367051 0.05500000
v -0.02411262 -0.01611154 0.05500000
v -0.02241730 -0.01839741 0.05500000
v -0.02050610 -0.02050610 0.05500000
v -0.01839741 -0.02241730 0.05500000
v -0.01611154 -0.02411262 0.05500000
v -0.01367051 -0.02557572 0.05500000
v -0.01109782 -0.02679251 0.05500000
v -0.00841826 -0.02775127 0.05500000
v -0.00565762 -0.02844277 0.05500000
v -0.00284250 -0.02886036 0.05500000
v -0.00000000 -0.02900000 0.05500000
v 0.00284250 -0.02886036 0.05500000
v 0.00565762 -0.02844277 0.05500000
v 0.00841826 -0.02775127 0.05500000
v 0.01109782 -0.02679251 0.05500000
v 0.01367051 -0.02557572 0.05500000
v 0.01611154 -0.02411262 0.05500000
v 0.01839741 -0.02241730 0.05500000
v 0.02050610 -0.02050610 0.05500000
v 0.02241730 -0.01839741 0.05500000
v 0.02411262 -0.01611154 0.05500000
v 0.02557572 -0.01367051 0.05500000
v 0.02679251 -0.01109782 0.05500000
v 0.02775127 -0.00841826 0.05500000
v 0.02844277 -0.00565762 0.05500000
v 0.02886036 -0.00284250 0.05500000
v 0.02900000 -0.00000000 0.05500000
v 0.00000000 0.00000000 -0.05750000
v 0.00000000 0.00000000 0.05500000
v 0.03310000 0.00000000 -0.04900000
v 0.03294061 0.00324437 -0.04900000
v 0.03246399 0.00645749 -0.04900000
v 0.03167473 0.00960842 -0.04900000
v 0.03058041 0.01266682 -0.04900000
v 0.02919159 0.01560323 -0.04900000
v 0.02752164 0.01838937 -0.04900000
v 0.02558665 0.02099842 -0.04900000
v 0.02340523 0.02340523 -0.04900000
v 0.02099842 0.02558665 -0.04900000
v 0.01838937 0.02752164 -0.04900000
v 0.01560323 0.02919159 -0.04900000
v 0.01266682 0.03058041 -0.04900000
v 0.00960842 0.03167473 -0.04900000
v 0.00645749 0.03246399 -0.04900000
v 0.00324437 0.03294061 -0.04900000
v 0.00000000 0.03310000 -0.04900000
v -0.00324437 0.03294061 -0.04900000
v -0.00645749 0.03246399 -0.04900000
v -0.00960842 0.03167473 -0.04900000
v -0.01266682 0.03058041 -0.04900000
v -0.01560323 0.02919159 -0.04900000
v -0.01838937 0.02752164 -0.04900000
v -0.02099842 0.02558665 -0.04900000
v -0.02340523 0.02340523 -0.04900000
v -0.02558665 0.02099842 -0.04900000
v -0.02752164 0.01838937 -0.04900000
v -0.02919159 0.01560323 -0.04900000
v -0.03058041 0.01266682 -0.04900000
v -0.03167473 0.00960842 -0.04900000
v -0.03246399 0.00645749 -0.04900000
v -0.03294061 0.00324437 -0.04900000
v -0.03310000 0.00000000 -0.04900000
v -0.03294061 -0.00324437 -0.04900000
v -0.03246399 -0.00645749 -0.04900000
v -0.03167473 -0.00960842 -0.04900000
v -0.03058041 -0.01266682 -0.04900000
v -0.02919159 -0.01560323 -0.04900000
v -0.02752164 -0.01838937 -0.04900000
v -0.02558665 -0.02099842 -0.04900000
v -0.02340523 -0.02340523 -0.04900000
v -0.02099842 -0.02558665 -0.04900000
v -0.01838937 -0.02752164 -0.04900000
v -0.01560323 -0.02919159 -0.04900000
v -0.01266682 -0.03058041 -0.04900000
v -0.00960842 -0.03167473 -0.04900000
v -0.00645749 -0.03246399 -0.04900000
v -0.00324437 -0.03294061 -0.04900000
v -0.00000000 -0.03310000 -0.04900000
v 0.00324437 -0.03294061 -0.04900000
v 0.00645749 -0.03246399 -0.04900000
v 0.00960842 -0.03167473 -0.04900000
v 0.01266682 -0.03058041 -0.04900000
v 0.01560323 -0.02919159 -0.04900000
v 0.01838937 -0.02752164 -0.04900000
v 0.02099842 -0.02558665 -0.04900000
v 0.02340523 -0.02340523 -0.04900000
v 0.02558665 -0.02099842 -0.04900000
v 0.02752164 -0.01838937 -0.04900000
v 0.02919159 -0.01560323 -0.04900000
v 0.03058041 -0.01266682 -0.04900000
v 0.03167473 -0.00960842 -0.04900000
v 0.03246399 -0.00645749 -0.04900000
v 0.03294061 -0.00324437 -0.04900000
v 0.03310000 -0.00000000 -0.04900000
v 0.03310000 0.00000000 0.04100000
v 0.03294061 0.00324437 0.04100000
v 0.03246399 0.00645749 0.04100000
v 0.03167473 0.00960842 0.04100000
v 0.03058041 0.01266682 0.04100000
v 0.02919159 0.01560323 0.04100000
v 0.02752164 0.01838937 0.04100000
v 0.02558665 0.02099842 0.04100000
v 0.02340523 0.02340523 0.04100000
v 0.02099842 0.02558665 0.04100000
v 0.01838937 0.02752164 0.04100000
v 0.01560323 0.02919159 0.04100000
v 0.01266682 0.03058041 0.04100000
v 0.00960842 0.03167473 0.04100000
v 0.00645749 0.03246399 0.04100000
v 0.00324437 0.03294061 0.04100000
v 0.00000000 0.03310000 0.04100000
v -0.00324437 0.03294061 0.04100000
v -0.00645749 0.03246399 0.04100000
v -0.00960842 0.03167473 0.04100000
v -0.01266682 0.03058041 0.04100000
v -0.01560323 0.02919159 0.04100000
v -0.01838937 0.02752164 0.04100000
v -0.02099842 0.02558665 0.04100000
v -0.02340523 0.02340523 0.04100000
v -0.02558665 0.02099842 0.04100000
v -0.02752164 0.01838937 0.04100000
v -0.02919159 0.01560323 0.04100000
v -0.03058041 0.01266682 0.04100000
v -0.03167473 0.00960842 0.04100000
v -0.03246399 0.00645749 0.04100000
v -0.03294061 0.00324437 0.04100000
v -0.03310000 0.00000000 0.04100000
v -0.03294061 -0.00324437 0.04100000
v -0.03246399 -0.00645749 0.04100000
v -0.03167473 -0.00960842 0.04100000
v -0.03058041 -0.01266682 0.04100000
v -0.02919159 -0.01560323 0.04100000
v -0.02752164 -0.01838937 0.04100000
v -0.02558665 -0.02099842 0.04100000
v -0.02340523 -0.02340523 0.04100000
v -0.02099842 -0.02558665 0.04100000
v -0.01838937 -0.02752164 0.04100000
v -0.01560323 -0.02919159 0.04100000
v -0.01266682 -0.03058041 0.04100000
v -0.00960842 -0.03167473 0.04100000
v -0.00645749 -0.03246399 0.04100000
v -0.00324437 -0.03294061 0.04100000
v -0.00000000 -0.03310000 0.04100000
v 0.00324437 -0.03294061 0.04100000
v 0.00645749 -0.03246399 0.04100000
v 0.00960842 -0.03167473 0.04100000
v 0.01266682 -0.03058041 0.04100000
v 0.01560323 -0.02919159 0.04100000
v 0.01838937 -0.02752164 0.04100000
v 0.02099842 -0.02558665 0.04100000
v 0.02340523 -0.02340523 0.04100000
v 0.02558665 -0.02099842 0.04100000
v 0.02752164 -0.01838937 0.04100000
v 0.02919159 -0.01560323 0.04100000
v 0.03058041 -0.01266682 0.04100000
v 0.03167473 -0.00960842 0.04100000
v 0.03246399 -0.00645749 0.04100000
v 0.03294061 -0.00324437 0.04100000
v 0.03310000 -0.00000000 0.04100000
v 0.02900000 0.00000000 0.05100000
v 0.02886036 0.00284250 0.05100000
v 0.02844277 0.00565762 0.05100000
v 0.02775127 0.00841826 0.05100000
v 0.02679251 0.01109782 0.05100000
v 0.02557572 0.01367051 0.05100000
v 0.02411262 0.01611154 0.05100000
v 0.02241730 0.01839741 0.05100000
v 0.02050610 0.02050610 0.05100000
v 0.01839741 0.02241730 0.05100000
v 0.01611154 0.02411262 0.05100000
v 0.01367051 0.02557572 0.05100000
v 0.01109782 0.02679251 0.05100000
v 0.00841826 0.02775127 0.05100000
v 0.00565762 0.02844277 0.05100000
v 0.00284250 0.02886036 0.05100000
v 0.00000000 0.02900000 0.05100000
v -0.00284250 0.02886036 0.05100000
v -0.00565762 0.02844277 0.05100000
v -0.00841826 0.02775127 0.05100000
v -0.01109782 0.02679251 0.05100000
v -0.01367051 0.02557572 0.05100000
v -0.01611154 0.02411262 0.05100000
v -0.01839741 0.02241730 0.05100000
v -0.02050610 0.02050610 0.05100000
v -0.02241730 0.01839741 0.05100000
v -0.02411262 0.01611154 0.05100000
v -0.02557572 0.01367051 0.05100000
v -0.02679251 0.01109782 0.05100000
v -0.02775127 0.00841826 0.05100000
v -0.02844277 0.00565762 0.05100000
v -0.02886036 0.00284250 0.05100000
v -0.02900000 0.00000000 0.05100000
v -0.02886036 -0.00284250 0.05100000
v -0.02844277 -0.00565762 0.05100000
v -0.02775127 -0.00841826 0.05100000
v -0.02679251 -0.01109782 0.05100000
v -0.02557572 -0.01367051 0.05100000
v -0.02411262 -0.01611154 0.05100000
v -0.02241730 -0.01839741 0.05100000
v -0.02050610 -0.02050610 0.05100000
v -0.01839741 -0.02241730 0.05100000
v -0.01611154 -0.02411262 0.05100000
v -0.01367051 -0.02557572 0.05100000
v -0.01109782 -0.02679251 0.05100000
v -0.00841826 -0.02775127 0.05100000
v -0.00565762 -0.02844277 0.05100000
v -0.00284250 -0.02886036 0.05100000
v -0.00000000 -0.02900000 0.05100000
v 0.00284250 -0.02886036 0.05100000
v 0.00565762 -0.02844277 0.05100000
v 0.00841826 -0.02775127 0.05100000
v 0.01109782 -0.02679251 0.05100000
v 0.01367051 -0.02557572 0.05100000
v 0.01611154 -0.02411262 0.05100000
v 0.01839741 -0.02241730 0.05100000
v 0.02050610 -0.02050610 0.05100000
v 0.02241730 -0.01839741 0.05100000
v 0.02411262 -0.01611154 0.05100000
v 0.02557572 -0.01367051 0.05100000
v 0.02679251 -0.01109782 0.05100000
v 0.02775127 -0.00841826 0.05100000
v 0.02844277 -0.00565762 0.05100000
v 0.02886036 -0.00284250 0.05100000
v 0.02900000 -0.00000000 0.05100000
v 0.03050000 0.00000000 0.05300000
v 0.03035313 0.00298952 0.05300000
v 0.02991395 0.00595025 0.05300000
v 0.02918668 0.00885368 0.05300000
v 0.02817833 0.01167184 0.05300000
v 0.02689860 0.01437760 0.05300000
v 0.02535982 0.01694489 0.05300000
v 0.02357682 0.01934900 0.05300000
v 0.02156676 0.02156676 0.05300000
v 0.01934900 0.02357682 0.05300000
v 0.01694489 0.02535982 0.05300000
v 0.01437760 0.02689860 0.05300000
v 0.01167184 0.02817833 0.05300000
v 0.00885368 0.02918668 0.05300000
v 0.00595025 0.02991395 0.05300000
v 0.00298952 0.03035313 0.05300000
v 0.00000000 0.03050000 0.05300000
v -0.00298952 0.03035313 0.05300000
v -0.00595025 0.02991395 0.05300000
v -0.00885368 0.02918668 0.05300000
v -0.01167184 0.02817833 0.05300000
v -0.01437760 0.02689860 0.05300000
v -0.01694489 0.02535982 0.05300000
v -0.01934900 0.02357682 0.05300000
v -0.02156676 0.02156676 0.05300000
v -0.02357682 0.01934900 0.05300000
v -0.02535982 0.01694489 0.05300000
v -0.02689860 0.01437760 0.05300000
v -0.02817833 0.01167184 0.05300000
v -0.02918668 0.00885368 0.05300000
v -0.02991395 0.00595025 0.05300000
v -0.03035313 0.00298952 0.05300000
v -0.03050000 0.00000000 0.05300000
v -0.03035313 -0.00298952 0.05300000
v -0.02991395 -0.00595025 0.05300000
v -0.02918668 -0.00885368 0.05300000
v -0.02817833 -0.01167184 0.05300000
v -0.02689860 -0.01437760 0.05300000
v -0.02535982 -0.01694489 0.05300000
v -0.02357682 -0.01934900 0.05300000
v -0.02156676 -0.02156676 0.05300000
v -0.01934900 -0.02357682 0.05300000
v -0.01694489 -0.02535982 0.05300000
v -0.01437760 -0.02689860 0.05300000
v -0.01167184 -0.02817833 0.05300000
v -0.00885368 -0.02918668 0.05300000
v -0.00595025 -0.02991395 0.05300000
v -0.00298952 -0.03035313 0.05300000
v -0.00000000 -0.03050000 0.05300000
v 0.00298952 -0.03035313 0.05300000
v 0.00595025 -0.02991395 0.05300000
v 0.00885368 -0.02918668 0.05300000
v 0.01167184 -0.02817833 0.05300000
v 0.01437760 -0.02689860 0.05300000
v 0.01694489 -0.02535982 0.05300000
v 0.01934900 -0.02357682 0.05300000
v 0.02156676 -0.02156676 0.05300000
v 0.02357682 -0.01934900 0.05300000
v 0.02535982 -0.01694489 0.05300000
v 0.02689860 -0.01437760 0.05300000
v 0.02817833 -0.01167184 0.05300000
v 0.02918668 -0.00885368 0.05300000
v 0.02991395 -0.00595025 0.05300000
v 0.03035313 -0.00298952 0.05300000
v 0.03050000 -0.00000000 0.05300000
v 0.03050000 0.00000000 0.05600000
v 0.03035313 0.00298952 0.05600000
v 0.02991395 0.00595025 0.05600000
v 0.02918668 0.00885368 0.05600000
v 0.02817833 0.01167184 0.05600000
v 0.02689860 0.01437760 0.05600000
v 0.02535982 0.01694489 0.05600000
v 0.02357682 0.01934900 0.05600000
v 0.02156676 0.02156676 0.05600000
v 0.01934900 0.02357682 0.05600000
v 0.01694489 0.02535982 0.05600000
v 0.01437760 0.02689860 0.05600000
v 0.01167184 0.02817833 0.05600000
v 0.00885368 0.02918668 0.05600000
v 0.00595025 0.02991395 0.05600000
v 0.00298952 0.03035313 0.05600000
v 0.00000000 0.03050000 0.05600000
v -0.00298952 0.03035313 0.05600000
v -0.00595025 0.02991395 0.05600000
v -0.00885368 0.02918668 0.05600000
v -0.01167184 0.02817833 0.05600000
v -0.01437760 0.02689860 0.05600000
v -0.01694489 0.02535982 0.05600000
v -0.01934900 0.02357682 0.05600000
v -0.02156676 0.02156676 0.05600000
v -0.02357682 0.01934900 0.05600000
v -0.02535982 0.01694489 0.05600000
v -0.02689860 0.01437760 0.05600000
v -0.02817833 0.01167184 0.05600000
v -0.02918668 0.00885368 0.05600000
v -0.02991395 0.00595025 0.05600000
v -0.03035313 0.00298952 0.05600000
v -0.03050000 0.00000000 0.05600000
v -0.03035313 -0.00298952 0.05600000
v -0.02991395 -0.00595025 0.05600000
v -0.02918668 -0.00885368 0.05600000
v -0.02817833 -0.01167184 0.05600000
v -0.02689860 -0.01437760 0.05600000
v -0.02535982 -0.01694489 0.05600000
v -0.02357682 -0.01934900 0.05600000
v -0.02156676 -0.02156676 0.05600000
v -0.01934900 -0.02357682 0.05600000
v -0.01694489 -0.02535982 0.05600000
v -0.01437760 -0.02689860 0.05600000
v -0.01167184 -0.02817833 0.05600000
v -0.00885368 -0.02918668 0.05600000
v -0.00595025 -0.02991395 0.05600000
v -0.00298952 -0.03035313 0.05600000
v -0.00000000 -0.03050000 0.05600000
v 0.00298952 -0.03035313 0.05600000
v 0.00595025 -0.02991395 0.05600000
v 0.00885368 -0.02918668 0.05600000
v 0.01167184 -0.02817833 0.05600000
v 0.01437760 -0.02689860 0.05600000
v 0.01694489 -0.02535982 0.05600000
v 0.01934900 -0.02357682 0.05600000
v 0.02156676 -0.02156676 0.05600000
v 0.02357682 -0.01934900 0.05600000
v 0.02535982 -0.01694489 0.05600000
v 0.02689860 -0.01437760 0.05600000
v 0.02817833 -0.01167184 0.05600000
v 0.02918668 -0.00885368 0.05600000
v 0.02991395 -0.00595025 0.05600000
v 0.03035313 -0.00298952 0.05600000
v 0.03050000 -0.00000000 0.05600000
v 0.02850000 0.00000000 0.05750000
v 0.02836276 0.00279349 0.05750000
v 0.02795238 0.00556007 0.05750000
v 0.02727280 0.00827311 0.05750000
v 0.02633057 0.01090648 0.05750000
v 0.02513476 0.01343481 0.05750000
v 0.02369688 0.01583375 0.05750000
v 0.02203080 0.01808021 0.05750000
v 0.02015254 0.02015254 0.05750000
v 0.01808021 0.02203080 0.05750000
v 0.01583375 0.02369688 0.05750000
v 0.01343481 0.02513476 0.05750000
v 0.01090648 0.02633057 0.05750000
v 0.00827311 0.02727280 0.05750000
v 0.00556007 0.02795238 0.05750000
v 0.00279349 0.02836276 0.05750000
v 0.00000000 0.02850000 0.05750000
v -0.00279349 0.02836276 0.05750000
v -0.00556007 0.02795238 0.05750000
v -0.00827311 0.02727280 0.05750000
v -0.01090648 0.02633057 0.05750000
v -0.01343481 0.02513476 0.05750000
v -0.01583375 0.02369688 0.05750000
v -0.01808021 0.02203080 0.05750000
v -0.02015254 0.02015254 0.05750000
v -0.02203080 0.01808021 0.05750000
v -0.02369688 0.01583375 0.05750000
v -0.02513476 0.01343481 0.05750000
v -0.02633057 0.01090648 0.05750000
v -0.02727280 0.00827311 0.05750000
v -0.02795238 0.00556007 0.05750000
v -0.02836276 0.00279349 0.05750000
v -0.02850000 0.00000000 0.05750000
v -0.02836276 -0.00279349 0.05750000
v -0.02795238 -0.00556007 0.05750000
v -0.02727280 -0.00827311 0.05750000
v -0.02633057 -0.01090648 0.05750000
v -0.02513476 -0.01343481 0.05750000
v -0.02369688 -0.01583375 0.05750000
v -0.02203080 -0.01808021 0.05750000
v -0.02015254 -0.02015254 0.05750000
v -0.01808021 -0.02203080 0.05750000
v -0.01583375 -0.02369688 0.05750000
v -0.01343481 -0.02513476 0.05750000
v -0.01090648 -0.02633057 0.05750000
v -0.00827311 -0.02727280 0.05750000
v -0.00556007 -0.02795238 0.05750000
v -0.00279349 -0.02836276 0.05750000
v -0.00000000 -0.02850000 0.05750000
v 0.00279349 -0.02836276 0.05750000
v 0.00556007 -0.02795238 0.05750000
v 0.00827311 -0.02727280 0.05750000
v 0.01090648 -0.02633057 0.05750000
v 0.01343481 -0.02513476 0.05750000
v 0.01583375 -0.02369688 0.05750000
v 0.01808021 -0.02203080 0.05750000
v 0.02015254 -0.02015254 0.05750000
v 0.02203080 -0.01808021 0.05750000
v 0.02369688 -0.01583375 0.05750000
v 0.02513476 -0.01343481 0.05750000
v 0.02633057 -0.01090648 0.05750000
v 0.02727280 -0.00827311 0.05750000
v 0.02795238 -0.00556007 0.05750000
v 0.02836276 -0.00279349 0.05750000
v 0.02850000 -0.00000000 0.05750000
v 0.02700000 0.00000000 0.05500000
v 0.02686999 0.00264646 0.05500000
v 0.02648120 0.00526744 0.05500000
v 0.02583739 0.00783769 0.05500000
v 0.02494475 0.01033245 0.05500000
v 0.02381187 0.01272771 0.05500000
v 0.02244968 0.01500040 0.05500000
v 0.02087128 0.01712862 0.05500000
v 0.01909188 0.01909188 0.05500000
v 0.01712862 0.02087128 0.05500000
v 0.01500040 0.02244968 0.05500000
v 0.01272771 0.02381187 0.05500000
v 0.01033245 0.02494475 0.05500000
v 0.00783769 0.02583739 0.05500000
v 0.00526744 0.02648120 0.05500000
v 0.00264646 0.02686999 0.05500000
v 0.00000000 0.02700000 0.05500000
v -0.00264646 0.02686999 0.05500000
v -0.00526744 0.02648120 0.05500000
v -0.00783769 0.02583739 0.05500000
v -0.01033245 0.02494475 0.05500000
v -0.01272771 0.02381187 0.05500000
v -0.01500040 0.02244968 0.05500000
v -0.01712862 0.02087128 0.05500000
v -0.01909188 0.01909188 0.05500000
v -0.02087128 0.01712862 0.05500000
v -0.02244968 0.01500040 0.05500000
v -0.02381187 0.01272771 0.05500000
v -0.02494475 0.01033245 0.05500000
v -0.02583739 0.00783769 0.05500000
v -0.02648120 0.00526744 0.05500000
v -0.02686999 0.00264646 0.05500000
v -0.02700000 0.00000000 0.05500000
v -0.02686999 -0.00264646 0.05500000
v -0.02648120 -0.00526744 0.05500000
v -0.02583739 -0.00783769 0.05500000
v -0.02494475 -0.01033245 0.05500000
v -0.02381187 -0.01272771 0.05500000
v -0.02244968 -0.01500040 0.05500000
v -0.02087128 -0.01712862 0.05500000
v -0.01909188 -0.01909188 0.05500000
v -0.01712862 -0.02087128 0.05500000
v -0.01500040 -0.02244968 0.05500000
v -0.01272771 -0.02381187 0.05500000
v -0.01033245 -0.02494475 0.05500000
v -0.00783769 -0.02583739 0.05500000
v -0.00526744 -0.02648120 0.05500000
v -0.00264646 -0.02686999 0.05500000
v -0.00000000 -0.02700000 0.05500000
v 0.00264646 -0.02686999 0.05500000
v 0.00526744 -0.02648120 0.05500000
v 0.00783769 -0.02583739 0.05500000
v 0.01033245 -0.02494475 0.05500000
v 0.01272771 -0.02381187 0.05500000
v 0.01500040 -0.02244968 0.05500000
v 0.01712862 -0.02087128 0.05500000
v 0.01909188 -0.01909188 0.05500000
v 0.02087128 -0.01712862 0.05500000
v 0.02244968 -0.01500040 0.05500000
v 0.02381187 -0.01272771 0.05500000
v 0.02494475 -0.01033245 0.05500000
v 0.02583739 -0.00783769 0.05500000
v 0.02648120 -0.00526744 0.05500000
v 0.02686999 -0.00264646 0.05500000
v 0.02700000 -0.00000000 0.05500000
v 0.00000000 0.00000000 0.05100000
v 0.00000000 0.00000000 0.05500000
v 0.02650000 0.00000000 0.05380000
v 0.02637240 0.00259745 0.05380000
v 0.02599081 0.00516989 0.05380000
v 0.02535892 0.00769254 0.05380000
v 0.02448281 0.01014111 0.05380000
v 0.02337091 0.01249201 0.05380000
v 0.02203394 0.01472261 0.05380000
v 0.02048478 0.01681142 0.05380000
v 0.01873833 0.01873833 0.05380000
v 0.01681142 0.02048478 0.05380000
v 0.01472261 0.02203394 0.05380000
v 0.01249201 0.02337091 0.05380000
v 0.01014111 0.02448281 0.05380000
v 0.00769254 0.02535892 0.05380000
v 0.00516989 0.02599081 0.05380000
v 0.00259745 0.02637240 0.05380000
v 0.00000000 0.02650000 0.05380000
v -0.00259745 0.02637240 0.05380000
v -0.00516989 0.02599081 0.05380000
v -0.00769254 0.02535892 0.05380000
v -0.01014111 0.02448281 0.05380000
v -0.01249201 0.02337091 0.05380000
v -0.01472261 0.02203394 0.05380000
v -0.01681142 0.02048478 0.05380000
v -0.01873833 0.01873833 0.05380000
v -0.02048478 0.01681142 0.05380000
v -0.02203394 0.01472261 0.05380000
v -0.02337091 0.01249201 0.05380000
v -0.02448281 0.01014111 0.05380000
v -0.02535892 0.00769254 0.05380000
v -0.02599081 0.00516989 0.05380000
v -0.02637240 0.00259745 0.05380000
v -0.02650000 0.00000000 0.05380000
v -0.02637240 -0.00259745 0.05380000
v -0.02599081 -0.00516989 0.05380000
v -0.02535892 -0.00769254 0.05380000
v -0.02448281 -0.01014111 0.05380000
v -0.02337091 -0.01249201 0.05380000
v -0.02203394 -0.01472261 0.05380000
v -0.02048478 -0.01681142 0.05380000
v -0.01873833 -0.01873833 0.05380000
v -0.01681142 -0.02048478 0.05380000
v -0.01472261 -0.02203394 0.05380000
v -0.01249201 -0.02337091 0.05380000
v -0.01014111 -0.02448281 0.05380000
v -0.00769254 -0.02535892 0.05380000
v -0.00516989 -0.02599081 0.05380000
v -0.00259745 -0.02637240 0.05380000
v -0.00000000 -0.02650000 0.05380000
v 0.00259745 -0.02637240 0.05380000
v 0.00516989 -0.02599081 0.05380000
v 0.00769254 -0.02535892 0.05380000
v 0.01014111 -0.02448281 0.05380000
v 0.01249201 -0.02337091 0.05380000
v 0.01472261 -0.02203394 0.05380000
v 0.01681142 -0.02048478 0.05380000
v 0.01873833 -0.01873833 0.05380000
v 0.02048478 -0.01681142 0.05380000
v 0.02203394 -0.01472261 0.05380000
v 0.02337091 -0.01249201 0.05380000
v 0.02448281 -0.01014111 0.05380000
v 0.02535892 -0.00769254 0.05380000
v 0.02599081 -0.00516989 0.05380000
v 0.02637240 -0.00259745 0.05380000
v 0.02650000 -0.00000000 0.05380000
v 0.02650000 0.00000000 0.05400000
v 0.02637240 0.00259745 0.05400000
v 0.02599081 0.00516989 0.05400000
v 0.02535892 0.00769254 0.05400000
v 0.02448281 0.01014111 0.05400000
v 0.02337091 0.01249201 0.05400000
v 0.02203394 0.01472261 0.05400000
v 0.02048478 0.01681142 0.05400000
v 0.01873833 0.01873833 0.05400000
v 0.01681142 0.02048478 0.05400000
v 0.01472261 0.02203394 0.05400000
v 0.01249201 0.02337091 0.05400000
v 0.01014111 0.02448281 0.05400000
v 0.00769254 0.02535892 0.05400000
v 0.00516989 0.02599081 0.05400000
v 0.00259745 0.02637240 0.05400000
v 0.00000000 0.02650000 0.05400000
v -0.00259745 0.02637240 0.05400000
v -0.00516989 0.02599081 0.05400000
v -0.00769254 0.02535892 0.05400000
v -0.01014111 0.02448281 0.05400000
v -0.01249201 0.02337091 0.05400000
v -0.01472261 0.02203394 0.05400000
v -0.01681142 0.02048478 0.05400000
v -0.01873833 0.01873833 0.05400000
v -0.02048478 0.01681142 0.05400000
v -0.02203394 0.01472261 0.05400000
v -0.02337091 0.01249201 0.05400000
v -0.02448281 0.01014111 0.05400000
v -0.02535892 0.00769254 0.05400000
v -0.02599081 0.00516989 0.05400000
v -0.02637240 0.00259745 0.05400000
v -0.02650000 0.00000000 0.05400000
v -0.02637240 -0.00259745 0.05400000
v -0.02599081 -0.00516989 0.05400000
v -0.02535892 -0.00769254 0.05400000
v -0.02448281 -0.01014111 0.05400000
v -0.02337091 -0.01249201 0.05400000
v -0.02203394 -0.01472261 0.05400000
v -0.02048478 -0.01681142 0.05400000
v -0.01873833 -0.01873833 0.05400000
v -0.01681142 -0.02048478 0.05400000
v -0.01472261 -0.02203394 0.05400000
v -0.01249201 -0.02337091 0.05400000
v -0.01014111 -0.02448281 0.05400000
v -0.00769254 -0.02535892 0.05400000
v -0.00516989 -0.02599081 0.05400000
v -0.00259745 -0.02637240 0.05400000
v -0.00000000 -0.02650000 0.05400000
v 0.00259745 -0.02637240 0.05400000
v 0.00516989 -0.02599081 0.05400000
v 0.00769254 -0.02535892 0.05400000
v 0.01014111 -0.02448281 0.05400000
v 0.01249201 -0.02337091 0.05400000
v 0.01472261 -0.02203394 0.05400000
v 0.01681142 -0.02048478 0.05400000
v 0.01873833 -0.01873833 0.05400000
v 0.02048478 -0.01681142 0.05400000
v 0.02203394 -0.01472261 0.05400000
v 0.02337091 -0.01249201 0.05400000
v 0.02448281 -0.01014111 0.05400000
v 0.02535892 -0.00769254 0.05400000
v 0.02599081 -0.00516989 0.05400000
v 0.02637240 -0.00259745 0.05400000
v 0.02650000 -0.00000000 0.05400000
v 0.00000000 0.00000000 0.05380000
v 0.00000000 0.00000000 0.05400000
v 0.00780000 0.00000000 0.05500000
v 0.00755885 0.00000000 0.05410000
v 0.00690000 0.00000000 0.05344115
v 0.00600000 0.00000000 0.05320000
v 0.00510000 0.00000000 0.05344115
v 0.00444115 0.00000000 0.05410000
v 0.00420000 0.00000000 0.05500000
v 0.00444115 0.00000000 0.05590000
v 0.00510000 0.00000000 0.05655885
v 0.00600000 0.00000000 0.05680000
v 0.00690000 0.00000000 0.05655885
v 0.00755885 0.00000000 0.05590000
v 0.00780000 0.00000000 0.05500000
v 0.00773327 0.00154021 0.05500000
v 0.00749418 0.00150873 0.05410000
v 0.00684097 0.00142274 0.05344115
v 0.00594867 0.00130526 0.05320000
v 0.00505637 0.00118779 0.05344115
v 0.00440316 0.00110179 0.05410000
v 0.00416407 0.00107031 0.05500000
v 0.00440316 0.00110179 0.05590000
v 0.00505637 0.00118779 0.05655885
v 0.00594867 0.00130526 0.05680000
v 0.00684097 0.00142274 0.05655885
v 0.00749418 0.00150873 0.05590000
v 0.00773327 0.00154021 0.05500000
v 0.00753422 0.00305406 0.05500000
v 0.00730128 0.00299165 0.05410000
v 0.00666489 0.00282113 0.05344115
v 0.00579555 0.00258819 0.05320000
v 0.00492622 0.00235525 0.05344115
v 0.00428983 0.00218473 0.05410000
v 0.00405689 0.00212232 0.05500000
v 0.00428983 0.00218473 0.05590000
v 0.00492622 0.00235525 0.05655885
v 0.00579555 0.00258819 0.05680000
v 0.00666489 0.00282113 0.05655885
v 0.00730128 0.00299165 0.05590000
v 0.00753422 0.00305406 0.05500000
v 0.00720626 0.00451566 0.05500000
v 0.00698346 0.00442338 0.05410000
v 0.00637477 0.00417125 0.05344115
v 0.00554328 0.00382683 0.05320000
v 0.00471179 0.00348242 0.05344115
v 0.00410309 0.00323029 0.05410000
v 0.00388029 0.00313800 0.05500000
v 0.00410309 0.00323029 0.05590000
v 0.00471179 0.00348242 0.05655885
v 0.00554328 0.00382683 0.05680000
v 0.00637477 0.00417125 0.05655885
v 0.00698346 0.00442338 0.05590000
v 0.00720626 0.00451566 0.05500000
v 0.00675500 0.00590000 0.05500000
v 0.00654615 0.00577942 0.05410000
v 0.00597558 0.00545000 0.05344115
v 0.00519615 0.00500000 0.05320000
v 0.00441673 0.00455000 0.05344115
v 0.00384615 0.00422058 0.05410000
v 0.00363731 0.00410000 0.05500000
v 0.00384615 0.00422058 0.05590000
v 0.00441673 0.00455000 0.05655885
v 0.00519615 0.00500000 0.05680000
v 0.00597558 0.00545000 0.05655885
v 0.00654615 0.00577942 0.05590000
v 0.00675500 0.00590000 0.05500000
v 0.00618816 0.00718338 0.05500000
v 0.00599684 0.00703658 0.05410000
v 0.00547414 0.00663550 0.05344115
v 0.00476012 0.00608761 0.05320000
v 0.00404610 0.00553973 0.05344115
v 0.00352340 0.00513865 0.05410000
v 0.00333208 0.00499184 0.05500000
v 0.00352340 0.00513865 0.05590000
v 0.00404610 0.00553973 0.05655885
v 0.00476012 0.00608761 0.05680000
v 0.00547414 0.00663550 0.05655885
v 0.00599684 0.00703658 0.05590000
v 0.00618816 0.00718338 0.05500000
v 0.00551543 0.00834386 0.05500000
v 0.00534491 0.00817334 0.05410000
v 0.00487904 0.00770746 0.05344115
v 0.00424264 0.00707107 0.05320000
v 0.00360624 0.00643467 0.05344115
v 0.00314037 0.00596880 0.05410000
v 0.00296985 0.00579828 0.05500000
v 0.00314037 0.00596880 0.05590000
v 0.00360624 0.00643467 0.05655885
v 0.00424264 0.00707107 0.05680000
v 0.00487904 0.00770746 0.05655885
v 0.00534491 0.00817334 0.05590000
v 0.00551543 0.00834386 0.05500000
v 0.00474834 0.00936157 0.05500000
v 0.00460153 0.00917025 0.05410000
v 0.00420045 0.00864755 0.05344115
v 0.00365257 0.00793353 0.05320000
v 0.00310468 0.00721952 0.05344115
v 0.00270360 0.00669682 0.05410000
v 0.00255680 0.00650550 0.05500000
v 0.00270360 0.00669682 0.05590000
v 0.00310468 0.00721952 0.05655885
v 0.00365257 0.00793353 0.05680000
v 0.00420045 0.00864755 0.05655885
v 0.00460153 0.00917025 0.05590000
v 0.00474834 0.00936157 0.05500000
v 0.00390000 0.01021910 0.05500000
v 0.00377942 0.01001025 0.05410000
v 0.00345000 0.00943968 0.05344115
v 0.00300000 0.00866025 0.05320000
v 0.00255000 0.00788083 0.05344115
v 0.00222058 0.00731025 0.05410000
v 0.00210000 0.00710141 0.05500000
v 0.00222058 0.00731025 0.05590000
v 0.00255000 0.00788083 0.05655885
v 0.00300000 0.00866025 0.05680000
v 0.00345000 0.00943968 0.05655885
v 0.00377942 0.01001025 0.05590000
v 0.00390000 0.01021910 0.05500000
v 0.00298493 0.01090178 0.05500000
v 0.00289265 0.01067898 0.05410000
v 0.00264052 0.01007029 0.05344115
v 0.00229610 0.00923880 0.05320000
v 0.00195169 0.00840730 0.05344115
v 0.00169956 0.00779861 0.05410000
v 0.00160727 0.00757581 0.05500000
v 0.00169956 0.00779861 0.05590000
v 0.00195169 0.00840730 0.05655885
v 0.00229610 0.00923880 0.05680000
v 0.00264052 0.01007029 0.05655885
v 0.00289265 0.01067898 0.05590000
v 0.00298493 0.01090178 0.05500000
v 0.00201879 0.01139792 0.05500000
v 0.00195637 0.01116499 0.05410000
v 0.00178585 0.01052859 0.05344115
v 0.00155291 0.00965926 0.05320000
v 0.00131998 0.00878993 0.05344115
v 0.00114946 0.00815353 0.05410000
v 0.00108704 0.00792059 0.05500000
v 0.00114946 0.00815353 0.05590000
v 0.00131998 0.00878993 0.05655885
v 0.00155291 0.00965926 0.05680000
v 0.00178585 0.01052859 0.05655885
v 0.00195637 0.01116499 0.05590000
v 0.00201879 0.01139792 0.05500000
v 0.00101810 0.01169905 0.05500000
v 0.00098663 0.01145996 0.05410000
v 0.00090063 0.01080675 0.05344115
v 0.00078316 0.00991445 0.05320000
v 0.00066568 0.00902215 0.05344115
v 0.00057969 0.00836894 0.05410000
v 0.00054821 0.00812985 0.05500000
v 0.00057969 0.00836894 0.05590000
v 0.00066568 0.00902215 0.05655885
v 0.00078316 0.00991445 0.05680000
v 0.00090063 0.01080675 0.05655885
v 0.00098663 0.01145996 0.05590000
v 0.00101810 0.01169905 0.05500000
v 0.00000000 0.01180000 0.05500000
v 0.00000000 0.01155885 0.05410000
v 0.00000000 0.01090000 0.05344115
v 0.00000000 0.01000000 0.05320000
v 0.00000000 0.00910000 0.05344115
v 0.00000000 0.00844115 0.05410000
v 0.00000000 0.00820000 0.05500000
v 0.00000000 0.00844115 0.05590000
v 0.00000000 0.00910000 0.05655885
v 0.00000000 0.01000000 0.05680000
v 0.00000000 0.01090000 0.05655885
v 0.00000000 0.01155885 0.05590000
v 0.00000000 0.01180000 0.05500000
v -0.00101810 0.01169905 0.05500000
v -0.00098663 0.01145996 0.05410000
v -0.00090063 0.01080675 0.05344115
v -0.00078316 0.00991445 0.05320000
v -0.00066568 0.00902215 0.05344115
v -0.00057969 0.00836894 0.05410000
v -0.00054821 0.00812985 0.05500000
v -0.00057969 0.00836894 0.05590000
v -0.00066568 0.00902215 0.05655885
v -0.00078316 0.00991445 0.05680000
v -0.00090063 0.01080675 0.05655885
v -0.00098663 0.01145996 0.05590000
v -0.00101810 0.01169905 0.05500000
v -0.00201879 0.01139792 0.05500000
v -0.00195637 0.01116499 0.05410000
v -0.00178585 0.01052859 0.05344115
v -0.00155291 0.00965926 0.05320000
v -0.00131998 0.00878993 0.05344115
v -0.00114946 0.00815353 0.05410000
v -0.00108704 0.00792059 0.05500000
v -0.00114946 0.00815353 0.05590000
v -0.00131998 0.00878993 0.05655885
v -0.00155291 0.00965926 0.05680000
v -0.00178585 0.01052859 0.05655885
v -0.00195637 0.01116499 0.05590000
v -0.00201879 0.01139792 0.05500000
v -0.00298493 0.01090178 0.05500000
v -0.00289265 0.01067898 0.05410000
v -0.00264052 0.01007029 0.05344115
v -0.00229610 0.00923880 0.05320000
v -0.00195169 0.00840730 0.05344115
v -0.00169956 0.00779861 0.05410000
v -0.00160727 0.00757581 0.05500000
v -0.00169956 0.00779861 0.05590000
v -0.00195169 0.00840730 0.05655885
v -0.00229610 0.00923880 0.05680000
v -0.00264052 0.01007029 0.05655885
v -0.00289265 0.01067898 0.05590000
v -0.00298493 0.01090178 0.05500000
v -0.00390000 0.01021910 0.05500000
v -0.00377942 0.01001025 0.05410000
v -0.00345000 0.00943968 0.05344115
v -0.00300000 0.00866025 0.05320000
v -0.00255000 0.00788083 0.05344115
v -0.00222058 0.00731025 0.05410000
v -0.00210000 0.00710141 0.05500000
v -0.00222058 0.00731025 0.05590000
v -0.00255000 0.00788083 0.05655885
v -0.00300000 0.00866025 0.05680000
v -0.00345000 0.00943968 0.05655885
v -0.00377942 0.01001025 0.05590000
v -0.00390000 0.01021910 0.05500000
v -0.00474834 0.00936157 0.05500000
v -0.00460153 0.00917025 0.05410000
v -0.00420045 0.00864755 0.05344115
v -0.00365257 0.00793353 0.05320000
v -0.00310468 0.00721952 0.05344115
v -0.00270360 0.00669682 0.05410000
v -0.00255680 0.00650550 0.05500000
v -0.00270360 0.00669682 0.05590000
v -0.00310468 0.00721952 0.05655885
v -0.00365257 0.00793353 0.05680000
v -0.00420045 0.00864755 0.05655885
v -0.00460153 0.00917025 0.05590000
v -0.00474834 0.00936157 0.05500000
v -0.00551543 0.00834386 0.05500000
v -0.00534491 0.00817334 0.05410000
v -0.00487904 0.00770746 0.05344115
v -0.00424264 0.00707107 0.05320000
v -0.00360624 0.00643467 0.05344115
v -0.00314037 0.00596880 0.05410000
v -0.00296985 0.00579828 0.05500000
v -0.00314037 0.00596880 0.05590000
v -0.00360624 0.00643467 0.05655885
v -0.00424264 0.00707107 0.05680000
v -0.00487904 0.00770746 0.05655885
v -0.00534491 0.00817334 0.05590000
v -0.00551543 0.00834386 0.05500000
v -0.00618816 0.00718338 0.05500000
v -0.00599684 0.00703658 0.05410000
v -0.00547414 0.00663550 0.05344115
v -0.00476012 0.00608761 0.05320000
v -0.00404610 0.00553973 0.05344115
v -0.00352340 0.00513865 0.05410000
v -0.00333208 0.00499184 0.05500000
v -0.00352340 0.00513865 0.05590000
v -0.00404610 0.00553973 0.05655885
v -0.00476012 0.00608761 0.05680000
v -0.00547414 0.00663550 0.05655885
v -0.00599684 0.00703658 0.05590000
v -0.00618816 0.00718338 0.05500000
v -0.00675500 0.00590000 0.05500000
v -0.00654615 0.00577942 0.05410000
v -0.00597558 0.00545000 0.05344115
v -0.00519615 0.00500000 0.05320000
v -0.00441673 0.00455000 0.05344115
v -0.00384615 0.00422058 0.05410000
v -0.00363731 0.00410000 0.05500000
v -0.00384615 0.00422058 0.05590000
v -0.00441673 0.00455000 0.05655885
v -0.00519615 0.00500000 0.05680000
v -0.00597558 0.00545000 0.05655885
v -0.00654615 0.00577942 0.05590000
v -0.00675500 0.00590000 0.05500000
v -0.00720626 0.00451566 0.05500000
v -0.00698346 0.00442338 0.05410000
v -0.00637477 0.00417125 0.05344115
v -0.00554328 0.00382683 0.05320000
v -0.00471179 0.00348242 0.05344115
v -0.00410309 0.00323029 0.05410000
v -0.00388029 0.00313800 0.05500000
v -0.00410309 0.00323029 0.05590000
v -0.00471179 0.00348242 0.05655885
v -0.00554328 0.00382683 0.05680000
v -0.00637477 0.00417125 0.05655885
v -0.00698346 0.00442338 0.05590000
v -0.00720626 0.00451566 0.05500000
v -0.00753422 0.00305406 0.05500000
v -0.00730128 0.00299165 0.05410000
v -0.00666489 0.00282113 0.05344115
v -0.00579555 0.00258819 0.05320000
v -0.00492622 0.00235525 0.05344115
v -0.00428983 0.00218473 0.05410000
v -0.00405689 0.00212232 0.05500000
v -0.00428983 0.00218473 0.05590000
v -0.00492622 0.00235525 0.05655885
v -0.00579555 0.00258819 0.05680000
v -0.00666489 0.00282113 0.05655885
v -0.00730128 0.00299165 0.05590000
v -0.00753422 0.00305406 0.05500000
v -0.00773327 0.00154021 0.05500000
v -0.00749418 0.00150873 0.05410000
v -0.00684097 0.00142274 0.05344115
v -0.00594867 0.00130526 0.05320000
v -0.00505637 0.00118779 0.05344115
v -0.00440316 0.00110179 0.05410000
v -0.00416407 0.00107031 0.05500000
v -0.00440316 0.00110179 0.05590000
v -0.00505637 0.00118779 0.05655885
v -0.00594867 0.00130526 0.05680000
v -0.00684097 0.00142274 0.05655885
v -0.00749418 0.00150873 0.05590000
v -0.00773327 0.00154021 0.05500000
v -0.00780000 0.00000000 0.05500000
v -0.00755885 0.00000000 0.05410000
v -0.00690000 0.00000000 0.05344115
v -0.00600000 0.00000000 0.05320000
v -0.00510000 0.00000000 0.05344115
v -0.00444115 0.00000000 0.05410000
v -0.00420000 0.00000000 0.05500000
v -0.00444115 0.00000000 0.05590000
v -0.00510000 0.00000000 0.05655885
v -0.00600000 0.00000000 0.05680000
v -0.00690000 0.00000000 0.05655885
v -0.00755885 0.00000000 0.05590000
v -0.00780000 0.00000000 0.05500000
v -0.00773327 -0.00154021 0.05500000
v -0.00749418 -0.00150873 0.05410000
v -0.00684097 -0.00142274 0.05344115
v -0.00594867 -0.00130526 0.05320000
v -0.00505637 -0.00118779 0.05344115
v -0.00440316 -0.00110179 0.05410000
v -0.00416407 -0.00107031 0.05500000
v -0.00440316 -0.00110179 0.05590000
v -0.00505637 -0.00118779 0.05655885
v -0.00594867 -0.00130526 0.05680000
v -0.00684097 -0.00142274 0.05655885
v -0.00749418 -0.00150873 0.05590000
v -0.00773327 -0.00154021 0.05500000
v -0.00753422 -0.00305406 0.05500000
v -0.00730128 -0.00299165 0.05410000
v -0.00666489 -0.00282113 0.05344115
v -0.00579555 -0.00258819 0.05320000
v -0.00492622 -0.00235525 0.05344115
v -0.00428983 -0.00218473 0.05410000
v -0.00405689 -0.00212232 0.05500000
v -0.00428983 -0.00218473 0.05590000
v -0.00492622 -0.00235525 0.05655885
v -0.00579555 -0.00258819 0.05680000
v -0.00666489 -0.00282113 0.05655885
v -0.00730128 -0.00299165 0.05590000
v -0.00753422 -0.00305406 0.05500000
v -0.00720626 -0.00451566 0.05500000
v -0.00698346 -0.00442338 0.05410000
v -0.00637477 -0.00417125 0.05344115
v -0.00554328 -0.00382683 0.05320000
v -0.00471179 -0.00348242 0.05344115
v -0.00410309 -0.00323029 0.05410000
v -0.00388029 -0.00313800 0.05500000
v -0.00410309 -0.00323029 0.05590000
v -0.00471179 -0.00348242 0.05655885
v -0.00554328 -0.00382683 0.05680000
v -0.00637477 -0.00417125 0.05655885
v -0.00698346 -0.00442338 0.05590000
v -0.00720626 -0.00451566 0.05500000
v -0.00675500 -0.00590000 0.05500000
v -0.00654615 -0.00577942 0.05410000
v -0.00597558 -0.00545000 0.05344115
v -0.00519615 -0.00500000 0.05320000
v -0.00441673 -0.00455000 0.05344115
v -0.00384615 -0.00422058 0.05410000
v -0.00363731 -0.00410000 0.05500000
v -0.00384615 -0.00422058 0.05590000
v -0.00441673 -0.00455000 0.05655885
v -0.00519615 -0.00500000 0.05680000
v -0.00597558 -0.00545000 0.05655885
v -0.00654615 -0.00577942 0.05590000
v -0.00675500 -0.00590000 0.05500000
v -0.00618816 -0.00718338 0.05500000
v -0.00599684 -0.00703658 0.05410000
v -0.00547414 -0.00663550 0.05344115
v -0.00476012 -0.00608761 0.05320000
v -0.00404610 -0.00553973 0.05344115
v -0.00352340 -0.00513865 0.05410000
v -0.00333208 -0.00499184 0.05500000
v -0.00352340 -0.00513865 0.05590000
v -0.00404610 -0.00553973 0.05655885
v -0.00476012 -0.00608761 0.05680000
v -0.00547414 -0.00663550 0.05655885
v -0.00599684 -0.00703658 0.05590000
v -0.00618816 -0.00718338 0.05500000
v -0.00551543 -0.00834386 0.05500000
v -0.00534491 -0.00817334 0.05410000
v -0.00487904 -0.00770746 0.05344115
v -0.00424264 -0.00707107 0.05320000
v -0.00360624 -0.00643467 0.05344115
v -0.00314037 -0.00596880 0.05410000
v -0.00296985 -0.00579828 0.05500000
v -0.00314037 -0.00596880 0.05590000
v -0.00360624 -0.00643467 0.05655885
v -0.00424264 -0.00707107 0.05680000
v -0.00487904 -0.00770746 0.05655885
v -0.00534491 -0.00817334 0.05590000
v -0.00551543 -0.00834386 0.05500000
v -0.00474834 -0.00936157 0.05500000
v -0.00460153 -0.00917025 0.05410000
v -0.00420045 -0.00864755 0.05344115
v -0.00365257 -0.00793353 0.05320000
v -0.00310468 -0.00721952 0.05344115
v -0.00270360 -0.00669682 0.05410000
v -0.00255680 -0.00650550 0.05500000
v -0.00270360 -0.00669682 0.05590000
v -0.00310468 -0.00721952 0.05655885
v -0.00365257 -0.00793353 0.05680000
v -0.00420045 -0.00864755 0.05655885
v -0.00460153 -0.00917025 0.05590000
v -0.00474834 -0.00936157 0.05500000
v -0.00390000 -0.01021910 0.05500000
v -0.00377942 -0.01001025 0.05410000
v -0.00345000 -0.00943968 0.05344115
v -0.00300000 -0.00866025 0.05320000
v -0.00255000 -0.00788083 0.05344115
v -0.00222058 -0.00731025 0.05410000
v -0.00210000 -0.00710141 0.05500000
v -0.00222058 -0.00731025 0.05590000
v -0.00255000 -0.00788083 0.05655885
v -0.00300000 -0.00866025 0.05680000
v -0.00345000 -0.00943968 0.05655885
v -0.00377942 -0.01001025 0.05590000
v -0.00390000 -0.01021910 0.05500000
v -0.00298493 -0.01090178 0.05500000
v -0.00289265 -0.01067898 0.05410000
v -0.00264052 -0.01007029 0.05344115
v -0.00229610 -0.00923880 0.05320000
v -0.00195169 -0.00840730 0.05344115
v -0.00169956 -0.00779861 0.05410000
v -0.00160727 -0.00757581 0.05500000
v -0.00169956 -0.00779861 0.05590000
v -0.00195169 -0.00840730 0.05655885
v -0.00229610 -0.00923880 0.05680000
v -0.00264052 -0.01007029 0.05655885
v -0.00289265 -0.01067898 0.05590000
v -0.00298493 -0.01090178 0.05500000
v -0.00201879 -0.01139792 0.05500000
v -0.00195637 -0.01116499 0.05410000
v -0.00178585 -0.01052859 0.05344115
v -0.00155291 -0.00965926 0.05320000
v -0.00131998 -0.00878993 0.05344115
v -0.00114946 -0.00815353 0.05410000
v -0.00108704 -0.00792059 0.05500000
v -0.00114946 -0.00815353 0.05590000
v -0.00131998 -0.00878993 0.05655885
v -0.00155291 -0.00965926 0.05680000
v -0.00178585 -0.01052859 0.05655885
v -0.00195637 -0.01116499 0.05590000
v -0.00201879 -0.01139792 0.05500000
v -0.00101810 -0.01169905 0.05500000
v -0.00098663 -0.01145996 0.05410000
v -0.00090063 -0.01080675 0.05344115
v -0.00078316 -0.00991445 0.05320000
v -0.00066568 -0.00902215 0.05344115
v -0.00057969 -0.00836894 0.05410000
v -0.00054821 -0.00812985 0.05500000
v -0.00057969 -0.00836894 0.05590000
v -0.00066568 -0.00902215 0.05655885
v -0.00078316 -0.00991445 0.05680000
v -0.00090063 -0.01080675 0.05655885
v -0.00098663 -0.01145996 0.05590000
v -0.00101810 -0.01169905 0.05500000
v -0.00000000 -0.01180000 0.05500000
v -0.00000000 -0.01155885 0.05410000
v -0.00000000 -0.01090000 0.05344115
v -0.00000000 -0.01000000 0.05320000
v -0.00000000 -0.00910000 0.05344115
v -0.00000000 -0.00844115 0.05410000
v -0.00000000 -0.00820000 0.05500000
v -0.00000000 -0.00844115 0.05590000
v -0.00000000 -0.00910000 0.05655885
v -0.00000000 -0.01000000 0.05680000
v -0.00000000 -0.01090000 0.05655885
v -0.00000000 -0.01155885 0.05590000
v -0.00000000 -0.01180000 0.05500000
v 0.00101810 -0.01169905 0.05500000
v 0.00098663 -0.01145996 0.05410000
v 0.00090063 -0.01080675 0.05344115
v 0.00078316 -0.00991445 0.05320000
v 0.00066568 -0.00902215 0.05344115
v 0.00057969 -0.00836894 0.05410000
v 0.00054821 -0.00812985 0.05500000
v 0.00057969 -0.00836894 0.05590000
v 0.00066568 -0.00902215 0.05655885
v 0.00078316 -0.00991445 0.05680000
v 0.00090063 -0.01080675 0.05655885
v 0.00098663 -0.01145996 0.05590000
v 0.00101810 -0.01169905 0.05500000
v 0.00201879 -0.01139792 0.05500000
v 0.00195637 -0.01116499 0.05410000
v 0.00178585 -0.01052859 0.05344115
v 0.00155291 -0.00965926 0.05320000
v 0.00131998 -0.00878993 0.05344115
v 0.00114946 -0.00815353 0.05410000
v 0.00108704 -0.00792059 0.05500000
v 0.00114946 -0.00815353 0.05590000
v 0.00131998 -0.00878993 0.05655885
v 0.00155291 -0.00965926 0.05680000
v 0.00178585 -0.01052859 0.05655885
v 0.00195637 -0.01116499 0.05590000
v 0.00201879 -0.01139792 0.05500000
v 0.00298493 -0.01090178 0.05500000
v 0.00289265 -0.01067898 0.05410000
v 0.00264052 -0.01007029 0.05344115
v 0.00229610 -0.00923880 0.05320000
v 0.00195169 -0.00840730 0.05344115
v 0.00169956 -0.00779861 0.05410000
v 0.00160727 -0.00757581 0.05500000
v 0.00169956 -0.00779861 0.05590000
v 0.00195169 -0.00840730 0.05655885
v 0.00229610 -0.00923880 0.05680000
v 0.00264052 -0.01007029 0.05655885
v 0.00289265 -0.01067898 0.05590000
v 0.00298493 -0.01090178 0.05500000
v 0.00390000 -0.01021910 0.05500000
v 0.00377942 -0.01001025 0.05410000
v 0.00345000 -0.00943968 0.05344115
v 0.00300000 -0.00866025 0.05320000
v 0.00255000 -0.00788083 0.05344115
v 0.00222058 -0.00731025 0.05410000
v 0.00210000 -0.00710141 0.05500000
v 0.00222058 -0.00731025 0.05590000
v 0.00255000 -0.00788083 0.05655885
v 0.00300000 -0.00866025 0.05680000
v 0.00345000 -0.00943968 0.05655885
v 0.00377942 -0.01001025 0.05590000
v 0.00390000 -0.01021910 0.05500000
v 0.00474834 -0.00936157 0.05500000
v 0.00460153 -0.00917025 0.05410000
v 0.00420045 -0.00864755 0.05344115
v 0.00365257 -0.00793353 0.05320000
v 0.00310468 -0.00721952 0.05344115
v 0.00270360 -0.00669682 0.05410000
v 0.00255680 -0.00650550 0.05500000
v 0.00270360 -0.00669682 0.05590000
v 0.00310468 -0.00721952 0.05655885
v 0.00365257 -0.00793353 0.05680000
v 0.00420045 -0.00864755 0.05655885
v 0.00460153 -0.00917025 0.05590000
v 0.00474834 -0.00936157 0.05500000
v 0.00551543 -0.00834386 0.05500000
v 0.00534491 -0.00817334 0.05410000
v 0.00487904 -0.00770746 0.05344115
v 0.00424264 -0.00707107 0.05320000
v 0.00360624 -0.00643467 0.05344115
v 0.00314037 -0.00596880 0.05410000
v 0.00296985 -0.00579828 0.05500000
v 0.00314037 -0.00596880 0.05590000
v 0.00360624 -0.00643467 0.05655885
v 0.00424264 -0.00707107 0.05680000
v 0.00487904 -0.00770746 0.05655885
v 0.00534491 -0.00817334 0.05590000
v 0.00551543 -0.00834386 0.05500000
v 0.00618816 -0.00718338 0.05500000
v 0.00599684 -0.00703658 0.05410000
v 0.00547414 -0.00663550 0.05344115
v 0.00476012 -0.00608761 0.05320000
v 0.00404610 -0.00553973 0.05344115
v 0.00352340 -0.00513865 0.05410000
v 0.00333208 -0.00499184 0.05500000
v 0.00352340 -0.00513865 0.05590000
v 0.00404610 -0.00553973 0.05655885
v 0.00476012 -0.00608761 0.05680000
v 0.00547414 -0.00663550 0.05655885
v 0.00599684 -0.00703658 0.05590000
v 0.00618816 -0.00718338 0.05500000
v 0.00675500 -0.00590000 0.05500000
v 0.00654615 -0.00577942 0.05410000
v 0.00597558 -0.00545000 0.05344115
v 0.00519615 -0.00500000 0.05320000
v 0.00441673 -0.00455000 0.05344115
v 0.00384615 -0.00422058 0.05410000
v 0.00363731 -0.00410000 0.05500000
v 0.00384615 -0.00422058 0.05590000
v 0.00441673 -0.00455000 0.05655885
v 0.00519615 -0.00500000 0.05680000
v 0.00597558 -0.00545000 0.05655885
v 0.00654615 -0.00577942 0.05590000
v 0.00675500 -0.00590000 0.05500000
v 0.00720626 -0.00451566 0.05500000
v 0.00698346 -0.00442338 0.05410000
v 0.00637477 -0.00417125 0.05344115
v 0.00554328 -0.00382683 0.05320000
v 0.00471179 -0.00348242 0.05344115
v 0.00410309 -0.00323029 0.05410000
v 0.00388029 -0.00313800 0.05500000
v 0.00410309 -0.00323029 0.05590000
v 0.00471179 -0.00348242 0.05655885
v 0.00554328 -0.00382683 0.05680000
v 0.00637477 -0.00417125 0.05655885
v 0.00698346 -0.00442338 0.05590000
v 0.00720626 -0.00451566 0.05500000
v 0.00753422 -0.00305406 0.05500000
v 0.00730128 -0.00299165 0.05410000
v 0.00666489 -0.00282113 0.05344115
v 0.00579555 -0.00258819 0.05320000
v 0.00492622 -0.00235525 0.05344115
v 0.00428983 -0.00218473 0.05410000
v 0.00405689 -0.00212232 0.05500000
v 0.00428983 -0.00218473 0.05590000
v 0.00492622 -0.00235525 0.05655885
v 0.00579555 -0.00258819 0.05680000
v 0.00666489 -0.00282113 0.05655885
v 0.00730128 -0.00299165 0.05590000
v 0.00753422 -0.00305406 0.05500000
v 0.00773327 -0.00154021 0.05500000
v 0.00749418 -0.00150873 0.05410000
v 0.00684097 -0.00142274 0.05344115
v 0.00594867 -0.00130526 0.05320000
v 0.00505637 -0.00118779 0.05344115
v 0.00440316 -0.00110179 0.05410000
v 0.00416407 -0.00107031 0.05500000
v 0.00440316 -0.00110179 0.05590000
v 0.00505637 -0.00118779 0.05655885
v 0.00594867 -0.00130526 0.05680000
v 0.00684097 -0.00142274 0.05655885
v 0.00749418 -0.00150873 0.05590000
v 0.00773327 -0.00154021 0.05500000
v 0.00780000 -0.00000000 0.05500000
v 0.00755885 -0.00000000 0.05410000
v 0.00690000 -0.00000000 0.05344115
v 0.00600000 -0.00000000 0.05320000
v 0.00510000 -0.00000000 0.05344115
v 0.00444115 -0.00000000 0.05410000
v 0.00420000 -0.00000000 0.05500000
v 0.00444115 -0.00000000 0.05590000
v 0.00510000 -0.00000000 0.05655885
v 0.00600000 -0.00000000 0.05680000
v 0.00690000 -0.00000000 0.05655885
v 0.00755885 -0.00000000 0.05590000
v 0.00780000 -0.00000000 0.05500000
vt 0.13750000 0.01500000
vt 0.13906250 0.01500000
vt 0.14062500 0.01500000
vt 0.14218750 0.01500000
vt 0.14375000 0.01500000
vt 0.14531250 0.01500000
vt 0.14687500 0.01500000
vt 0.14843750 0.01500000
vt 0.15000000 0.01500000
vt 0.15156250 0.01500000
vt 0.15312500 0.01500000
vt 0.15468750 0.01500000
vt 0.15625000 0.01500000
vt 0.15781250 0.01500000
vt 0.15937500 0.01500000
vt 0.16093750 0.01500000
vt 0.16250000 0.01500000
vt 0.16406250 0.01500000
vt 0.16562500 0.01500000
vt 0.16718750 0.01500000
vt 0.16875000 0.01500000
vt 0.17031250 0.01500000
vt 0.17187500 0.01500000
vt 0.17343750 0.01500000
vt 0.17500000 0.01500000
vt 0.17656250 0.01500000
vt 0.17812500 0.01500000
vt 0.17968750 0.01500000
vt 0.18125000 0.01500000
vt 0.18281250 0.01500000
vt 0.18437500 0.01500000
vt 0.18593750 0.01500000
vt 0.18750000 0.01500000
vt 0.18906250 0.01500000
vt 0.19062500 0.01500000
vt 0.19218750 0.01500000
vt 0.19375000 0.01500000
vt 0.19531250 0.01500000
vt 0.19687500 0.01500000
vt 0.19843750 0.01500000
vt 0.20000000 0.01500000
vt 0.20156250 0.01500000
vt 0.20312500 0.01500000
vt 0.20468750 0.01500000
vt 0.20625000 0.01500000
vt 0.20781250 0.01500000
vt 0.20937500 0.01500000
vt 0.21093750 0.01500000
vt 0.21250000 0.01500000
vt 0.21406250 0.01500000
vt 0.21562500 0.01500000
vt 0.21718750 0.01500000
vt 0.21875000 0.01500000
vt 0.22031250 0.01500000
vt 0.22187500 0.01500000
vt 0.22343750 0.01500000
vt 0.22500000 0.01500000
vt 0.22656250 0.01500000
vt 0.22812500 0.01500000
vt 0.22968750 0.01500000
vt 0.23125000 0.01500000
vt 0.23281250 0.01500000
vt 0.23437500 0.01500000
vt 0.23593750 0.01500000
vt 0.23750000 0.01500000
vt 0.13750000 0.05100000
vt 0.13906250 0.05100000
vt 0.14062500 0.05100000
vt 0.14218750 0.05100000
vt 0.14375000 0.05100000
vt 0.14531250 0.05100000
vt 0.14687500 0.05100000
vt 0.14843750 0.05100000
vt 0.15000000 0.05100000
vt 0.15156250 0.05100000
vt 0.15312500 0.05100000
vt 0.15468750 0.05100000
vt 0.15625000 0.05100000
vt 0.15781250 0.05100000
vt 0.15937500 0.05100000
vt 0.16093750 0.05100000
vt 0.16250000 0.05100000
vt 0.16406250 0.05100000
vt 0.16562500 0.05100000
vt 0.16718750 0.05100000
vt 0.16875000 0.05100000
vt 0.17031250 0.05100000
vt 0.17187500 0.05100000
vt 0.17343750 0.05100000
vt 0.17500000 0.05100000
vt 0.17656250 0.05100000
vt 0.17812500 0.05100000
vt 0.17968750 0.05100000
vt 0.18125000 0.05100000
vt 0.18281250 0.05100000
vt 0.18437500 0.05100000
vt 0.18593750 0.05100000
vt 0.18750000 0.05100000
vt 0.18906250 0.05100000
vt 0.19062500 0.05100000
vt 0.19218750 0.05100000
vt 0.19375000 0.05100000
vt 0.19531250 0.05100000
vt 0.19687500 0.05100000
vt 0.19843750 0.05100000
vt 0.20000000 0.05100000
vt 0.20156250 0.05100000
vt 0.20312500 0.05100000
vt 0.20468750 0.05100000
vt 0.20625000 0.05100000
vt 0.20781250 0.05100000
vt 0.20937500 0.05100000
vt 0.21093750 0.05100000
vt 0.21250000 0.05100000
vt 0.21406250 0.05100000
vt 0.21562500 0.05100000
vt 0.21718750 0.05100000
vt 0.21875000 0.05100000
vt 0.22031250 0.05100000
vt 0.22187500 0.05100000
vt 0.22343750 0.05100000
vt 0.22500000 0.05100000
vt 0.22656250 0.05100000
vt 0.22812500 0.05100000
vt 0.22968750 0.05100000
vt 0.23125000 0.05100000
vt 0.23281250 0.05100000
vt 0.23437500 0.05100000
vt 0.23593750 0.05100000
vt 0.23750000 0.05100000
vt 0.13750000 0.08700000
vt 0.13906250 0.08700000
vt 0.14062500 0.08700000
vt 0.14218750 0.08700000
vt 0.14375000 0.08700000
vt 0.14531250 0.08700000
vt 0.14687500 0.08700000
vt 0.14843750 0.08700000
vt 0.15000000 0.08700000
vt 0.15156250 0.08700000
vt 0.15312500 0.08700000
vt 0.15468750 0.08700000
vt 0.15625000 0.08700000
vt 0.15781250 0.08700000
vt 0.15937500 0.08700000
vt 0.16093750 0.08700000
vt 0.16250000 0.08700000
vt 0.16406250 0.08700000
vt 0.16562500 0.08700000
vt 0.16718750 0.08700000
vt 0.16875000 0.08700000
vt 0.17031250 0.08700000
vt 0.17187500 0.08700000
vt 0.17343750 0.08700000
vt 0.17500000 0.08700000
vt 0.17656250 0.08700000
vt 0.17812500 0.08700000
vt 0.17968750 0.08700000
vt 0.18125000 0.08700000
vt 0.18281250 0.08700000
vt 0.18437500 0.08700000
vt 0.18593750 0.08700000
vt 0.18750000 0.08700000
vt 0.18906250 0.08700000
vt 0.19062500 0.08700000
vt 0.19218750 0.08700000
vt 0.19375000 0.08700000
vt 0.19531250 0.08700000
vt 0.19687500 0.08700000
vt 0.19843750 0.08700000
vt 0.20000000 0.08700000
vt 0.20156250 0.08700000
vt 0.20312500 0.08700000
vt 0.20468750 0.08700000
vt 0.20625000 0.08700000
vt 0.20781250 0.08700000
vt 0.20937500 0.08700000
vt 0.21093750 0.08700000
vt 0.21250000 0.08700000
vt 0.21406250 0.08700000
vt 0.21562500 0.08700000
vt 0.21718750 0.08700000
vt 0.21875000 0.08700000
vt 0.22031250 0.08700000
vt 0.22187500 0.08700000
vt 0.22343750 0.08700000
vt 0.22500000 0.08700000
vt 0.22656250 0.08700000
vt 0.22812500 0.08700000
vt 0.22968750 0.08700000
vt 0.23125000 0.08700000
vt 0.23281250 0.08700000
vt 0.23437500 0.08700000
vt 0.23593750 0.08700000
vt 0.23750000 0.08700000
vt 0.13750000 0.12300000
vt 0.13906250 0.12300000
vt 0.14062500 0.12300000
vt 0.14218750 0.12300000
vt 0.14375000 0.12300000
vt 0.14531250 0.12300000
vt 0.14687500 0.12300000
vt 0.14843750 0.12300000
vt 0.15000000 0.12300000
vt 0.15156250 0.12300000
vt 0.15312500 0.12300000
vt 0.15468750 0.12300000
vt 0.15625000 0.12300000
vt 0.15781250 0.12300000
vt 0.15937500 0.12300000
vt 0.16093750 0.12300000
vt 0.16250000 0.12300000
vt 0.16406250 0.12300000
vt 0.16562500 0.12300000
vt 0.16718750 0.12300000
vt 0.16875000 0.12300000
vt 0.17031250 0.12300000
vt 0.17187500 0.12300000
vt 0.17343750 0.12300000
vt 0.17500000 0.12300000
vt 0.17656250 0.12300000
vt 0.17812500 0.12300000
vt 0.17968750 0.12300000
vt 0.18125000 0.12300000
vt 0.18281250 0.12300000
vt 0.18437500 0.12300000
vt 0.18593750 0.12300000
vt 0.18750000 0.12300000
vt 0.18906250 0.12300000
vt 0.19062500 0.12300000
vt 0.19218750 0.12300000
vt 0.19375000 0.12300000
vt 0.19531250 0.12300000
vt 0.19687500 0.12300000
vt 0.19843750 0.12300000
vt 0.20000000 0.12300000
vt 0.20156250 0.12300000
vt 0.20312500 0.12300000
vt 0.20468750 0.12300000
vt 0.20625000 0.12300000
vt 0.20781250 0.12300000
vt 0.20937500 0.12300000
vt 0.21093750 0.12300000
vt 0.21250000 0.12300000
vt 0.21406250 0.12300000
vt 0.21562500 0.12300000
vt 0.21718750 0.12300000
vt 0.21875000 0.12300000
vt 0.22031250 0.12300000
vt 0.22187500 0.12300000
vt 0.22343750 0.12300000
vt 0.22500000 0.12300000
vt 0.22656250 0.12300000
vt 0.22812500 0.12300000
vt 0.22968750 0.12300000
vt 0.23125000 0.12300000
vt 0.23281250 0.12300000
vt 0.23437500 0.12300000
vt 0.23593750 0.12300000
vt 0.23750000 0.12300000
vt 0.13750000 0.15900000
vt 0.13906250 0.15900000
vt 0.14062500 0.15900000
vt 0.14218750 0.15900000
vt 0.14375000 0.15900000
vt 0.14531250 0.15900000
vt 0.14687500 0.15900000
vt 0.14843750 0.15900000
vt 0.15000000 0.15900000
vt 0.15156250 0.15900000
vt 0.15312500 0.15900000
vt 0.15468750 0.15900000
vt 0.15625000 0.15900000
vt 0.15781250 0.15900000
vt 0.15937500 0.15900000
vt 0.16093750 0.15900000
vt 0.16250000 0.15900000
vt 0.16406250 0.15900000
vt 0.16562500 0.15900000
vt 0.16718750 0.15900000
vt 0.16875000 0.15900000
vt 0.17031250 0.15900000
vt 0.17187500 0.15900000
vt 0.17343750 0.15900000
vt 0.17500000 0.15900000
vt 0.17656250 0.15900000
vt 0.17812500 0.15900000
vt 0.17968750 0.15900000
vt 0.18125000 0.15900000
vt 0.18281250 0.15900000
vt 0.18437500 0.15900000
vt 0.18593750 0.15900000
vt 0.18750000 0.15900000
vt 0.18906250 0.15900000
vt 0.19062500 0.15900000
vt 0.19218750 0.15900000
vt 0.19375000 0.15900000
vt 0.19531250 0.15900000
vt 0.19687500 0.15900000
vt 0.19843750 0.15900000
vt 0.20000000 0.15900000
vt 0.20156250 0.15900000
vt 0.20312500 0.15900000
vt 0.20468750 0.15900000
vt 0.20625000 0.15900000
vt 0.20781250 0.15900000
vt 0.20937500 0.15900000
vt 0.21093750 0.15900000
vt 0.21250000 0.15900000
vt 0.21406250 0.15900000
vt 0.21562500 0.15900000
vt 0.21718750 0.15900000
vt 0.21875000 0.15900000
vt 0.22031250 0.15900000
vt 0.22187500 0.15900000
vt 0.22343750 0.15900000
vt 0.22500000 0.15900000
vt 0.22656250 0.15900000
vt 0.22812500 0.15900000
vt 0.22968750 0.15900000
vt 0.23125000 0.15900000
vt 0.23281250 0.15900000
vt 0.23437500 0.15900000
vt 0.23593750 0.15900000
vt 0.23750000 0.15900000
vt 0.13750000 0.19500000
vt 0.13906250 0.19500000
vt 0.14062500 0.19500000
vt 0.14218750 0.19500000
vt 0.14375000 0.19500000
vt 0.14531250 0.19500000
vt 0.14687500 0.19500000
vt 0.14843750 0.19500000
vt 0.15000000 0.19500000
vt 0.15156250 0.19500000
vt 0.15312500 0.19500000
vt 0.15468750 0.19500000
vt 0.15625000 0.19500000
vt 0.15781250 0.19500000
vt 0.15937500 0.19500000
vt 0.16093750 0.19500000
vt 0.16250000 0.19500000
vt 0.16406250 0.19500000
vt 0.16562500 0.19500000
vt 0.16718750 0.19500000
vt 0.16875000 0.19500000
vt 0.17031250 0.19500000
vt 0.17187500 0.19500000
vt 0.17343750 0.19500000
vt 0.17500000 0.19500000
vt 0.17656250 0.19500000
vt 0.17812500 0.19500000
vt 0.17968750 0.19500000
vt 0.18125000 0.19500000
vt 0.18281250 0.19500000
vt 0.18437500 0.19500000
vt 0.18593750 0.19500000
vt 0.18750000 0.19500000
vt 0.18906250 0.19500000
vt 0.19062500 0.19500000
vt 0.19218750 0.19500000
vt 0.19375000 0.19500000
vt 0.19531250 0.19500000
vt 0.19687500 0.19500000
vt 0.19843750 0.19500000
vt 0.20000000 0.19500000
vt 0.20156250 0.19500000
vt 0.20312500 0.19500000
vt 0.20468750 0.19500000
vt 0.20625000 0.19500000
vt 0.20781250 0.19500000
vt 0.20937500 0.19500000
vt 0.21093750 0.19500000
vt 0.21250000 0.19500000
vt 0.21406250 0.19500000
vt 0.21562500 0.19500000
vt 0.21718750 0.19500000
vt 0.21875000 0.19500000
vt 0.22031250 0.19500000
vt 0.22187500 0.19500000
vt 0.22343750 0.19500000
vt 0.22500000 0.19500000
vt 0.22656250 0.19500000
vt 0.22812500 0.19500000
vt 0.22968750 0.19500000
vt 0.23125000 0.19500000
vt 0.23281250 0.19500000
vt 0.23437500 0.19500000
vt 0.23593750 0.19500000
vt 0.23750000 0.19500000
vt 0.18750000 0.10000000
vt 0.18750000 0.10000000
vt 0.00000000 0.25000000
vt 0.01562500 0.25000000
vt 0.03125000 0.25000000
vt 0.04687500 0.25000000
vt 0.06250000 0.25000000
vt 0.07812500 0.25000000
vt 0.09375000 0.25000000
vt 0.10937500 0.25000000
vt 0.12500000 0.25000000
vt 0.14062500 0.25000000
vt 0.15625000 0.25000000
vt 0.17187500 0.25000000
vt 0.18750000 0.25000000
vt 0.20312500 0.25000000
vt 0.21875000 0.25000000
vt 0.23437500 0.25000000
vt 0.25000000 0.25000000
vt 0.26562500 0.25000000
vt 0.28125000 0.25000000
vt 0.29687500 0.25000000
vt 0.31250000 0.25000000
vt 0.32812500 0.25000000
vt 0.34375000 0.25000000
vt 0.35937500 0.25000000
vt 0.37500000 0.25000000
vt 0.39062500 0.25000000
vt 0.40625000 0.25000000
vt 0.42187500 0.25000000
vt 0.43750000 0.25000000
vt 0.45312500 0.25000000
vt 0.46875000 0.25000000
vt 0.48437500 0.25000000
vt 0.50000000 0.25000000
vt 0.51562500 0.25000000
vt 0.53125000 0.25000000
vt 0.54687500 0.25000000
vt 0.56250000 0.25000000
vt 0.57812500 0.25000000
vt 0.59375000 0.25000000
vt 0.60937500 0.25000000
vt 0.62500000 0.25000000
vt 0.64062500 0.25000000
vt 0.65625000 0.25000000
vt 0.67187500 0.25000000
vt 0.68750000 0.25000000
vt 0.70312500 0.25000000
vt 0.71875000 0.25000000
vt 0.73437500 0.25000000
vt 0.75000000 0.25000000
vt 0.76562500 0.25000000
vt 0.78125000 0.25000000
vt 0.79687500 0.25000000
vt 0.81250000 0.25000000
vt 0.82812500 0.25000000
vt 0.84375000 0.25000000
vt 0.85937500 0.25000000
vt 0.87500000 0.25000000
vt 0.89062500 0.25000000
vt 0.90625000 0.25000000
vt 0.92187500 0.25000000
vt 0.93750000 0.25000000
vt 0.95312500 0.25000000
vt 0.96875000 0.25000000
vt 0.98437500 0.25000000
vt 1.00000000 0.25000000
vt 0.00000000 1.00000000
vt 0.01562500 1.00000000
vt 0.03125000 1.00000000
vt 0.04687500 1.00000000
vt 0.06250000 1.00000000
vt 0.07812500 1.00000000
vt 0.09375000 1.00000000
vt 0.10937500 1.00000000
vt 0.12500000 1.00000000
vt 0.14062500 1.00000000
vt 0.15625000 1.00000000
vt 0.17187500 1.00000000
vt 0.18750000 1.00000000
vt 0.20312500 1.00000000
vt 0.21875000 1.00000000
vt 0.23437500 1.00000000
vt 0.25000000 1.00000000
vt 0.26562500 1.00000000
vt 0.28125000 1.00000000
vt 0.29687500 1.00000000
vt 0.31250000 1.00000000
vt 0.32812500 1.00000000
vt 0.34375000 1.00000000
vt 0.35937500 1.00000000
vt 0.37500000 1.00000000
vt 0.39062500 1.00000000
vt 0.40625000 1.00000000
vt 0.42187500 1.00000000
vt 0.43750000 1.00000000
vt 0.45312500 1.00000000
vt 0.46875000 1.00000000
vt 0.48437500 1.00000000
vt 0.50000000 1.00000000
vt 0.51562500 1.00000000
vt 0.53125000 1.00000000
vt 0.54687500 1.00000000
vt 0.56250000 1.00000000
vt 0.57812500 1.00000000
vt 0.59375000 1.00000000
vt 0.60937500 1.00000000
vt 0.62500000 1.00000000
vt 0.64062500 1.00000000
vt 0.65625000 1.00000000
vt 0.67187500 1.00000000
vt 0.68750000 1.00000000
vt 0.70312500 1.00000000
vt 0.71875000 1.00000000
vt 0.73437500 1.00000000
vt 0.75000000 1.00000000
vt 0.76562500 1.00000000
vt 0.78125000 1.00000000
vt 0.79687500 1.00000000
vt 0.81250000 1.00000000
vt 0.82812500 1.00000000
vt 0.84375000 1.00000000
vt 0.85937500 1.00000000
vt 0.87500000 1.00000000
vt 0.89062500 1.00000000
vt 0.90625000 1.00000000
vt 0.92187500 1.00000000
vt 0.93750000 1.00000000
vt 0.95312500 1.00000000
vt 0.96875000 1.00000000
vt 0.98437500 1.00000000
vt 1.00000000 1.00000000
vt 0.13750000 0.01500000
vt 0.13906250 0.01500000
vt 0.14062500 0.01500000
vt 0.14218750 0.01500000
vt 0.14375000 0.01500000
vt 0.14531250 0.01500000
vt 0.14687500 0.01500000
vt 0.14843750 0.01500000
vt 0.15000000 0.01500000
vt 0.15156250 0.01500000
vt 0.15312500 0.01500000
vt 0.15468750 0.01500000
vt 0.15625000 0.01500000
vt 0.15781250 0.01500000
vt 0.15937500 0.01500000
vt 0.16093750 0.01500000
vt 0.16250000 0.01500000
vt 0.16406250 0.01500000
vt 0.16562500 0.01500000
vt 0.16718750 0.01500000
vt 0.16875000 0.01500000
vt 0.17031250 0.01500000
vt 0.17187500 0.01500000
vt 0.17343750 0.01500000
vt 0.17500000 0.01500000
vt 0.17656250 0.01500000
vt 0.17812500 0.01500000
vt 0.17968750 0.01500000
vt 0.18125000 0.01500000
vt 0.18281250 0.01500000
vt 0.18437500 0.01500000
vt 0.18593750 0.01500000
vt 0.18750000 0.01500000
vt 0.18906250 0.01500000
vt 0.19062500 0.01500000
vt 0.19218750 0.01500000
vt 0.19375000 0.01500000
vt 0.19531250 0.01500000
vt 0.19687500 0.01500000
vt 0.19843750 0.01500000
vt 0.20000000 0.01500000
vt 0.20156250 0.01500000
vt 0.20312500 0.01500000
vt 0.20468750 0.01500000
vt 0.20625000 0.01500000
vt 0.20781250 0.01500000
vt 0.20937500 0.01500000
vt 0.21093750 0.01500000
vt 0.21250000 0.01500000
vt 0.21406250 0.01500000
vt 0.21562500 0.01500000
vt 0.21718750 0.01500000
vt 0.21875000 0.01500000
vt 0.22031250 0.01500000
vt 0.22187500 0.01500000
vt 0.22343750 0.01500000
vt 0.22500000 0.01500000
vt 0.22656250 0.01500000
vt 0.22812500 0.01500000
vt 0.22968750 0.01500000
vt 0.23125000 0.01500000
vt 0.23281250 0.01500000
vt 0.23437500 0.01500000
vt 0.23593750 0.01500000
vt 0.23750000 0.01500000
vt 0.13750000 0.06000000
vt 0.13906250 0.06000000
vt 0.14062500 0.06000000
vt 0.14218750 0.06000000
vt 0.14375000 0.06000000
vt 0.14531250 0.06000000
vt 0.14687500 0.06000000
vt 0.14843750 0.06000000
vt 0.15000000 0.06000000
vt 0.15156250 0.06000000
vt 0.15312500 0.06000000
vt 0.15468750 0.06000000
vt 0.15625000 0.06000000
vt 0.15781250 0.06000000
vt 0.15937500 0.06000000
vt 0.16093750 0.06000000
vt 0.16250000 0.06000000
vt 0.16406250 0.06000000
vt 0.16562500 0.06000000
vt 0.16718750 0.06000000
vt 0.16875000 0.06000000
vt 0.17031250 0.06000000
vt 0.17187500 0.06000000
vt 0.17343750 0.06000000
vt 0.17500000 0.06000000
vt 0.17656250 0.06000000
vt 0.17812500 0.06000000
vt 0.17968750 0.06000000
vt 0.18125000 0.06000000
vt 0.18281250 0.06000000
vt 0.18437500 0.06000000
vt 0.18593750 0.06000000
vt 0.18750000 0.06000000
vt 0.18906250 0.06000000
vt 0.19062500 0.06000000
vt 0.19218750 0.06000000
vt 0.19375000 0.06000000
vt 0.19531250 0.06000000
vt 0.19687500 0.06000000
vt 0.19843750 0.06000000
vt 0.20000000 0.06000000
vt 0.20156250 0.06000000
vt 0.20312500 0.06000000
vt 0.20468750 0.06000000
vt 0.20625000 0.06000000
vt 0.20781250 0.06000000
vt 0.20937500 0.06000000
vt 0.21093750 0.06000000
vt 0.21250000 0.06000000
vt 0.21406250 0.06000000
vt 0.21562500 0.06000000
vt 0.21718750 0.06000000
vt 0.21875000 0.06000000
vt 0.22031250 0.06000000
vt 0.22187500 0.06000000
vt 0.22343750 0.06000000
vt 0.22500000 0.06000000
vt 0.22656250 0.06000000
vt 0.22812500 0.06000000
vt 0.22968750 0.06000000
vt 0.23125000 0.06000000
vt 0.23281250 0.06000000
vt 0.23437500 0.06000000
vt 0.23593750 0.06000000
vt 0.23750000 0.06000000
vt 0.13750000 0.10500000
vt 0.13906250 0.10500000
vt 0.14062500 0.10500000
vt 0.14218750 0.10500000
vt 0.14375000 0.10500000
vt 0.14531250 0.10500000
vt 0.14687500 0.10500000
vt 0.14843750 0.10500000
vt 0.15000000 0.10500000
vt 0.15156250 0.10500000
vt 0.15312500 0.10500000
vt 0.15468750 0.10500000
vt 0.15625000 0.10500000
vt 0.15781250 0.10500000
vt 0.15937500 0.10500000
vt 0.16093750 0.10500000
vt 0.16250000 0.10500000
vt 0.16406250 0.10500000
vt 0.16562500 0.10500000
vt 0.16718750 0.10500000
vt 0.16875000 0.10500000
vt 0.17031250 0.10500000
vt 0.17187500 0.10500000
vt 0.17343750 0.10500000
vt 0.17500000 0.10500000
vt 0.17656250 0.10500000
vt 0.17812500 0.10500000
vt 0.17968750 0.10500000
vt 0.18125000 0.10500000
vt 0.18281250 0.10500000
vt 0.18437500 0.10500000
vt 0.18593750 0.10500000
vt 0.18750000 0.10500000
vt 0.18906250 0.10500000
vt 0.19062500 0.10500000
vt 0.19218750 0.10500000
vt 0.19375000 0.10500000
vt 0.19531250 0.10500000
vt 0.19687500 0.10500000
vt 0.19843750 0.10500000
vt 0.20000000 0.10500000
vt 0.20156250 0.10500000
vt 0.20312500 0.10500000
vt 0.20468750 0.10500000
vt 0.20625000 0.10500000
vt 0.20781250 0.10500000
vt 0.20937500 0.10500000
vt 0.21093750 0.10500000
vt 0.21250000 0.10500000
vt 0.21406250 0.10500000
vt 0.21562500 0.10500000
vt 0.21718750 0.10500000
vt 0.21875000 0.10500000
vt 0.22031250 0.10500000
vt 0.22187500 0.10500000
vt 0.22343750 0.10500000
vt 0.22500000 0.10500000
vt 0.22656250 0.10500000
vt 0.22812500 0.10500000
vt 0.22968750 0.10500000
vt 0.23125000 0.10500000
vt 0.23281250 0.10500000
vt 0.23437500 0.10500000
vt 0.23593750 0.10500000
vt 0.23750000 0.10500000
vt 0.13750000 0.15000000
vt 0.13906250 0.15000000
vt 0.14062500 0.15000000
vt 0.14218750 0.15000000
vt 0.14375000 0.15000000
vt 0.14531250 0.15000000
vt 0.14687500 0.15000000
vt 0.14843750 0.15000000
vt 0.15000000 0.15000000
vt 0.15156250 0.15000000
vt 0.15312500 0.15000000
vt 0.15468750 0.15000000
vt 0.15625000 0.15000000
vt 0.15781250 0.15000000
vt 0.15937500 0.15000000
vt 0.16093750 0.15000000
vt 0.16250000 0.15000000
vt 0.16406250 0.15000000
vt 0.16562500 0.15000000
vt 0.16718750 0.15000000
vt 0.16875000 0.15000000
vt 0.17031250 0.15000000
vt 0.17187500 0.15000000
vt 0.17343750 0.15000000
vt 0.17500000 0.15000000
vt 0.17656250 0.15000000
vt 0.17812500 0.15000000
vt 0.17968750 0.15000000
vt 0.18125000 0.15000000
vt 0.18281250 0.15000000
vt 0.18437500 0.15000000
vt 0.18593750 0.15000000
vt 0.18750000 0.15000000
vt 0.18906250 0.15000000
vt 0.19062500 0.15000000
vt 0.19218750 0.15000000
vt 0.19375000 0.15000000
vt 0.19531250 0.15000000
vt 0.19687500 0.15000000
vt 0.19843750 0.15000000
vt 0.20000000 0.15000000
vt 0.20156250 0.15000000
vt 0.20312500 0.15000000
vt 0.20468750 0.15000000
vt 0.20625000 0.15000000
vt 0.20781250 0.15000000
vt 0.20937500 0.15000000
vt 0.21093750 0.15000000
vt 0.21250000 0.15000000
vt 0.21406250 0.15000000
vt 0.21562500 0.15000000
vt 0.21718750 0.15000000
vt 0.21875000 0.15000000
vt 0.22031250 0.15000000
vt 0.22187500 0.15000000
vt 0.22343750 0.15000000
vt 0.22500000 0.15000000
vt 0.22656250 0.15000000
vt 0.22812500 0.15000000
vt 0.22968750 0.15000000
vt 0.23125000 0.15000000
vt 0.23281250 0.15000000
vt 0.23437500 0.15000000
vt 0.23593750 0.15000000
vt 0.23750000 0.15000000
vt 0.13750000 0.19500000
vt 0.13906250 0.19500000
vt 0.14062500 0.19500000
vt 0.14218750 0.19500000
vt 0.14375000 0.19500000
vt 0.14531250 0.19500000
vt 0.14687500 0.19500000
vt 0.14843750 0.19500000
vt 0.15000000 0.19500000
vt 0.15156250 0.19500000
vt 0.15312500 0.19500000
vt 0.15468750 0.19500000
vt 0.15625000 0.19500000
vt 0.15781250 0.19500000
vt 0.15937500 0.19500000
vt 0.16093750 0.19500000
vt 0.16250000 0.19500000
vt 0.16406250 0.19500000
vt 0.16562500 0.19500000
vt 0.16718750 0.19500000
vt 0.16875000 0.19500000
vt 0.17031250 0.19500000
vt 0.17187500 0.19500000
vt 0.17343750 0.19500000
vt 0.17500000 0.19500000
vt 0.17656250 0.19500000
vt 0.17812500 0.19500000
vt 0.17968750 0.19500000
vt 0.18125000 0.19500000
vt 0.18281250 0.19500000
vt 0.18437500 0.19500000
vt 0.18593750 0.19500000
vt 0.18750000 0.19500000
vt 0.18906250 0.19500000
vt 0.19062500 0.19500000
vt 0.19218750 0.19500000
vt 0.19375000 0.19500000
vt 0.19531250 0.19500000
vt 0.19687500 0.19500000
vt 0.19843750 0.19500000
vt 0.20000000 0.19500000
vt 0.20156250 0.19500000
vt 0.20312500 0.19500000
vt 0.20468750 0.19500000
vt 0.20625000 0.19500000
vt 0.20781250 0.19500000
vt 0.20937500 0.19500000
vt 0.21093750 0.19500000
vt 0.21250000 0.19500000
vt 0.21406250 0.19500000
vt 0.21562500 0.19500000
vt 0.21718750 0.19500000
vt 0.21875000 0.19500000
vt 0.22031250 0.19500000
vt 0.22187500 0.19500000
vt 0.22343750 0.19500000
vt 0.22500000 0.19500000
vt 0.22656250 0.19500000
vt 0.22812500 0.19500000
vt 0.22968750 0.19500000
vt 0.23125000 0.19500000
vt 0.23281250 0.19500000
vt 0.23437500 0.19500000
vt 0.23593750 0.19500000
vt 0.23750000 0.19500000
vt 0.18750000 0.10000000
vt 0.18750000 0.10000000
vt 0.26250000 0.01500000
vt 0.26406250 0.01500000
vt 0.26562500 0.01500000
vt 0.26718750 0.01500000
vt 0.26875000 0.01500000
vt 0.27031250 0.01500000
vt 0.27187500 0.01500000
vt 0.27343750 0.01500000
vt 0.27500000 0.01500000
vt 0.27656250 0.01500000
vt 0.27812500 0.01500000
vt 0.27968750 0.01500000
vt 0.28125000 0.01500000
vt 0.28281250 0.01500000
vt 0.28437500 0.01500000
vt 0.28593750 0.01500000
vt 0.28750000 0.01500000
vt 0.28906250 0.01500000
vt 0.29062500 0.01500000
vt 0.29218750 0.01500000
vt 0.29375000 0.01500000
vt 0.29531250 0.01500000
vt 0.29687500 0.01500000
vt 0.29843750 0.01500000
vt 0.30000000 0.01500000
vt 0.30156250 0.01500000
vt 0.30312500 0.01500000
vt 0.30468750 0.01500000
vt 0.30625000 0.01500000
vt 0.30781250 0.01500000
vt 0.30937500 0.01500000
vt 0.31093750 0.01500000
vt 0.31250000 0.01500000
vt 0.31406250 0.01500000
vt 0.31562500 0.01500000
vt 0.31718750 0.01500000
vt 0.31875000 0.01500000
vt 0.32031250 0.01500000
vt 0.32187500 0.01500000
vt 0.32343750 0.01500000
vt 0.32500000 0.01500000
vt 0.32656250 0.01500000
vt 0.32812500 0.01500000
vt 0.32968750 0.01500000
vt 0.33125000 0.01500000
vt 0.33281250 0.01500000
vt 0.33437500 0.01500000
vt 0.33593750 0.01500000
vt 0.33750000 0.01500000
vt 0.33906250 0.01500000
vt 0.34062500 0.01500000
vt 0.34218750 0.01500000
vt 0.34375000 0.01500000
vt 0.34531250 0.01500000
vt 0.34687500 0.01500000
vt 0.34843750 0.01500000
vt 0.35000000 0.01500000
vt 0.35156250 0.01500000
vt 0.35312500 0.01500000
vt 0.35468750 0.01500000
vt 0.35625000 0.01500000
vt 0.35781250 0.01500000
vt 0.35937500 0.01500000
vt 0.36093750 0.01500000
vt 0.36250000 0.01500000
vt 0.26250000 0.19500000
vt 0.26406250 0.19500000
vt 0.26562500 0.19500000
vt 0.26718750 0.19500000
vt 0.26875000 0.19500000
vt 0.27031250 0.19500000
vt 0.27187500 0.19500000
vt 0.27343750 0.19500000
vt 0.27500000 0.19500000
vt 0.27656250 0.19500000
vt 0.27812500 0.19500000
vt 0.27968750 0.19500000
vt 0.28125000 0.19500000
vt 0.28281250 0.19500000
vt 0.28437500 0.19500000
vt 0.28593750 0.19500000
vt 0.28750000 0.19500000
vt 0.28906250 0.19500000
vt 0.29062500 0.19500000
vt 0.29218750 0.19500000
vt 0.29375000 0.19500000
vt 0.29531250 0.19500000
vt 0.29687500 0.19500000
vt 0.29843750 0.19500000
vt 0.30000000 0.19500000
vt 0.30156250 0.19500000
vt 0.30312500 0.19500000
vt 0.30468750 0.19500000
vt 0.30625000 0.19500000
vt 0.30781250 0.19500000
vt 0.30937500 0.19500000
vt 0.31093750 0.19500000
vt 0.31250000 0.19500000
vt 0.31406250 0.19500000
vt 0.31562500 0.19500000
vt 0.31718750 0.19500000
vt 0.31875000 0.19500000
vt 0.32031250 0.19500000
vt 0.32187500 0.19500000
vt 0.32343750 0.19500000
vt 0.32500000 0.19500000
vt 0.32656250 0.19500000
vt 0.32812500 0.19500000
vt 0.32968750 0.19500000
vt 0.33125000 0.19500000
vt 0.33281250 0.19500000
vt 0.33437500 0.19500000
vt 0.33593750 0.19500000
vt 0.33750000 0.19500000
vt 0.33906250 0.19500000
vt 0.34062500 0.19500000
vt 0.34218750 0.19500000
vt 0.34375000 0.19500000
vt 0.34531250 0.19500000
vt 0.34687500 0.19500000
vt 0.34843750 0.19500000
vt 0.35000000 0.19500000
vt 0.35156250 0.19500000
vt 0.35312500 0.19500000
vt 0.35468750 0.19500000
vt 0.35625000 0.19500000
vt 0.35781250 0.19500000
vt 0.35937500 0.19500000
vt 0.36093750 0.19500000
vt 0.36250000 0.19500000
vt 0.31250000 0.10000000
vt 0.31250000 0.10000000
vt 0.18750000 0.10000000
vt 0.18750000 0.10000000
vt 0.18750000 0.10000000
vt 0.18750000 0.10000000
vt 0.18750000 0.10000000
vt 0.18750000 0.10000000
vt 0.18750000 0.10000000
vt 0.18750000 0.10000000
vt 0.18750000 0.10000000
vt 0.18750000 0.10000000
vt 0.18750000 0.10000000
vt 0.18750000 0.10000000
vt 0.18750000 0.10000000
vt 0.18750000 0.10000000
vt 0.18750000 0.10000000
vt 0.18750000 0.10000000
vt 0.18750000 0.10000000
vt 0.18750000 0.10000000
vt 0.18750000 0.10000000
vt 0.18750000 0.10000000
vt 0.18750000 0.10000000
vt 0.18750000 0.10000000
vt 0.18750000 0.10000000
vt 0.18750000 0.10000000
vt 0.18750000 0.10000000
vt 0.18750000 0.10000000
vt 0.18750000 0.10000000
vt 0.18750000 0.10000000
vt 0.18750000 0.10000000
vt 0.18750000 0.10000000
vt 0.18750000 0.10000000
vt 0.18750000 0.10000000
vt 0.18750000 0.10000000
vt 0.18750000 0.10000000
vt 0.18750000 0.10000000
vt 0.18750000 0.10000000
vt 0.18750000 0.10000000
vt 0.18750000 0.10000000
vt 0.18750000 0.10000000
vt 0.18750000 0.10000000
vt 0.18750000 0.10000000
vt 0.18750000 0.10000000
vt 0.18750000 0.10000000
vt 0.18750000 0.10000000
vt 0.18750000 0.10000000
vt 0.18750000 0.10000000
vt 0.18750000 0.10000000
vt 0.18750000 0.10000000
vt 0.18750000 0.10000000
vt 0.18750000 0.10000000
vt 0.18750000 0.10000000
vt 0.18750000 0.10000000
vt 0.18750000 0.10000000
vt 0.18750000 0.10000000
vt 0.18750000 0.10000000
vt 0.18750000 0.10000000
vt 0.18750000 0.10000000
vt 0.18750000 0.10000000
vt 0.18750000 0.10000000
vt 0.18750000 0.10000000
vt 0.18750000 0.10000000
vt 0.18750000 0.10000000
vt 0.18750000 0.10000000
vt 0.18750000 0.10000000
vt 0.18750000 0.10000000
vt 0.18750000 0.10000000
vt 0.18750000 0.10000000
vt 0.18750000 0.10000000
vt 0.18750000 0.10000000
vt 0.18750000 0.10000000
vt 0.18750000 0.10000000
vt 0.18750000 0.10000000
vt 0.18750000 0.10000000
vt 0.18750000 0.10000000
vt 0.18750000 0.10000000
vt 0.18750000 0.10000000
vt 0.18750000 0.10000000
vt 0.18750000 0.10000000
vt 0.18750000 0.10000000
vt 0.18750000 0.10000000
vt 0.18750000 0.10000000
vt 0.18750000 0.10000000
vt 0.18750000 0.10000000
vt 0.18750000 0.10000000
vt 0.18750000 0.10000000
vt 0.18750000 0.10000000
vt 0.18750000 0.10000000
vt 0.18750000 0.10000000
vt 0.18750000 0.10000000
vt 0.18750000 0.10000000
vt 0.18750000 0.10000000
vt 0.18750000 0.10000000
vt 0.18750000 0.10000000
vt 0.18750000 0.10000000
vt 0.18750000 0.10000000
vt 0.18750000 0.10000000
vt 0.18750000 0.10000000
vt 0.18750000 0.10000000
vt 0.18750000 0.10000000
vt 0.18750000 0.10000000
vt 0.18750000 0.10000000
vt 0.18750000 0.10000000
vt 0.18750000 0.10000000
vt 0.18750000 0.10000000
vt 0.18750000 0.10000000
vt 0.18750000 0.10000000
vt 0.18750000 0.10000000
vt 0.18750000 0.10000000
vt 0.18750000 0.10000000
vt 0.18750000 0.10000000
vt 0.18750000 0.10000000
vt 0.18750000 0.10000000
vt 0.18750000 0.10000000
vt 0.18750000 0.10000000
vt 0.18750000 0.10000000
vt 0.18750000 0.10000000
vt 0.18750000 0.10000000
vt 0.18750000 0.10000000
vt 0.18750000 0.10000000
vt 0.18750000 0.10000000
vt 0.18750000 0.10000000
vt 0.18750000 0.10000000
vt 0.18750000 0.10000000
vt 0.18750000 0.10000000
vt 0.18750000 0.10000000
vt 0.18750000 0.10000000
vt 0.18750000 0.10000000
vt 0.18750000 0.10000000
vt 0.18750000 0.10000000
vt 0.18750000 0.10000000
vt 0.18750000 0.10000000
vt 0.18750000 0.10000000
vt 0.18750000 0.10000000
vt 0.18750000 0.10000000
vt 0.18750000 0.10000000
vt 0.18750000 0.10000000
vt 0.18750000 0.10000000
vt 0.18750000 0.10000000
vt 0.18750000 0.10000000
vt 0.18750000 0.10000000
vt 0.18750000 0.10000000
vt 0.18750000 0.10000000
vt 0.18750000 0.10000000
vt 0.18750000 0.10000000
vt 0.18750000 0.10000000
vt 0.18750000 0.10000000
vt 0.18750000 0.10000000
vt 0.18750000 0.10000000
vt 0.18750000 0.10000000
vt 0.18750000 0.10000000
vt 0.18750000 0.10000000
vt 0.18750000 0.10000000
vt 0.18750000 0.10000000
vt 0.18750000 0.10000000
vt 0.18750000 0.10000000
vt 0.18750000 0.10000000
vt 0.18750000 0.10000000
vt 0.18750000 0.10000000
vt 0.18750000 0.10000000
vt 0.18750000 0.10000000
vt 0.18750000 0.10000000
vt 0.18750000 0.10000000
vt 0.18750000 0.10000000
vt 0.18750000 0.10000000
vt 0.18750000 0.10000000
vt 0.18750000 0.10000000
vt 0.18750000 0.10000000
vt 0.18750000 0.10000000
vt 0.18750000 0.10000000
vt 0.18750000 0.10000000
vt 0.18750000 0.10000000
vt 0.18750000 0.10000000
vt 0.18750000 0.10000000
vt 0.18750000 0.10000000
vt 0.18750000 0.10000000
vt 0.18750000 0.10000000
vt 0.18750000 0.10000000
vt 0.18750000 0.10000000
vt 0.18750000 0.10000000
vt 0.18750000 0.10000000
vt 0.18750000 0.10000000
vt 0.18750000 0.10000000
vt 0.18750000 0.10000000
vt 0.18750000 0.10000000
vt 0.18750000 0.10000000
vt 0.18750000 0.10000000
vt 0.18750000 0.10000000
vt 0.18750000 0.10000000
vt 0.18750000 0.10000000
vt 0.18750000 0.10000000
vt 0.18750000 0.10000000
vt 0.18750000 0.10000000
vt 0.18750000 0.10000000
vt 0.18750000 0.10000000
vt 0.18750000 0.10000000
vt 0.18750000 0.10000000
vt 0.18750000 0.10000000
vt 0.18750000 0.10000000
vt 0.18750000 0.10000000
vt 0.18750000 0.10000000
vt 0.18750000 0.10000000
vt 0.18750000 0.10000000
vt 0.18750000 0.10000000
vt 0.18750000 0.10000000
vt 0.18750000 0.10000000
vt 0.18750000 0.10000000
vt 0.18750000 0.10000000
vt 0.18750000 0.10000000
vt 0.18750000 0.10000000
vt 0.18750000 0.10000000
vt 0.18750000 0.10000000
vt 0.18750000 0.10000000
vt 0.18750000 0.10000000
vt 0.18750000 0.10000000
vt 0.18750000 0.10000000
vt 0.18750000 0.10000000
vt 0.18750000 0.10000000
vt 0.18750000 0.10000000
vt 0.18750000 0.10000000
vt 0.18750000 0.10000000
vt 0.18750000 0.10000000
vt 0.18750000 0.10000000
vt 0.18750000 0.10000000
vt 0.18750000 0.10000000
vt 0.18750000 0.10000000
vt 0.18750000 0.10000000
vt 0.18750000 0.10000000
vt 0.18750000 0.10000000
vt 0.18750000 0.10000000
vt 0.18750000 0.10000000
vt 0.18750000 0.10000000
vt 0.18750000 0.10000000
vt 0.18750000 0.10000000
vt 0.18750000 0.10000000
vt 0.18750000 0.10000000
vt 0.18750000 0.10000000
vt 0.18750000 0.10000000
vt 0.18750000 0.10000000
vt 0.18750000 0.10000000
vt 0.18750000 0.10000000
vt 0.18750000 0.10000000
vt 0.18750000 0.10000000
vt 0.18750000 0.10000000
vt 0.18750000 0.10000000
vt 0.18750000 0.10000000
vt 0.18750000 0.10000000
vt 0.18750000 0.10000000
vt 0.18750000 0.10000000
vt 0.18750000 0.10000000
vt 0.18750000 0.10000000
vt 0.18750000 0.10000000
vt 0.18750000 0.10000000
vt 0.18750000 0.10000000
vt 0.18750000 0.10000000
vt 0.18750000 0.10000000
vt 0.18750000 0.10000000
vt 0.18750000 0.10000000
vt 0.18750000 0.10000000
vt 0.18750000 0.10000000
vt 0.18750000 0.10000000
vt 0.18750000 0.10000000
vt 0.18750000 0.10000000
vt 0.18750000 0.10000000
vt 0.18750000 0.10000000
vt 0.18750000 0.10000000
vt 0.18750000 0.10000000
vt 0.18750000 0.10000000
vt 0.18750000 0.10000000
vt 0.18750000 0.10000000
vt 0.18750000 0.10000000
vt 0.18750000 0.10000000
vt 0.18750000 0.10000000
vt 0.18750000 0.10000000
vt 0.18750000 0.10000000
vt 0.18750000 0.10000000
vt 0.18750000 0.10000000
vt 0.18750000 0.10000000
vt 0.18750000 0.10000000
vt 0.18750000 0.10000000
vt 0.18750000 0.10000000
vt 0.18750000 0.10000000
vt 0.18750000 0.10000000
vt 0.18750000 0.10000000
vt 0.18750000 0.10000000
vt 0.18750000 0.10000000
vt 0.18750000 0.10000000
vt 0.18750000 0.10000000
vt 0.18750000 0.10000000
vt 0.18750000 0.10000000
vt 0.18750000 0.10000000
vt 0.18750000 0.10000000
vt 0.18750000 0.10000000
vt 0.18750000 0.10000000
vt 0.18750000 0.10000000
vt 0.18750000 0.10000000
vt 0.18750000 0.10000000
vt 0.18750000 0.10000000
vt 0.18750000 0.10000000
vt 0.18750000 0.10000000
vt 0.18750000 0.10000000
vt 0.18750000 0.10000000
vt 0.18750000 0.10000000
vt 0.18750000 0.10000000
vt 0.18750000 0.10000000
vt 0.18750000 0.10000000
vt 0.18750000 0.10000000
vt 0.18750000 0.10000000
vt 0.18750000 0.10000000
vt 0.18750000 0.10000000
vt 0.18750000 0.10000000
vt 0.18750000 0.10000000
vt 0.18750000 0.10000000
vt 0.18750000 0.10000000
vt 0.18750000 0.10000000
vt 0.18750000 0.10000000
vt 0.18750000 0.10000000
vt 0.18750000 0.10000000
vt 0.18750000 0.10000000
vt 0.18750000 0.10000000
vt 0.18750000 0.10000000
vt 0.18750000 0.10000000
vt 0.18750000 0.10000000
vt 0.18750000 0.10000000
vt 0.18750000 0.10000000
vt 0.18750000 0.10000000
vt 0.18750000 0.10000000
vt 0.18750000 0.10000000
vt 0.18750000 0.10000000
vt 0.18750000 0.10000000
vt 0.18750000 0.10000000
vt 0.18750000 0.10000000
vt 0.18750000 0.10000000
vt 0.18750000 0.10000000
vt 0.18750000 0.10000000
vt 0.18750000 0.10000000
vt 0.18750000 0.10000000
vt 0.18750000 0.10000000
vt 0.18750000 0.10000000
vt 0.18750000 0.10000000
vt 0.18750000 0.10000000
vt 0.18750000 0.10000000
vt 0.18750000 0.10000000
vt 0.18750000 0.10000000
vt 0.18750000 0.10000000
vt 0.18750000 0.10000000
vt 0.18750000 0.10000000
vt 0.18750000 0.10000000
vt 0.18750000 0.10000000
vt 0.18750000 0.10000000
vt 0.18750000 0.10000000
vt 0.18750000 0.10000000
vt 0.18750000 0.10000000
vt 0.18750000 0.10000000
vt 0.18750000 0.10000000
vt 0.18750000 0.10000000
vt 0.18750000 0.10000000
vt 0.18750000 0.10000000
vt 0.18750000 0.10000000
vt 0.18750000 0.10000000
vt 0.18750000 0.10000000
vt 0.18750000 0.10000000
vt 0.18750000 0.10000000
vt 0.18750000 0.10000000
vt 0.18750000 0.10000000
vt 0.18750000 0.10000000
vt 0.18750000 0.10000000
vt 0.18750000 0.10000000
vt 0.18750000 0.10000000
vt 0.18750000 0.10000000
vt 0.18750000 0.10000000
vt 0.18750000 0.10000000
vt 0.18750000 0.10000000
vt 0.18750000 0.10000000
vt 0.18750000 0.10000000
vt 0.18750000 0.10000000
vt 0.18750000 0.10000000
vt 0.18750000 0.10000000
vt 0.18750000 0.10000000
vt 0.18750000 0.10000000
vt 0.18750000 0.10000000
vt 0.18750000 0.10000000
vt 0.18750000 0.10000000
vt 0.18750000 0.10000000
vt 0.18750000 0.10000000
vt 0.18750000 0.10000000
vt 0.18750000 0.10000000
vt 0.18750000 0.10000000
vt 0.18750000 0.10000000
vt 0.18750000 0.10000000
vt 0.18750000 0.10000000
vt 0.18750000 0.10000000
vt 0.18750000 0.10000000
vt 0.18750000 0.10000000
vt 0.18750000 0.10000000
vt 0.18750000 0.10000000
vt 0.18750000 0.10000000
vt 0.18750000 0.10000000
vt 0.18750000 0.10000000
vt 0.18750000 0.10000000
vt 0.18750000 0.10000000
vt 0.18750000 0.10000000
vt 0.18750000 0.10000000
vt 0.18750000 0.10000000
vt 0.18750000 0.10000000
vt 0.18750000 0.10000000
vt 0.18750000 0.10000000
vt 0.18750000 0.10000000
vt 0.18750000 0.10000000
vt 0.18750000 0.10000000
vt 0.18750000 0.10000000
vt 0.18750000 0.10000000
vt 0.18750000 0.10000000
vt 0.18750000 0.10000000
vt 0.18750000 0.10000000
vt 0.18750000 0.10000000
vt 0.18750000 0.10000000
vt 0.18750000 0.10000000
vt 0.18750000 0.10000000
vt 0.18750000 0.10000000
vt 0.18750000 0.10000000
vt 0.18750000 0.10000000
vt 0.18750000 0.10000000
vt 0.18750000 0.10000000
vt 0.18750000 0.10000000
vt 0.18750000 0.10000000
vt 0.18750000 0.10000000
vt 0.18750000 0.10000000
vt 0.18750000 0.10000000
vt 0.18750000 0.10000000
vt 0.18750000 0.10000000
vt 0.18750000 0.10000000
vt 0.18750000 0.10000000
vt 0.18750000 0.10000000
vt 0.18750000 0.10000000
vt 0.18750000 0.10000000
vt 0.18750000 0.10000000
vt 0.18750000 0.10000000
vt 0.18750000 0.10000000
vt 0.18750000 0.10000000
vt 0.18750000 0.10000000
vt 0.18750000 0.10000000
vt 0.18750000 0.10000000
vt 0.18750000 0.10000000
vt 0.18750000 0.10000000
vt 0.18750000 0.10000000
vt 0.18750000 0.10000000
vt 0.18750000 0.10000000
vt 0.18750000 0.10000000
vt 0.18750000 0.10000000
vt 0.18750000 0.10000000
vt 0.18750000 0.10000000
vt 0.18750000 0.10000000
vt 0.18750000 0.10000000
vt 0.18750000 0.10000000
vt 0.18750000 0.10000000
vt 0.18750000 0.10000000
vt 0.18750000 0.10000000
vt 0.18750000 0.10000000
vt 0.18750000 0.10000000
vt 0.18750000 0.10000000
vt 0.18750000 0.10000000
vt 0.18750000 0.10000000
vt 0.18750000 0.10000000
vt 0.18750000 0.10000000
vt 0.18750000 0.10000000
vt 0.18750000 0.10000000
vt 0.18750000 0.10000000
vt 0.18750000 0.10000000
vt 0.18750000 0.10000000
vt 0.18750000 0.10000000
vt 0.18750000 0.10000000
vt 0.18750000 0.10000000
vt 0.18750000 0.10000000
vt 0.18750000 0.10000000
vt 0.18750000 0.10000000
vt 0.18750000 0.10000000
vt 0.18750000 0.10000000
vt 0.18750000 0.10000000
vt 0.18750000 0.10000000
vt 0.18750000 0.10000000
vt 0.18750000 0.10000000
vt 0.18750000 0.10000000
vt 0.18750000 0.10000000
vt 0.18750000 0.10000000
vt 0.18750000 0.10000000
vt 0.18750000 0.10000000
vt 0.18750000 0.10000000
vt 0.18750000 0.10000000
vt 0.18750000 0.10000000
vt 0.18750000 0.10000000
vt 0.18750000 0.10000000
vt 0.18750000 0.10000000
vt 0.18750000 0.10000000
vt 0.18750000 0.10000000
vt 0.18750000 0.10000000
vt 0.18750000 0.10000000
vt 0.18750000 0.10000000
vt 0.18750000 0.10000000
vt 0.18750000 0.10000000
vt 0.18750000 0.10000000
vt 0.18750000 0.10000000
vt 0.18750000 0.10000000
vt 0.18750000 0.10000000
vt 0.18750000 0.10000000
vt 0.18750000 0.10000000
vt 0.18750000 0.10000000
vt 0.18750000 0.10000000
vt 0.18750000 0.10000000
vt 0.18750000 0.10000000
vt 0.18750000 0.10000000
vt 0.18750000 0.10000000
vt 0.18750000 0.10000000
vt 0.18750000 0.10000000
vt 0.18750000 0.10000000
vt 0.18750000 0.10000000
vt 0.18750000 0.10000000
vt 0.18750000 0.10000000
vt 0.18750000 0.10000000
vt 0.18750000 0.10000000
vt 0.18750000 0.10000000
vt 0.18750000 0.10000000
vt 0.18750000 0.10000000
vt 0.18750000 0.10000000
vt 0.18750000 0.10000000
vt 0.18750000 0.10000000
vt 0.18750000 0.10000000
vt 0.18750000 0.10000000
vt 0.18750000 0.10000000
vt 0.18750000 0.10000000
vt 0.18750000 0.10000000
vt 0.18750000 0.10000000
vt 0.18750000 0.10000000
vt 0.18750000 0.10000000
vt 0.18750000 0.10000000
vt 0.18750000 0.10000000
vt 0.18750000 0.10000000
vt 0.18750000 0.10000000
vt 0.18750000 0.10000000
vt 0.18750000 0.10000000
vt 0.18750000 0.10000000
vt 0.18750000 0.10000000
vt 0.18750000 0.10000000
vt 0.18750000 0.10000000
vt 0.18750000 0.10000000
vt 0.18750000 0.10000000
vt 0.18750000 0.10000000
vt 0.18750000 0.10000000
vt 0.18750000 0.10000000
vt 0.18750000 0.10000000
vt 0.18750000 0.10000000
vt 0.18750000 0.10000000
vt 0.18750000 0.10000000
vt 0.18750000 0.10000000
vt 0.18750000 0.10000000
vt 0.18750000 0.10000000
vt 0.18750000 0.10000000
vt 0.18750000 0.10000000
vt 0.18750000 0.10000000
vt 0.18750000 0.10000000
vt 0.18750000 0.10000000
vt 0.18750000 0.10000000
vt 0.18750000 0.10000000
vt 0.18750000 0.10000000
vt 0.18750000 0.10000000
vt 0.18750000 0.10000000
vt 0.18750000 0.10000000
vt 0.18750000 0.10000000
vt 0.18750000 0.10000000
vt 0.18750000 0.10000000
vt 0.18750000 0.10000000
vt 0.18750000 0.10000000
vt 0.18750000 0.10000000
vt 0.18750000 0.10000000
vt 0.18750000 0.10000000
vt 0.18750000 0.10000000
vt 0.18750000 0.10000000
vt 0.18750000 0.10000000
vt 0.18750000 0.10000000
vt 0.18750000 0.10000000
vt 0.18750000 0.10000000
vt 0.18750000 0.10000000
vt 0.18750000 0.10000000
vt 0.18750000 0.10000000
vt 0.18750000 0.10000000
vt 0.18750000 0.10000000
vt 0.18750000 0.10000000
vt 0.18750000 0.10000000
vt 0.18750000 0.10000000
vt 0.18750000 0.10000000
vt 0.18750000 0.10000000
vt 0.18750000 0.10000000
vt 0.18750000 0.10000000
vt 0.18750000 0.10000000
vt 0.18750000 0.10000000
vt 0.18750000 0.10000000
vt 0.18750000 0.10000000
vt 0.18750000 0.10000000
vt 0.18750000 0.10000000
vt 0.18750000 0.10000000
vt 0.18750000 0.10000000
vt 0.18750000 0.10000000
vt 0.18750000 0.10000000
vt 0.18750000 0.10000000
vt 0.18750000 0.10000000
vt 0.18750000 0.10000000
vt 0.18750000 0.10000000
vt 0.18750000 0.10000000
vt 0.18750000 0.10000000
vt 0.18750000 0.10000000
vt 0.18750000 0.10000000
vt 0.18750000 0.10000000
vt 0.18750000 0.10000000
vt 0.18750000 0.10000000
vt 0.18750000 0.10000000
vt 0.18750000 0.10000000
vt 0.18750000 0.10000000
vt 0.18750000 0.10000000
vt 0.18750000 0.10000000
vt 0.18750000 0.10000000
vt 0.18750000 0.10000000
vt 0.18750000 0.10000000
vt 0.18750000 0.10000000
vt 0.18750000 0.10000000
vt 0.18750000 0.10000000
vt 0.18750000 0.10000000
vt 0.18750000 0.10000000
vt 0.18750000 0.10000000
vt 0.18750000 0.10000000
vt 0.18750000 0.10000000
vt 0.18750000 0.10000000
vt 0.18750000 0.10000000
vt 0.18750000 0.10000000
vt 0.18750000 0.10000000
vt 0.18750000 0.10000000
vt 0.18750000 0.10000000
vt 0.18750000 0.10000000
vt 0.18750000 0.10000000
f 1/1 2/2 67/67
f 1/1 67/67 66/66
f 2/2 3/3 68/68
f 2/2 68/68 67/67
f 3/3 4/4 69/69
f 3/3 69/69 68/68
f 4/4 5/5 70/70
f 4/4 70/70 69/69
f 5/5 6/6 71/71
f 5/5 71/71 70/70
f 6/6 7/7 72/72
f 6/6 72/72 71/71
f 7/7 8/8 73/73
f 7/7 73/73 72/72
f 8/8 9/9 74/74
f 8/8 74/74 73/73
f 9/9 10/10 75/75
f 9/9 75/75 74/74
f 10/10 11/11 76/76
f 10/10 76/76 75/75
f 11/11 12/12 77/77
f 11/11 77/77 76/76
f 12/12 13/13 78/78
f 12/12 78/78 77/77
f 13/13 14/14 79/79
f 13/13 79/79 78/78
f 14/14 15/15 80/80
f 14/14 80/80 79/79
f 15/15 16/16 81/81
f 15/15 81/81 80/80
f 16/16 17/17 82/82
f 16/16 82/82 81/81
f 17/17 18/18 83/83
f 17/17 83/83 82/82
f 18/18 19/19 84/84
f 18/18 84/84 83/83
f 19/19 20/20 85/85
f 19/19 85/85 84/84
f 20/20 21/21 86/86
f 20/20 86/86 85/85
f 21/21 22/22 87/87
f 21/21 87/87 86/86
f 22/22 23/23 88/88
f 22/22 88/88 87/87
f 23/23 24/24 89/89
f 23/23 89/89 88/88
f 24/24 25/25 90/90
f 24/24 90/90 89/89
f 25/25 26/26 91/91
f 25/25 91/91 90/90
f 26/26 27/27 92/92
f 26/26 92/92 91/91
f 27/27 28/28 93/93
f 27/27 93/93 92/92
f 28/28 29/29 94/94
f 28/28 94/94 93/93
f 29/29 30/30 95/95
f 29/29 95/95 94/94
f 30/30 31/31 96/96
f 30/30 96/96 95/95
f 31/31 32/32 97/97
f 31/31 97/97 96/96
f 32/32 33/33 98/98
f 32/32 98/98 97/97
f 33/33 34/34 99/99
f 33/33 99/99 98/98
f 34/34 35/35 100/100
f 34/34 100/100 99/99
f 35/35 36/36 101/101
f 35/35 101/101 100/100
f 36/36 37/37 102/102
f 36/36 102/102 101/101
f 37/37 38/38 103/103
f 37/37 103/103 102/102
f 38/38 39/39 104/104
f 38/38 104/104 103/103
f 39/39 40/40 105/105
f 39/39 105/105 104/104
f 40/40 41/41 106/106
f 40/40 106/106 105/105
f 41/41 42/42 107/107
f 41/41 107/107 106/106
f 42/42 43/43 108/108
f 42/42 108/108 107/107
f 43/43 44/44 109/109
f 43/43 109/109 108/108
f 44/44 45/45 110/110
f 44/44 110/110 109/109
f 45/45 46/46 111/111
f 45/45 111/111 110/110
f 46/46 47/47 112/112
f 46/46 112/112 111/111
f 47/47 48/48 113/113
f 47/47 113/113 112/112
f 48/48 49/49 114/114
f 48/48 114/114 113/113
f 49/49 50/50 115/115
f 49/49 115/115 114/114
f 50/50 51/51 116/116
f 50/50 116/116 115/115
f 51/51 52/52 117/117
f 51/51 117/117 116/116
f 52/52 53/53 118/118
f 52/52 118/118 117/117
f 53/53 54/54 119/119
f 53/53 119/119 118/118
f 54/54 55/55 120/120
f 54/54 120/120 119/119
f 55/55 56/56 121/121
f 55/55 121/121 120/120
f 56/56 57/57 122/122
f 56/56 122/122 121/121
f 57/57 58/58 123/123
f 57/57 123/123 122/122
f 58/58 59/59 124/124
f 58/58 124/124 123/123
f 59/59 60/60 125/125
f 59/59 125/125 124/124
f 60/60 61/61 126/126
f 60/60 126/126 125/125
f 61/61 62/62 127/127
f 61/61 127/127 126/126
f 62/62 63/63 128/128
f 62/62 128/128 127/127
f 63/63 64/64 129/129
f 63/63 129/129 128/128
f 64/64 65/65 130/130
f 64/64 130/130 129/129
f 66/66 67/67 132/132
f 66/66 132/132 131/131
f 67/67 68/68 133/133
f 67/67 133/133 132/132
f 68/68 69/69 134/134
f 68/68 134/134 133/133
f 69/69 70/70 135/135
f 69/69 135/135 134/134
f 70/70 71/71 136/136
f 70/70 136/136 135/135
f 71/71 72/72 137/137
f 71/71 137/137 136/136
f 72/72 73/73 138/138
f 72/72 138/138 137/137
f 73/73 74/74 139/139
f 73/73 139/139 138/138
f 74/74 75/75 140/140
f 74/74 140/140 139/139
f 75/75 76/76 141/141
f 75/75 141/141 140/140
f 76/76 77/77 142/142
f 76/76 142/142 141/141
f 77/77 78/78 143/143
f 77/77 143/143 142/142
f 78/78 79/79 144/144
f 78/78 144/144 143/143
f 79/79 80/80 145/145
f 79/79 145/145 144/144
f 80/80 81/81 146/146
f 80/80 146/146 145/145
f 81/81 82/82 147/147
f 81/81 147/147 146/146
f 82/82 83/83 148/148
f 82/82 148/148 147/147
f 83/83 84/84 149/149
f 83/83 149/149 148/148
f 84/84 85/85 150/150
f 84/84 150/150 149/149
f 85/85 86/86 151/151
f 85/85 151/151 150/150
f 86/86 87/87 152/152
f 86/86 152/152 151/151
f 87/87 88/88 153/153
f 87/87 153/153 152/152
f 88/88 89/89 154/154
f 88/88 154/154 153/153
f 89/89 90/90 155/155
f 89/89 155/155 154/154
f 90/90 91/91 156/156
f 90/90 156/156 155/155
f 91/91 92/92 157/157
f 91/91 157/157 156/156
f 92/92 93/93 158/158
f 92/92 158/158 157/157
f 93/93 94/94 159/159
f 93/93 159/159 158/158
f 94/94 95/95 160/160
f 94/94 160/160 159/159
f 95/95 96/96 161/161
f 95/95 161/161 160/160
f 96/96 97/97 162/162
f 96/96 162/162 161/161
f 97/97 98/98 163/163
f 97/97 163/163 162/162
f 98/98 99/99 164/164
f 98/98 164/164 163/163
f 99/99 100/100 165/165
f 99/99 165/165 164/164
f 100/100 101/101 166/166
f 100/100 166/166 165/165
f 101/101 102/102 167/167
f 101/101 167/167 166/166
f 102/102 103/103 168/168
f 102/102 168/168 167/167
f 103/103 104/104 169/169
f 103/103 169/169 168/168
f 104/104 105/105 170/170
f 104/104 170/170 169/169
f 105/105 106/106 171/171
f 105/105 171/171 170/170
f 106/106 107/107 172/172
f 106/106 172/172 171/171
f 107/107 108/108 173/173
f 107/107 173/173 172/172
f 108/108 109/109 174/174
f 108/108 174/174 173/173
f 109/109 110/110 175/175
f 109/109 175/175 174/174
f 110/110 111/111 176/176
f 110/110 176/176 175/175
f 111/111 112/112 177/177
f 111/111 177/177 176/176
f 112/112 113/113 178/178
f 112/112 178/178 177/177
f 113/113 114/114 179/179
f 113/113 179/179 178/178
f 114/114 115/115 180/180
f 114/114 180/180 179/179
f 115/115 116/116 181/181
f 115/115 181/181 180/180
f 116/116 117/117 182/182
f 116/116 182/182 181/181
f 117/117 118/118 183/183
f 117/117 183/183 182/182
f 118/118 119/119 184/184
f 118/118 184/184 183/183
f 119/119 120/120 185/185
f 119/119 185/185 184/184
f 120/120 121/121 186/186
f 120/120 186/186 185/185
f 121/121 122/122 187/187
f 121/121 187/187 186/186
f 122/122 123/123 188/188
f 122/122 188/188 187/187
f 123/123 124/124 189/189
f 123/123 189/189 188/188
f 124/124 125/125 190/190
f 124/124 190/190 189/189
f 125/125 126/126 191/191
f 125/125 191/191 190/190
f 126/126 127/127 192/192
f 126/126 192/192 191/191
f 127/127 128/128 193/193
f 127/127 193/193 192/192
f 128/128 129/129 194/194
f 128/128 194/194 193/193
f 129/129 130/130 195/195
f 129/129 195/195 194/194
f 131/131 132/132 197/197
f 131/131 197/197 196/196
f 132/132 133/133 198/198
f 132/132 198/198 197/197
f 133/133 134/134 199/199
f 133/133 199/199 198/198
f 134/134 135/135 200/200
f 134/134 200/200 199/199
f 135/135 136/136 201/201
f 135/135 201/201 200/200
f 136/136 137/137 202/202
f 136/136 202/202 201/201
f 137/137 138/138 203/203
f 137/137 203/203 202/202
f 138/138 139/139 204/204
f 138/138 204/204 203/203
f 139/139 140/140 205/205
f 139/139 205/205 204/204
f 140/140 141/141 206/206
f 140/140 206/206 205/205
f 141/141 142/142 207/207
f 141/141 207/207 206/206
f 142/142 143/143 208/208
f 142/142 208/208 207/207
f 143/143 144/144 209/209
f 143/143 209/209 208/208
f 144/144 145/145 210/210
f 144/144 210/210 209/209
f 145/145 146/146 211/211
f 145/145 211/211 210/210
f 146/146 147/147 212/212
f 146/146 212/212 211/211
f 147/147 148/148 213/213
f 147/147 213/213 212/212
f 148/148 149/149 214/214
f 148/148 214/214 213/213
f 149/149 150/150 215/215
f 149/149 215/215 214/214
f 150/150 151/151 216/216
f 150/150 216/216 215/215
f 151/151 152/152 217/217
f 151/151 217/217 216/216
f 152/152 153/153 218/218
f 152/152 218/218 217/217
f 153/153 154/154 219/219
f 153/153 219/219 218/218
f 154/154 155/155 220/220
f 154/154 220/220 219/219
f 155/155 156/156 221/221
f 155/155 221/221 220/220
f 156/156 157/157 222/222
f 156/156 222/222 221/221
f 157/157 158/158 223/223
f 157/157 223/223 222/222
f 158/158 159/159 224/224
f 158/158 224/224 223/223
f 159/159 160/160 225/225
f 159/159 225/225 224/224
f 160/160 161/161 226/226
f 160/160 226/226 225/225
f 161/161 162/162 227/227
f 161/161 227/227 226/226
f 162/162 163/163 228/228
f 162/162 228/228 227/227
f 163/163 164/164 229/229
f 163/163 229/229 228/228
f 164/164 165/165 230/230
f 164/164 230/230 229/229
f 165/165 166/166 231/231
f 165/165 231/231 230/230
f 166/166 167/167 232/232
f 166/166 232/232 231/231
f 167/167 168/168 233/233
f 167/167 233/233 232/232
f 168/168 169/169 234/234
f 168/168 234/234 233/233
f 169/169 170/170 235/235
f 169/169 235/235 234/234
f 170/170 171/171 236/236
f 170/170 236/236 235/235
f 171/171 172/172 237/237
f 171/171 237/237 236/236
f 172/172 173/173 238/238
f 172/172 238/238 237/237
f 173/173 174/174 239/239
f 173/173 239/239 238/238
f 174/174 175/175 240/240
f 174/174 240/240 239/239
f 175/175 176/176 241/241
f 175/175 241/241 240/240
f 176/176 177/177 242/242
f 176/176 242/242 241/241
f 177/177 178/178 243/243
f 177/177 243/243 242/242
f 178/178 179/179 244/244
f 178/178 244/244 243/243
f 179/179 180/180 245/245
f 179/179 245/245 244/244
f 180/180 181/181 246/246
f 180/180 246/246 245/245
f 181/181 182/182 247/247
f 181/181 247/247 246/246
f 182/182 183/183 248/248
f 182/182 248/248 247/247
f 183/183 184/184 249/249
f 183/183 249/249 248/248
f 184/184 185/185 250/250
f 184/184 250/250 249/249
f 185/185 186/186 251/251
f 185/185 251/251 250/250
f 186/186 187/187 252/252
f 186/186 252/252 251/251
f 187/187 188/188 253/253
f 187/187 253/253 252/252
f 188/188 189/189 254/254
f 188/188 254/254 253/253
f 189/189 190/190 255/255
f 189/189 255/255 254/254
f 190/190 191/191 256/256
f 190/190 256/256 255/255
f 191/191 192/192 257/257
f 191/191 257/257 256/256
f 192/192 193/193 258/258
f 192/192 258/258 257/257
f 193/193 194/194 259/259
f 193/193 259/259 258/258
f 194/194 195/195 260/260
f 194/194 260/260 259/259
f 196/196 197/197 262/262
f 196/196 262/262 261/261
f 197/197 198/198 263/263
f 197/197 263/263 262/262
f 198/198 199/199 264/264
f 198/198 264/264 263/263
f 199/199 200/200 265/265
f 199/199 265/265 264/264
f 200/200 201/201 266/266
f 200/200 266/266 265/265
f 201/201 202/202 267/267
f 201/201 267/267 266/266
f 202/202 203/203 268/268
f 202/202 268/268 267/267
f 203/203 204/204 269/269
f 203/203 269/269 268/268
f 204/204 205/205 270/270
f 204/204 270/270 269/269
f 205/205 206/206 271/271
f 205/205 271/271 270/270
f 206/206 207/207 272/272
f 206/206 272/272 271/271
f 207/207 208/208 273/273
f 207/207 273/273 272/272
f 208/208 209/209 274/274
f 208/208 274/274 273/273
f 209/209 210/210 275/275
f 209/209 275/275 274/274
f 210/210 211/211 276/276
f 210/210 276/276 275/275
f 211/211 212/212 277/277
f 211/211 277/277 276/276
f 212/212 213/213 278/278
f 212/212 278/278 277/277
f 213/213 214/214 279/279
f 213/213 279/279 278/278
f 214/214 215/215 280/280
f 214/214 280/280 279/279
f 215/215 216/216 281/281
f 215/215 281/281 280/280
f 216/216 217/217 282/282
f 216/216 282/282 281/281
f 217/217 218/218 283/283
f 217/217 283/283 282/282
f 218/218 219/219 284/284
f 218/218 284/284 283/283
f 219/219 220/220 285/285
f 219/219 285/285 284/284
f 220/220 221/221 286/286
f 220/220 286/286 285/285
f 221/221 222/222 287/287
f 221/221 287/287 286/286
f 222/222 223/223 288/288
f 222/222 288/288 287/287
f 223/223 224/224 289/289
f 223/223 289/289 288/288
f 224/224 225/225 290/290
f 224/224 290/290 289/289
f 225/225 226/226 291/291
f 225/225 291/291 290/290
f 226/226 227/227 292/292
f 226/226 292/292 291/291
f 227/227 228/228 293/293
f 227/227 293/293 292/292
f 228/228 229/229 294/294
f 228/228 294/294 293/293
f 229/229 230/230 295/295
f 229/229 295/295 294/294
f 230/230 231/231 296/296
f 230/230 296/296 295/295
f 231/231 232/232 297/297
f 231/231 297/297 296/296
f 232/232 233/233 298/298
f 232/232 298/298 297/297
f 233/233 234/234 299/299
f 233/233 299/299 298/298
f 234/234 235/235 300/300
f 234/234 300/300 299/299
f 235/235 236/236 301/301
f 235/235 301/301 300/300
f 236/236 237/237 302/302
f 236/236 302/302 301/301
f 237/237 238/238 303/303
f 237/237 303/303 302/302
f 238/238 239/239 304/304
f 238/238 304/304 303/303
f 239/239 240/240 305/305
f 239/239 305/305 304/304
f 240/240 241/241 306/306
f 240/240 306/306 305/305
f 241/241 242/242 307/307
f 241/241 307/307 306/306
f 242/242 243/243 308/308
f 242/242 308/308 307/307
f 243/243 244/244 309/309
f 243/243 309/309 308/308
f 244/244 245/245 310/310
f 244/244 310/310 309/309
f 245/245 246/246 311/311
f 245/245 311/311 310/310
f 246/246 247/247 312/312
f 246/246 312/312 311/311
f 247/247 248/248 313/313
f 247/247 313/313 312/312
f 248/248 249/249 314/314
f 248/248 314/314 313/313
f 249/249 250/250 315/315
f 249/249 315/315 314/314
f 250/250 251/251 316/316
f 250/250 316/316 315/315
f 251/251 252/252 317/317
f 251/251 317/317 316/316
f 252/252 253/253 318/318
f 252/252 318/318 317/317
f 253/253 254/254 319/319
f 253/253 319/319 318/318
f 254/254 255/255 320/320
f 254/254 320/320 319/319
f 255/255 256/256 321/321
f 255/255 321/321 320/320
f 256/256 257/257 322/322
f 256/256 322/322 321/321
f 257/257 258/258 323/323
f 257/257 323/323 322/322
f 258/258 259/259 324/324
f 258/258 324/324 323/323
f 259/259 260/260 325/325
f 259/259 325/325 324/324
f 261/261 262/262 327/327
f 261/261 327/327 326/326
f 262/262 263/263 328/328
f 262/262 328/328 327/327
f 263/263 264/264 329/329
f 263/263 329/329 328/328
f 264/264 265/265 330/330
f 264/264 330/330 329/329
f 265/265 266/266 331/331
f 265/265 331/331 330/330
f 266/266 267/267 332/332
f 266/266 332/332 331/331
f 267/267 268/268 333/333
f 267/267 333/333 332/332
f 268/268 269/269 334/334
f 268/268 334/334 333/333
f 269/269 270/270 335/335
f 269/269 335/335 334/334
f 270/270 271/271 336/336
f 270/270 336/336 335/335
f 271/271 272/272 337/337
f 271/271 337/337 336/336
f 272/272 273/273 338/338
f 272/272 338/338 337/337
f 273/273 274/274 339/339
f 273/273 339/339 338/338
f 274/274 275/275 340/340
f 274/274 340/340 339/339
f 275/275 276/276 341/341
f 275/275 341/341 340/340
f 276/276 277/277 342/342
f 276/276 342/342 341/341
f 277/277 278/278 343/343
f 277/277 343/343 342/342
f 278/278 279/279 344/344
f 278/278 344/344 343/343
f 279/279 280/280 345/345
f 279/279 345/345 344/344
f 280/280 281/281 346/346
f 280/280 346/346 345/345
f 281/281 282/282 347/347
f 281/281 347/347 346/346
f 282/282 283/283 348/348
f 282/282 348/348 347/347
f 283/283 284/284 349/349
f 283/283 349/349 348/348
f 284/284 285/285 350/350
f 284/284 350/350 349/349
f 285/285 286/286 351/351
f 285/285 351/351 350/350
f 286/286 287/287 352/352
f 286/286 352/352 351/351
f 287/287 288/288 353/353
f 287/287 353/353 352/352
f 288/288 289/289 354/354
f 288/288 354/354 353/353
f 289/289 290/290 355/355
f 289/289 355/355 354/354
f 290/290 291/291 356/356
f 290/290 356/356 355/355
f 291/291 292/292 357/357
f 291/291 357/357 356/356
f 292/292 293/293 358/358
f 292/292 358/358 357/357
f 293/293 294/294 359/359
f 293/293 359/359 358/358
f 294/294 295/295 360/360
f 294/294 360/360 359/359
f 295/295 296/296 361/361
f 295/295 361/361 360/360
f 296/296 297/297 362/362
f 296/296 362/362 361/361
f 297/297 298/298 363/363
f 297/297 363/363 362/362
f 298/298 299/299 364/364
f 298/298 364/364 363/363
f 299/299 300/300 365/365
f 299/299 365/365 364/364
f 300/300 301/301 366/366
f 300/300 366/366 365/365
f 301/301 302/302 367/367
f 301/301 367/367 366/366
f 302/302 303/303 368/368
f 302/302 368/368 367/367
f 303/303 304/304 369/369
f 303/303 369/369 368/368
f 304/304 305/305 370/370
f 304/304 370/370 369/369
f 305/305 306/306 371/371
f 305/305 371/371 370/370
f 306/306 307/307 372/372
f 306/306 372/372 371/371
f 307/307 308/308 373/373
f 307/307 373/373 372/372
f 308/308 309/309 374/374
f 308/308 374/374 373/373
f 309/309 310/310 375/375
f 309/309 375/375 374/374
f 310/310 311/311 376/376
f 310/310 376/376 375/375
f 311/311 312/312 377/377
f 311/311 377/377 376/376
f 312/312 313/313 378/378
f 312/312 378/378 377/377
f 313/313 314/314 379/379
f 313/313 379/379 378/378
f 314/314 315/315 380/380
f 314/314 380/380 379/379
f 315/315 316/316 381/381
f 315/315 381/381 380/380
f 316/316 317/317 382/382
f 316/316 382/382 381/381
f 317/317 318/318 383/383
f 317/317 383/383 382/382
f 318/318 319/319 384/384
f 318/318 384/384 383/383
f 319/319 320/320 385/385
f 319/319 385/385 384/384
f 320/320 321/321 386/386
f 320/320 386/386 385/385
f 321/321 322/322 387/387
f 321/321 387/387 386/386
f 322/322 323/323 388/388
f 322/322 388/388 387/387
f 323/323 324/324 389/389
f 323/323 389/389 388/388
f 324/324 325/325 390/390
f 324/324 390/390 389/389
f 391/391 2/2 1/1
f 391/391 3/3 2/2
f 391/391 4/4 3/3
f 391/391 5/5 4/4
f 391/391 6/6 5/5
f 391/391 7/7 6/6
f 391/391 8/8 7/7
f 391/391 9/9 8/8
f 391/391 10/10 9/9
f 391/391 11/11 10/10
f 391/391 12/12 11/11
f 391/391 13/13 12/12
f 391/391 14/14 13/13
f 391/391 15/15 14/14
f 391/391 16/16 15/15
f 391/391 17/17 16/16
f 391/391 18/18 17/17
f 391/391 19/19 18/18
f 391/391 20/20 19/19
f 391/391 21/21 20/20
f 391/391 22/22 21/21
f 391/391 23/23 22/22
f 391/391 24/24 23/23
f 391/391 25/25 24/24
f 391/391 26/26 25/25
f 391/391 27/27 26/26
f 391/391 28/28 27/27
f 391/391 29/29 28/28
f 391/391 30/30 29/29
f 391/391 31/31 30/30
f 391/391 32/32 31/31
f 391/391 33/33 32/32
f 391/391 34/34 33/33
f 391/391 35/35 34/34
f 391/391 36/36 35/35
f 391/391 37/37 36/36
f 391/391 38/38 37/37
f 391/391 39/39 38/38
f 391/391 40/40 39/39
f 391/391 41/41 40/40
f 391/391 42/42 41/41
f 391/391 43/43 42/42
f 391/391 44/44 43/43
f 391/391 45/45 44/44
f 391/391 46/46 45/45
f 391/391 47/47 46/46
f 391/391 48/48 47/47
f 391/391 49/49 48/48
f 391/391 50/50 49/49
f 391/391 51/51 50/50
f 391/391 52/52 51/51
f 391/391 53/53 52/52
f 391/391 54/54 53/53
f 391/391 55/55 54/54
f 391/391 56/56 55/55
f 391/391 57/57 56/56
f 391/391 58/58 57/57
f 391/391 59/59 58/58
f 391/391 60/60 59/59
f 391/391 61/61 60/60
f 391/391 62/62 61/61
f 391/391 63/63 62/62
f 391/391 64/64 63/63
f 391/391 65/65 64/64
f 392/392 326/326 327/327
f 392/392 327/327 328/328
f 392/392 328/328 329/329
f 392/392 329/329 330/330
f 392/392 330/330 331/331
f 392/392 331/331 332/332
f 392/392 332/332 333/333
f 392/392 333/333 334/334
f 392/392 334/334 335/335
f 392/392 335/335 336/336
f 392/392 336/336 337/337
f 392/392 337/337 338/338
f 392/392 338/338 339/339
f 392/392 339/339 340/340
f 392/392 340/340 341/341
f 392/392 341/341 342/342
f 392/392 342/342 343/343
f 392/392 343/343 344/344
f 392/392 344/344 345/345
f 392/392 345/345 346/346
f 392/392 346/346 347/347
f 392/392 347/347 348/348
f 392/392 348/348 349/349
f 392/392 349/349 350/350
f 392/392 350/350 351/351
f 392/392 351/351 352/352
f 392/392 352/352 353/353
f 392/392 353/353 354/354
f 392/392 354/354 355/355
f 392/392 355/355 356/356
f 392/392 356/356 357/357
f 392/392 357/357 358/358
f 392/392 358/358 359/359
f 392/392 359/359 360/360
f 392/392 360/360 361/361
f 392/392 361/361 362/362
f 392/392 362/362 363/363
f 392/392 363/363 364/364
f 392/392 364/364 365/365
f 392/392 365/365 366/366
f 392/392 366/366 367/367
f 392/392 367/367 368/368
f 392/392 368/368 369/369
f 392/392 369/369 370/370
f 392/392 370/370 371/371
f 392/392 371/371 372/372
f 392/392 372/372 373/373
f 392/392 373/373 374/374
f 392/392 374/374 375/375
f 392/392 375/375 376/376
f 392/392 376/376 377/377
f 392/392 377/377 378/378
f 392/392 378/378 379/379
f 392/392 379/379 380/380
f 392/392 380/380 381/381
f 392/392 381/381 382/382
f 392/392 382/382 383/383
f 392/392 383/383 384/384
f 392/392 384/384 385/385
f 392/392 385/385 386/386
f 392/392 386/386 387/387
f 392/392 387/387 388/388
f 392/392 388/388 389/389
f 392/392 389/389 390/390
f 393/393 394/394 459/459
f 393/393 459/459 458/458
f 394/394 395/395 460/460
f 394/394 460/460 459/459
f 395/395 396/396 461/461
f 395/395 461/461 460/460
f 396/396 397/397 462/462
f 396/396 462/462 461/461
f 397/397 398/398 463/463
f 397/397 463/463 462/462
f 398/398 399/399 464/464
f 398/398 464/464 463/463
f 399/399 400/400 465/465
f 399/399 465/465 464/464
f 400/400 401/401 466/466
f 400/400 466/466 465/465
f 401/401 402/402 467/467
f 401/401 467/467 466/466
f 402/402 403/403 468/468
f 402/402 468/468 467/467
f 403/403 404/404 469/469
f 403/403 469/469 468/468
f 404/404 405/405 470/470
f 404/404 470/470 469/469
f 405/405 406/406 471/471
f 405/405 471/471 470/470
f 406/406 407/407 472/472
f 406/406 472/472 471/471
f 407/407 408/408 473/473
f 407/407 473/473 472/472
f 408/408 409/409 474/474
f 408/408 474/474 473/473
f 409/409 410/410 475/475
f 409/409 475/475 474/474
f 410/410 411/411 476/476
f 410/410 476/476 475/475
f 411/411 412/412 477/477
f 411/411 477/477 476/476
f 412/412 413/413 478/478
f 412/412 478/478 477/477
f 413/413 414/414 479/479
f 413/413 479/479 478/478
f 414/414 415/415 480/480
f 414/414 480/480 479/479
f 415/415 416/416 481/481
f 415/415 481/481 480/480
f 416/416 417/417 482/482
f 416/416 482/482 481/481
f 417/417 418/418 483/483
f 417/417 483/483 482/482
f 418/418 419/419 484/484
f 418/418 484/484 483/483
f 419/419 420/420 485/485
f 419/419 485/485 484/484
f 420/420 421/421 486/486
f 420/420 486/486 485/485
f 421/421 422/422 487/487
f 421/421 487/487 486/486
f 422/422 423/423 488/488
f 422/422 488/488 487/487
f 423/423 424/424 489/489
f 423/423 489/489 488/488
f 424/424 425/425 490/490
f 424/424 490/490 489/489
f 425/425 426/426 491/491
f 425/425 491/491 490/490
f 426/426 427/427 492/492
f 426/426 492/492 491/491
f 427/427 428/428 493/493
f 427/427 493/493 492/492
f 428/428 429/429 494/494
f 428/428 494/494 493/493
f 429/429 430/430 495/495
f 429/429 495/495 494/494
f 430/430 431/431 496/496
f 430/430 496/496 495/495
f 431/431 432/432 497/497
f 431/431 497/497 496/496
f 432/432 433/433 498/498
f 432/432 498/498 497/497
f 433/433 434/434 499/499
f 433/433 499/499 498/498
f 434/434 435/435 500/500
f 434/434 500/500 499/499
f 435/435 436/436 501/501
f 435/435 501/501 500/500
f 436/436 437/437 502/502
f 436/436 502/502 501/501
f 437/437 438/438 503/503
f 437/437 503/503 502/502
f 438/438 439/439 504/504
f 438/438 504/504 503/503
f 439/439 440/440 505/505
f 439/439 505/505 504/504
f 440/440 441/441 506/506
f 440/440 506/506 505/505
f 441/441 442/442 507/507
f 441/441 507/507 506/506
f 442/442 443/443 508/508
f 442/442 508/508 507/507
f 443/443 444/444 509/509
f 443/443 509/509 508/508
f 444/444 445/445 510/510
f 444/444 510/510 509/509
f 445/445 446/446 511/511
f 445/445 511/511 510/510
f 446/446 447/447 512/512
f 446/446 512/512 511/511
f 447/447 448/448 513/513
f 447/447 513/513 512/512
f 448/448 449/449 514/514
f 448/448 514/514 513/513
f 449/449 450/450 515/515
f 449/449 515/515 514/514
f 450/450 451/451 516/516
f 450/450 516/516 515/515
f 451/451 452/452 517/517
f 451/451 517/517 516/516
f 452/452 453/453 518/518
f 452/452 518/518 517/517
f 453/453 454/454 519/519
f 453/453 519/519 518/518
f 454/454 455/455 520/520
f 454/454 520/520 519/519
f 455/455 456/456 521/521
f 455/455 521/521 520/520
f 456/456 457/457 522/522
f 456/456 522/522 521/521
f 523/523 524/524 589/589
f 523/523 589/589 588/588
f 524/524 525/525 590/590
f 524/524 590/590 589/589
f 525/525 526/526 591/591
f 525/525 591/591 590/590
f 526/526 527/527 592/592
f 526/526 592/592 591/591
f 527/527 528/528 593/593
f 527/527 593/593 592/592
f 528/528 529/529 594/594
f 528/528 594/594 593/593
f 529/529 530/530 595/595
f 529/529 595/595 594/594
f 530/530 531/531 596/596
f 530/530 596/596 595/595
f 531/531 532/532 597/597
f 531/531 597/597 596/596
f 532/532 533/533 598/598
f 532/532 598/598 597/597
f 533/533 534/534 599/599
f 533/533 599/599 598/598
f 534/534 535/535 600/600
f 534/534 600/600 599/599
f 535/535 536/536 601/601
f 535/535 601/601 600/600
f 536/536 537/537 602/602
f 536/536 602/602 601/601
f 537/537 538/538 603/603
f 537/537 603/603 602/602
f 538/538 539/539 604/604
f 538/538 604/604 603/603
f 539/539 540/540 605/605
f 539/539 605/605 604/604
f 540/540 541/541 606/606
f 540/540 606/606 605/605
f 541/541 542/542 607/607
f 541/541 607/607 606/606
f 542/542 543/543 608/608
f 542/542 608/608 607/607
f 543/543 544/544 609/609
f 543/543 609/609 608/608
f 544/544 545/545 610/610
f 544/544 610/610 609/609
f 545/545 546/546 611/611
f 545/545 611/611 610/610
f 546/546 547/547 612/612
f 546/546 612/612 611/611
f 547/547 548/548 613/613
f 547/547 613/613 612/612
f 548/548 549/549 614/614
f 548/548 614/614 613/613
f 549/549 550/550 615/615
f 549/549 615/615 614/614
f 550/550 551/551 616/616
f 550/550 616/616 615/615
f 551/551 552/552 617/617
f 551/551 617/617 616/616
f 552/552 553/553 618/618
f 552/552 618/618 617/617
f 553/553 554/554 619/619
f 553/553 619/619 618/618
f 554/554 555/555 620/620
f 554/554 620/620 619/619
f 555/555 556/556 621/621
f 555/555 621/621 620/620
f 556/556 557/557 622/622
f 556/556 622/622 621/621
f 557/557 558/558 623/623
f 557/557 623/623 622/622
f 558/558 559/559 624/624
f 558/558 624/624 623/623
f 559/559 560/560 625/625
f 559/559 625/625 624/624
f 560/560 561/561 626/626
f 560/560 626/626 625/625
f 561/561 562/562 627/627
f 561/561 627/627 626/626
f 562/562 563/563 628/628
f 562/562 628/628 627/627
f 563/563 564/564 629/629
f 563/563 629/629 628/628
f 564/564 565/565 630/630
f 564/564 630/630 629/629
f 565/565 566/566 631/631
f 565/565 631/631 630/630
f 566/566 567/567 632/632
f 566/566 632/632 631/631
f 567/567 568/568 633/633
f 567/567 633/633 632/632
f 568/568 569/569 634/634
f 568/568 634/634 633/633
f 569/569 570/570 635/635
f 569/569 635/635 634/634
f 570/570 571/571 636/636
f 570/570 636/636 635/635
f 571/571 572/572 637/637
f 571/571 637/637 636/636
f 572/572 573/573 638/638
f 572/572 638/638 637/637
f 573/573 574/574 639/639
f 573/573 639/639 638/638
f 574/574 575/575 640/640
f 574/574 640/640 639/639
f 575/575 576/576 641/641
f 575/575 641/641 640/640
f 576/576 577/577 642/642
f 576/576 642/642 641/641
f 577/577 578/578 643/643
f 577/577 643/643 642/642
f 578/578 579/579 644/644
f 578/578 644/644 643/643
f 579/579 580/580 645/645
f 579/579 645/645 644/644
f 580/580 581/581 646/646
f 580/580 646/646 645/645
f 581/581 582/582 647/647
f 581/581 647/647 646/646
f 582/582 583/583 648/648
f 582/582 648/648 647/647
f 583/583 584/584 649/649
f 583/583 649/649 648/648
f 584/584 585/585 650/650
f 584/584 650/650 649/649
f 585/585 586/586 651/651
f 585/585 651/651 650/650
f 586/586 587/587 652/652
f 586/586 652/652 651/651
f 588/588 589/589 654/654
f 588/588 654/654 653/653
f 589/589 590/590 655/655
f 589/589 655/655 654/654
f 590/590 591/591 656/656
f 590/590 656/656 655/655
f 591/591 592/592 657/657
f 591/591 657/657 656/656
f 592/592 593/593 658/658
f 592/592 658/658 657/657
f 593/593 594/594 659/659
f 593/593 659/659 658/658
f 594/594 595/595 660/660
f 594/594 660/660 659/659
f 595/595 596/596 661/661
f 595/595 661/661 660/660
f 596/596 597/597 662/662
f 596/596 662/662 661/661
f 597/597 598/598 663/663
f 597/597 663/663 662/662
f 598/598 599/599 664/664
f 598/598 664/664 663/663
f 599/599 600/600 665/665
f 599/599 665/665 664/664
f 600/600 601/601 666/666
f 600/600 666/666 665/665
f 601/601 602/602 667/667
f 601/601 667/667 666/666
f 602/602 603/603 668/668
f 602/602 668/668 667/667
f 603/603 604/604 669/669
f 603/603 669/669 668/668
f 604/604 605/605 670/670
f 604/604 670/670 669/669
f 605/605 606/606 671/671
f 605/605 671/671 670/670
f 606/606 607/607 672/672
f 606/606 672/672 671/671
f 607/607 608/608 673/673
f 607/607 673/673 672/672
f 608/608 609/609 674/674
f 608/608 674/674 673/673
f 609/609 610/610 675/675
f 609/609 675/675 674/674
f 610/610 611/611 676/676
f 610/610 676/676 675/675
f 611/611 612/612 677/677
f 611/611 677/677 676/676
f 612/612 613/613 678/678
f 612/612 678/678 677/677
f 613/613 614/614 679/679
f 613/613 679/679 678/678
f 614/614 615/615 680/680
f 614/614 680/680 679/679
f 615/615 616/616 681/681
f 615/615 681/681 680/680
f 616/616 617/617 682/682
f 616/616 682/682 681/681
f 617/617 618/618 683/683
f 617/617 683/683 682/682
f 618/618 619/619 684/684
f 618/618 684/684 683/683
f 619/619 620/620 685/685
f 619/619 685/685 684/684
f 620/620 621/621 686/686
f 620/620 686/686 685/685
f 621/621 622/622 687/687
f 621/621 687/687 686/686
f 622/622 623/623 688/688
f 622/622 688/688 687/687
f 623/623 624/624 689/689
f 623/623 689/689 688/688
f 624/624 625/625 690/690
f 624/624 690/690 689/689
f 625/625 626/626 691/691
f 625/625 691/691 690/690
f 626/626 627/627 692/692
f 626/626 692/692 691/691
f 627/627 628/628 693/693
f 627/627 693/693 692/692
f 628/628 629/629 694/694
f 628/628 694/694 693/693
f 629/629 630/630 695/695
f 629/629 695/695 694/694
f 630/630 631/631 696/696
f 630/630 696/696 695/695
f 631/631 632/632 697/697
f 631/631 697/697 696/696
f 632/632 633/633 698/698
f 632/632 698/698 697/697
f 633/633 634/634 699/699
f 633/633 699/699 698/698
f 634/634 635/635 700/700
f 634/634 700/700 699/699
f 635/635 636/636 701/701
f 635/635 701/701 700/700
f 636/636 637/637 702/702
f 636/636 702/702 701/701
f 637/637 638/638 703/703
f 637/637 703/703 702/702
f 638/638 639/639 704/704
f 638/638 704/704 703/703
f 639/639 640/640 705/705
f 639/639 705/705 704/704
f 640/640 641/641 706/706
f 640/640 706/706 705/705
f 641/641 642/642 707/707
f 641/641 707/707 706/706
f 642/642 643/643 708/708
f 642/642 708/708 707/707
f 643/643 644/644 709/709
f 643/643 709/709 708/708
f 644/644 645/645 710/710
f 644/644 710/710 709/709
f 645/645 646/646 711/711
f 645/645 711/711 710/710
f 646/646 647/647 712/712
f 646/646 712/712 711/711
f 647/647 648/648 713/713
f 647/647 713/713 712/712
f 648/648 649/649 714/714
f 648/648 714/714 713/713
f 649/649 650/650 715/715
f 649/649 715/715 714/714
f 650/650 651/651 716/716
f 650/650 716/716 715/715
f 651/651 652/652 717/717
f 651/651 717/717 716/716
f 653/653 654/654 719/719
f 653/653 719/719 718/718
f 654/654 655/655 720/720
f 654/654 720/720 719/719
f 655/655 656/656 721/721
f 655/655 721/721 720/720
f 656/656 657/657 722/722
f 656/656 722/722 721/721
f 657/657 658/658 723/723
f 657/657 723/723 722/722
f 658/658 659/659 724/724
f 658/658 724/724 723/723
f 659/659 660/660 725/725
f 659/659 725/725 724/724
f 660/660 661/661 726/726
f 660/660 726/726 725/725
f 661/661 662/662 727/727
f 661/661 727/727 726/726
f 662/662 663/663 728/728
f 662/662 728/728 727/727
f 663/663 664/664 729/729
f 663/663 729/729 728/728
f 664/664 665/665 730/730
f 664/664 730/730 729/729
f 665/665 666/666 731/731
f 665/665 731/731 730/730
f 666/666 667/667 732/732
f 666/666 732/732 731/731
f 667/667 668/668 733/733
f 667/667 733/733 732/732
f 668/668 669/669 734/734
f 668/668 734/734 733/733
f 669/669 670/670 735/735
f 669/669 735/735 734/734
f 670/670 671/671 736/736
f 670/670 736/736 735/735
f 671/671 672/672 737/737
f 671/671 737/737 736/736
f 672/672 673/673 738/738
f 672/672 738/738 737/737
f 673/673 674/674 739/739
f 673/673 739/739 738/738
f 674/674 675/675 740/740
f 674/674 740/740 739/739
f 675/675 676/676 741/741
f 675/675 741/741 740/740
f 676/676 677/677 742/742
f 676/676 742/742 741/741
f 677/677 678/678 743/743
f 677/677 743/743 742/742
f 678/678 679/679 744/744
f 678/678 744/744 743/743
f 679/679 680/680 745/745
f 679/679 745/745 744/744
f 680/680 681/681 746/746
f 680/680 746/746 745/745
f 681/681 682/682 747/747
f 681/681 747/747 746/746
f 682/682 683/683 748/748
f 682/682 748/748 747/747
f 683/683 684/684 749/749
f 683/683 749/749 748/748
f 684/684 685/685 750/750
f 684/684 750/750 749/749
f 685/685 686/686 751/751
f 685/685 751/751 750/750
f 686/686 687/687 752/752
f 686/686 752/752 751/751
f 687/687 688/688 753/753
f 687/687 753/753 752/752
f 688/688 689/689 754/754
f 688/688 754/754 753/753
f 689/689 690/690 755/755
f 689/689 755/755 754/754
f 690/690 691/691 756/756
f 690/690 756/756 755/755
f 691/691 692/692 757/757
f 691/691 757/757 756/756
f 692/692 693/693 758/758
f 692/692 758/758 757/757
f 693/693 694/694 759/759
f 693/693 759/759 758/758
f 694/694 695/695 760/760
f 694/694 760/760 759/759
f 695/695 696/696 761/761
f 695/695 761/761 760/760
f 696/696 697/697 762/762
f 696/696 762/762 761/761
f 697/697 698/698 763/763
f 697/697 763/763 762/762
f 698/698 699/699 764/764
f 698/698 764/764 763/763
f 699/699 700/700 765/765
f 699/699 765/765 764/764
f 700/700 701/701 766/766
f 700/700 766/766 765/765
f 701/701 702/702 767/767
f 701/701 767/767 766/766
f 702/702 703/703 768/768
f 702/702 768/768 767/767
f 703/703 704/704 769/769
f 703/703 769/769 768/768
f 704/704 705/705 770/770
f 704/704 770/770 769/769
f 705/705 706/706 771/771
f 705/705 771/771 770/770
f 706/706 707/707 772/772
f 706/706 772/772 771/771
f 707/707 708/708 773/773
f 707/707 773/773 772/772
f 708/708 709/709 774/774
f 708/708 774/774 773/773
f 709/709 710/710 775/775
f 709/709 775/775 774/774
f 710/710 711/711 776/776
f 710/710 776/776 775/775
f 711/711 712/712 777/777
f 711/711 777/777 776/776
f 712/712 713/713 778/778
f 712/712 778/778 777/777
f 713/713 714/714 779/779
f 713/713 779/779 778/778
f 714/714 715/715 780/780
f 714/714 780/780 779/779
f 715/715 716/716 781/781
f 715/715 781/781 780/780
f 716/716 717/717 782/782
f 716/716 782/782 781/781
f 718/718 719/719 784/784
f 718/718 784/784 783/783
f 719/719 720/720 785/785
f 719/719 785/785 784/784
f 720/720 721/721 786/786
f 720/720 786/786 785/785
f 721/721 722/722 787/787
f 721/721 787/787 786/786
f 722/722 723/723 788/788
f 722/722 788/788 787/787
f 723/723 724/724 789/789
f 723/723 789/789 788/788
f 724/724 725/725 790/790
f 724/724 790/790 789/789
f 725/725 726/726 791/791
f 725/725 791/791 790/790
f 726/726 727/727 792/792
f 726/726 792/792 791/791
f 727/727 728/728 793/793
f 727/727 793/793 792/792
f 728/728 729/729 794/794
f 728/728 794/794 793/793
f 729/729 730/730 795/795
f 729/729 795/795 794/794
f 730/730 731/731 796/796
f 730/730 796/796 795/795
f 731/731 732/732 797/797
f 731/731 797/797 796/796
f 732/732 733/733 798/798
f 732/732 798/798 797/797
f 733/733 734/734 799/799
f 733/733 799/799 798/798
f 734/734 735/735 800/800
f 734/734 800/800 799/799
f 735/735 736/736 801/801
f 735/735 801/801 800/800
f 736/736 737/737 802/802
f 736/736 802/802 801/801
f 737/737 738/738 803/803
f 737/737 803/803 802/802
f 738/738 739/739 804/804
f 738/738 804/804 803/803
f 739/739 740/740 805/805
f 739/739 805/805 804/804
f 740/740 741/741 806/806
f 740/740 806/806 805/805
f 741/741 742/742 807/807
f 741/741 807/807 806/806
f 742/742 743/743 808/808
f 742/742 808/808 807/807
f 743/743 744/744 809/809
f 743/743 809/809 808/808
f 744/744 745/745 810/810
f 744/744 810/810 809/809
f 745/745 746/746 811/811
f 745/745 811/811 810/810
f 746/746 747/747 812/812
f 746/746 812/812 811/811
f 747/747 748/748 813/813
f 747/747 813/813 812/812
f 748/748 749/749 814/814
f 748/748 814/814 813/813
f 749/749 750/750 815/815
f 749/749 815/815 814/814
f 750/750 751/751 816/816
f 750/750 816/816 815/815
f 751/751 752/752 817/817
f 751/751 817/817 816/816
f 752/752 753/753 818/818
f 752/752 818/818 817/817
f 753/753 754/754 819/819
f 753/753 819/819 818/818
f 754/754 755/755 820/820
f 754/754 820/820 819/819
f 755/755 756/756 821/821
f 755/755 821/821 820/820
f 756/756 757/757 822/822
f 756/756 822/822 821/821
f 757/757 758/758 823/823
f 757/757 823/823 822/822
f 758/758 759/759 824/824
f 758/758 824/824 823/823
f 759/759 760/760 825/825
f 759/759 825/825 824/824
f 760/760 761/761 826/826
f 760/760 826/826 825/825
f 761/761 762/762 827/827
f 761/761 827/827 826/826
f 762/762 763/763 828/828
f 762/762 828/828 827/827
f 763/763 764/764 829/829
f 763/763 829/829 828/828
f 764/764 765/765 830/830
f 764/764 830/830 829/829
f 765/765 766/766 831/831
f 765/765 831/831 830/830
f 766/766 767/767 832/832
f 766/766 832/832 831/831
f 767/767 768/768 833/833
f 767/767 833/833 832/832
f 768/768 769/769 834/834
f 768/768 834/834 833/833
f 769/769 770/770 835/835
f 769/769 835/835 834/834
f 770/770 771/771 836/836
f 770/770 836/836 835/835
f 771/771 772/772 837/837
f 771/771 837/837 836/836
f 772/772 773/773 838/838
f 772/772 838/838 837/837
f 773/773 774/774 839/839
f 773/773 839/839 838/838
f 774/774 775/775 840/840
f 774/774 840/840 839/839
f 775/775 776/776 841/841
f 775/775 841/841 840/840
f 776/776 777/777 842/842
f 776/776 842/842 841/841
f 777/777 778/778 843/843
f 777/777 843/843 842/842
f 778/778 779/779 844/844
f 778/778 844/844 843/843
f 779/779 780/780 845/845
f 779/779 845/845 844/844
f 780/780 781/781 846/846
f 780/780 846/846 845/845
f 781/781 782/782 847/847
f 781/781 847/847 846/846
f 848/848 524/524 523/523
f 848/848 525/525 524/524
f 848/848 526/526 525/525
f 848/848 527/527 526/526
f 848/848 528/528 527/527
f 848/848 529/529 528/528
f 848/848 530/530 529/529
f 848/848 531/531 530/530
f 848/848 532/532 531/531
f 848/848 533/533 532/532
f 848/848 534/534 533/533
f 848/848 535/535 534/534
f 848/848 536/536 535/535
f 848/848 537/537 536/536
f 848/848 538/538 537/537
f 848/848 539/539 538/538
f 848/848 540/540 539/539
f 848/848 541/541 540/540
f 848/848 542/542 541/541
f 848/848 543/543 542/542
f 848/848 544/544 543/543
f 848/848 545/545 544/544
f 848/848 546/546 545/545
f 848/848 547/547 546/546
f 848/848 548/548 547/547
f 848/848 549/549 548/548
f 848/848 550/550 549/549
f 848/848 551/551 550/550
f 848/848 552/552 551/551
f 848/848 553/553 552/552
f 848/848 554/554 553/553
f 848/848 555/555 554/554
f 848/848 556/556 555/555
f 848/848 557/557 556/556
f 848/848 558/558 557/557
f 848/848 559/559 558/558
f 848/848 560/560 559/559
f 848/848 561/561 560/560
f 848/848 562/562 561/561
f 848/848 563/563 562/562
f 848/848 564/564 563/563
f 848/848 565/565 564/564
f 848/848 566/566 565/565
f 848/848 567/567 566/566
f 848/848 568/568 567/567
f 848/848 569/569 568/568
f 848/848 570/570 569/569
f 848/848 571/571 570/570
f 848/848 572/572 571/571
f 848/848 573/573 572/572
f 848/848 574/574 573/573
f 848/848 575/575 574/574
f 848/848 576/576 575/575
f 848/848 577/577 576/576
f 848/848 578/578 577/577
f 848/848 579/579 578/578
f 848/848 580/580 579/579
f 848/848 581/581 580/580
f 848/848 582/582 581/581
f 848/848 583/583 582/582
f 848/848 584/584 583/583
f 848/848 585/585 584/584
f 848/848 586/586 585/585
f 848/848 587/587 586/586
f 849/849 783/783 784/784
f 849/849 784/784 785/785
f 849/849 785/785 786/786
f 849/849 786/786 787/787
f 849/849 787/787 788/788
f 849/849 788/788 789/789
f 849/849 789/789 790/790
f 849/849 790/790 791/791
f 849/849 791/791 792/792
f 849/849 792/792 793/793
f 849/849 793/793 794/794
f 849/849 794/794 795/795
f 849/849 795/795 796/796
f 849/849 796/796 797/797
f 849/849 797/797 798/798
f 849/849 798/798 799/799
f 849/849 799/799 800/800
f 849/849 800/800 801/801
f 849/849 801/801 802/802
f 849/849 802/802 803/803
f 849/849 803/803 804/804
f 849/849 804/804 805/805
f 849/849 805/805 806/806
f 849/849 806/806 807/807
f 849/849 807/807 808/808
f 849/849 808/808 809/809
f 849/849 809/809 810/810
f 849/849 810/810 811/811
f 849/849 811/811 812/812
f 849/849 812/812 813/813
f 849/849 813/813 814/814
f 849/849 814/814 815/815
f 849/849 815/815 816/816
f 849/849 816/816 817/817
f 849/849 817/817 818/818
f 849/849 818/818 819/819
f 849/849 819/819 820/820
f 849/849 820/820 821/821
f 849/849 821/821 822/822
f 849/849 822/822 823/823
f 849/849 823/823 824/824
f 849/849 824/824 825/825
f 849/849 825/825 826/826
f 849/849 826/826 827/827
f 849/849 827/827 828/828
f 849/849 828/828 829/829
f 849/849 829/829 830/830
f 849/849 830/830 831/831
f 849/849 831/831 832/832
f 849/849 832/832 833/833
f 849/849 833/833 834/834
f 849/849 834/834 835/835
f 849/849 835/835 836/836
f 849/849 836/836 837/837
f 849/849 837/837 838/838
f 849/849 838/838 839/839
f 849/849 839/839 840/840
f 849/849 840/840 841/841
f 849/849 841/841 842/842
f 849/849 842/842 843/843
f 849/849 843/843 844/844
f 849/849 844/844 845/845
f 849/849 845/845 846/846
f 849/849 846/846 847/847
f 850/850 851/851 916/916
f 850/850 916/916 915/915
f 851/851 852/852 917/917
f 851/851 917/917 916/916
f 852/852 853/853 918/918
f 852/852 918/918 917/917
f 853/853 854/854 919/919
f 853/853 919/919 918/918
f 854/854 855/855 920/920
f 854/854 920/920 919/919
f 855/855 856/856 921/921
f 855/855 921/921 920/920
f 856/856 857/857 922/922
f 856/856 922/922 921/921
f 857/857 858/858 923/923
f 857/857 923/923 922/922
f 858/858 859/859 924/924
f 858/858 924/924 923/923
f 859/859 860/860 925/925
f 859/859 925/925 924/924
f 860/860 861/861 926/926
f 860/860 926/926 925/925
f 861/861 862/862 927/927
f 861/861 927/927 926/926
f 862/862 863/863 928/928
f 862/862 928/928 927/927
f 863/863 864/864 929/929
f 863/863 929/929 928/928
f 864/864 865/865 930/930
f 864/864 930/930 929/929
f 865/865 866/866 931/931
f 865/865 931/931 930/930
f 866/866 867/867 932/932
f 866/866 932/932 931/931
f 867/867 868/868 933/933
f 867/867 933/933 932/932
f 868/868 869/869 934/934
f 868/868 934/934 933/933
f 869/869 870/870 935/935
f 869/869 935/935 934/934
f 870/870 871/871 936/936
f 870/870 936/936 935/935
f 871/871 872/872 937/937
f 871/871 937/937 936/936
f 872/872 873/873 938/938
f 872/872 938/938 937/937
f 873/873 874/874 939/939
f 873/873 939/939 938/938
f 874/874 875/875 940/940
f 874/874 940/940 939/939
f 875/875 876/876 941/941
f 875/875 941/941 940/940
f 876/876 877/877 942/942
f 876/876 942/942 941/941
f 877/877 878/878 943/943
f 877/877 943/943 942/942
f 878/878 879/879 944/944
f 878/878 944/944 943/943
f 879/879 880/880 945/945
f 879/879 945/945 944/944
f 880/880 881/881 946/946
f 880/880 946/946 945/945
f 881/881 882/882 947/947
f 881/881 947/947 946/946
f 882/882 883/883 948/948
f 882/882 948/948 947/947
f 883/883 884/884 949/949
f 883/883 949/949 948/948
f 884/884 885/885 950/950
f 884/884 950/950 949/949
f 885/885 886/886 951/951
f 885/885 951/951 950/950
f 886/886 887/887 952/952
f 886/886 952/952 951/951
f 887/887 888/888 953/953
f 887/887 953/953 952/952
f 888/888 889/889 954/954
f 888/888 954/954 953/953
f 889/889 890/890 955/955
f 889/889 955/955 954/954
f 890/890 891/891 956/956
f 890/890 956/956 955/955
f 891/891 892/892 957/957
f 891/891 957/957 956/956
f 892/892 893/893 958/958
f 892/892 958/958 957/957
f 893/893 894/894 959/959
f 893/893 959/959 958/958
f 894/894 895/895 960/960
f 894/894 960/960 959/959
f 895/895 896/896 961/961
f 895/895 961/961 960/960
f 896/896 897/897 962/962
f 896/896 962/962 961/961
f 897/897 898/898 963/963
f 897/897 963/963 962/962
f 898/898 899/899 964/964
f 898/898 964/964 963/963
f 899/899 900/900 965/965
f 899/899 965/965 964/964
f 900/900 901/901 966/966
f 900/900 966/966 965/965
f 901/901 902/902 967/967
f 901/901 967/967 966/966
f 902/902 903/903 968/968
f 902/902 968/968 967/967
f 903/903 904/904 969/969
f 903/903 969/969 968/968
f 904/904 905/905 970/970
f 904/904 970/970 969/969
f 905/905 906/906 971/971
f 905/905 971/971 970/970
f 906/906 907/907 972/972
f 906/906 972/972 971/971
f 907/907 908/908 973/973
f 907/907 973/973 972/972
f 908/908 909/909 974/974
f 908/908 974/974 973/973
f 909/909 910/910 975/975
f 909/909 975/975 974/974
f 910/910 911/911 976/976
f 910/910 976/976 975/975
f 911/911 912/912 977/977
f 911/911 977/977 976/976
f 912/912 913/913 978/978
f 912/912 978/978 977/977
f 913/913 914/914 979/979
f 913/913 979/979 978/978
f 980/980 851/851 850/850
f 980/980 852/852 851/851
f 980/980 853/853 852/852
f 980/980 854/854 853/853
f 980/980 855/855 854/854
f 980/980 856/856 855/855
f 980/980 857/857 856/856
f 980/980 858/858 857/857
f 980/980 859/859 858/858
f 980/980 860/860 859/859
f 980/980 861/861 860/860
f 980/980 862/862 861/861
f 980/980 863/863 862/862
f 980/980 864/864 863/863
f 980/980 865/865 864/864
f 980/980 866/866 865/865
f 980/980 867/867 866/866
f 980/980 868/868 867/867
f 980/980 869/869 868/868
f 980/980 870/870 869/869
f 980/980 871/871 870/870
f 980/980 872/872 871/871
f 980/980 873/873 872/872
f 980/980 874/874 873/873
f 980/980 875/875 874/874
f 980/980 876/876 875/875
f 980/980 877/877 876/876
f 980/980 878/878 877/877
f 980/980 879/879 878/878
f 980/980 880/880 879/879
f 980/980 881/881 880/880
f 980/980 882/882 881/881
f 980/980 883/883 882/882
f 980/980 884/884 883/883
f 980/980 885/885 884/884
f 980/980 886/886 885/885
f 980/980 887/887 886/886
f 980/980 888/888 887/887
f 980/980 889/889 888/888
f 980/980 890/890 889/889
f 980/980 891/891 890/890
f 980/980 892/892 891/891
f 980/980 893/893 892/892
f 980/980 894/894 893/893
f 980/980 895/895 894/894
f 980/980 896/896 895/895
f 980/980 897/897 896/896
f 980/980 898/898 897/897
f 980/980 899/899 898/898
f 980/980 900/900 899/899
f 980/980 901/901 900/900
f 980/980 902/902 901/901
f 980/980 903/903 902/902
f 980/980 904/904 903/903
f 980/980 905/905 904/904
f 980/980 906/906 905/905
f 980/980 907/907 906/906
f 980/980 908/908 907/907
f 980/980 909/909 908/908
f 980/980 910/910 909/909
f 980/980 911/911 910/910
f 980/980 912/912 911/911
f 980/980 913/913 912/912
f 980/980 914/914 913/913
f 981/981 915/915 916/916
f 981/981 916/916 917/917
f 981/981 917/917 918/918
f 981/981 918/918 919/919
f 981/981 919/919 920/920
f 981/981 920/920 921/921
f 981/981 921/921 922/922
f 981/981 922/922 923/923
f 981/981 923/923 924/924
f 981/981 924/924 925/925
f 981/981 925/925 926/926
f 981/981 926/926 927/927
f 981/981 927/927 928/928
f 981/981 928/928 929/929
f 981/981 929/929 930/930
f 981/981 930/930 931/931
f 981/981 931/931 932/932
f 981/981 932/932 933/933
f 981/981 933/933 934/934
f 981/981 934/934 935/935
f 981/981 935/935 936/936
f 981/981 936/936 937/937
f 981/981 937/937 938/938
f 981/981 938/938 939/939
f 981/981 939/939 940/940
f 981/981 940/940 941/941
f 981/981 941/941 942/942
f 981/981 942/942 943/943
f 981/981 943/943 944/944
f 981/981 944/944 945/945
f 981/981 945/945 946/946
f 981/981 946/946 947/947
f 981/981 947/947 948/948
f 981/981 948/948 949/949
f 981/981 949/949 950/950
f 981/981 950/950 951/951
f 981/981 951/951 952/952
f 981/981 952/952 953/953
f 981/981 953/953 954/954
f 981/981 954/954 955/955
f 981/981 955/955 956/956
f 981/981 956/956 957/957
f 981/981 957/957 958/958
f 981/981 958/958 959/959
f 981/981 959/959 960/960
f 981/981 960/960 961/961
f 981/981 961/961 962/962
f 981/981 962/962 963/963
f 981/981 963/963 964/964
f 981/981 964/964 965/965
f 981/981 965/965 966/966
f 981/981 966/966 967/967
f 981/981 967/967 968/968
f 981/981 968/968 969/969
f 981/981 969/969 970/970
f 981/981 970/970 971/971
f 981/981 971/971 972/972
f 981/981 972/972 973/973
f 981/981 973/973 974/974
f 981/981 974/974 975/975
f 981/981 975/975 976/976
f 981/981 976/976 977/977
f 981/981 977/977 978/978
f 981/981 978/978 979/979
f 982/982 983/983 996/996
f 982/982 996/996 995/995
f 983/983 984/984 997/997
f 983/983 997/997 996/996
f 984/984 985/985 998/998
f 984/984 998/998 997/997
f 985/985 986/986 999/999
f 985/985 999/999 998/998
f 986/986 987/987 1000/1000
f 986/986 1000/1000 999/999
f 987/987 988/988 1001/1001
f 987/987 1001/1001 1000/1000
f 988/988 989/989 1002/1002
f 988/988 1002/1002 1001/1001
f 989/989 990/990 1003/1003
f 989/989 1003/1003 1002/1002
f 990/990 991/991 1004/1004
f 990/990 1004/1004 1003/1003
f 991/991 992/992 1005/1005
f 991/991 1005/1005 1004/1004
f 992/992 993/993 1006/1006
f 992/992 1006/1006 1005/1005
f 993/993 994/994 1007/1007
f 993/993 1007/1007 1006/1006
f 995/995 996/996 1009/1009
f 995/995 1009/1009 1008/1008
f 996/996 997/997 1010/1010
f 996/996 1010/1010 1009/1009
f 997/997 998/998 1011/1011
f 997/997 1011/1011 1010/1010
f 998/998 999/999 1012/1012
f 998/998 1012/1012 1011/1011
f 999/999 1000/1000 1013/1013
f 999/999 1013/1013 1012/1012
f 1000/1000 1001/1001 1014/1014
f 1000/1000 1014/1014 1013/1013
f 1001/1001 1002/1002 1015/1015
f 1001/1001 1015/1015 1014/1014
f 1002/1002 1003/1003 1016/1016
f 1002/1002 1016/1016 1015/1015
f 1003/1003 1004/1004 1017/1017
f 1003/1003 1017/1017 1016/1016
f 1004/1004 1005/1005 1018/1018
f 1004/1004 1018/1018 1017/1017
f 1005/1005 1006/1006 1019/1019
f 1005/1005 1019/1019 1018/1018
f 1006/1006 1007/1007 1020/1020
f 1006/1006 1020/1020 1019/1019
f 1008/1008 1009/1009 1022/1022
f 1008/1008 1022/1022 1021/1021
f 1009/1009 1010/1010 1023/1023
f 1009/1009 1023/1023 1022/1022
f 1010/1010 1011/1011 1024/1024
f 1010/1010 1024/1024 1023/1023
f 1011/1011 1012/1012 1025/1025
f 1011/1011 1025/1025 1024/1024
f 1012/1012 1013/1013 1026/1026
f 1012/1012 1026/1026 1025/1025
f 1013/1013 1014/1014 1027/1027
f 1013/1013 1027/1027 1026/1026
f 1014/1014 1015/1015 1028/1028
f 1014/1014 1028/1028 1027/1027
f 1015/1015 1016/1016 1029/1029
f 1015/1015 1029/1029 1028/1028
f 1016/1016 1017/1017 1030/1030
f 1016/1016 1030/1030 1029/1029
f 1017/1017 1018/1018 1031/1031
f 1017/1017 1031/1031 1030/1030
f 1018/1018 1019/1019 1032/1032
f 1018/1018 1032/1032 1031/1031
f 1019/1019 1020/1020 1033/1033
f 1019/1019 1033/1033 1032/1032
f 1021/1021 1022/1022 1035/1035
f 1021/1021 1035/1035 1034/1034
f 1022/1022 1023/1023 1036/1036
f 1022/1022 1036/1036 1035/1035
f 1023/1023 1024/1024 1037/1037
f 1023/1023 1037/1037 1036/1036
f 1024/1024 1025/1025 1038/1038
f 1024/1024 1038/1038 1037/1037
f 1025/1025 1026/1026 1039/1039
f 1025/1025 1039/1039 1038/1038
f 1026/1026 1027/1027 1040/1040
f 1026/1026 1040/1040 1039/1039
f 1027/1027 1028/1028 1041/1041
f 1027/1027 1041/1041 1040/1040
f 1028/1028 1029/1029 1042/1042
f 1028/1028 1042/1042 1041/1041
f 1029/1029 1030/1030 1043/1043
f 1029/1029 1043/1043 1042/1042
f 1030/1030 1031/1031 1044/1044
f 1030/1030 1044/1044 1043/1043
f 1031/1031 1032/1032 1045/1045
f 1031/1031 1045/1045 1044/1044
f 1032/1032 1033/1033 1046/1046
f 1032/1032 1046/1046 1045/1045
f 1034/1034 1035/1035 1048/1048
f 1034/1034 1048/1048 1047/1047
f 1035/1035 1036/1036 1049/1049
f 1035/1035 1049/1049 1048/1048
f 1036/1036 1037/1037 1050/1050
f 1036/1036 1050/1050 1049/1049
f 1037/1037 1038/1038 1051/1051
f 1037/1037 1051/1051 1050/1050
f 1038/1038 1039/1039 1052/1052
f 1038/1038 1052/1052 1051/1051
f 1039/1039 1040/1040 1053/1053
f 1039/1039 1053/1053 1052/1052
f 1040/1040 1041/1041 1054/1054
f 1040/1040 1054/1054 1053/1053
f 1041/1041 1042/1042 1055/1055
f 1041/1041 1055/1055 1054/1054
f 1042/1042 1043/1043 1056/1056
f 1042/1042 1056/1056 1055/1055
f 1043/1043 1044/1044 1057/1057
f 1043/1043 1057/1057 1056/1056
f 1044/1044 1045/1045 1058/1058
f 1044/1044 1058/1058 1057/1057
f 1045/1045 1046/1046 1059/1059
f 1045/1045 1059/1059 1058/1058
f 1047/1047 1048/1048 1061/1061
f 1047/1047 1061/1061 1060/1060
f 1048/1048 1049/1049 1062/1062
f 1048/1048 1062/1062 1061/1061
f 1049/1049 1050/1050 1063/1063
f 1049/1049 1063/1063 1062/1062
f 1050/1050 1051/1051 1064/1064
f 1050/1050 1064/1064 1063/1063
f 1051/1051 1052/1052 1065/1065
f 1051/1051 1065/1065 1064/1064
f 1052/1052 1053/1053 1066/1066
f 1052/1052 1066/1066 1065/1065
f 1053/1053 1054/1054 1067/1067
f 1053/1053 1067/1067 1066/1066
f 1054/1054 1055/1055 1068/1068
f 1054/1054 1068/1068 1067/1067
f 1055/1055 1056/1056 1069/1069
f 1055/1055 1069/1069 1068/1068
f 1056/1056 1057/1057 1070/1070
f 1056/1056 1070/1070 1069/1069
f 1057/1057 1058/1058 1071/1071
f 1057/1057 1071/1071 1070/1070
f 1058/1058 1059/1059 1072/1072
f 1058/1058 1072/1072 1071/1071
f 1060/1060 1061/1061 1074/1074
f 1060/1060 1074/1074 1073/1073
f 1061/1061 1062/1062 1075/1075
f 1061/1061 1075/1075 1074/1074
f 1062/1062 1063/1063 1076/1076
f 1062/1062 1076/1076 1075/1075
f 1063/1063 1064/1064 1077/1077
f 1063/1063 1077/1077 1076/1076
f 1064/1064 1065/1065 1078/1078
f 1064/1064 1078/1078 1077/1077
f 1065/1065 1066/1066 1079/1079
f 1065/1065 1079/1079 1078/1078
f 1066/1066 1067/1067 1080/1080
f 1066/1066 1080/1080 1079/1079
f 1067/1067 1068/1068 1081/1081
f 1067/1067 1081/1081 1080/1080
f 1068/1068 1069/1069 1082/1082
f 1068/1068 1082/1082 1081/1081
f 1069/1069 1070/1070 1083/1083
f 1069/1069 1083/1083 1082/1082
f 1070/1070 1071/1071 1084/1084
f 1070/1070 1084/1084 1083/1083
f 1071/1071 1072/1072 1085/1085
f 1071/1071 1085/1085 1084/1084
f 1073/1073 1074/1074 1087/1087
f 1073/1073 1087/1087 1086/1086
f 1074/1074 1075/1075 1088/1088
f 1074/1074 1088/1088 1087/1087
f 1075/1075 1076/1076 1089/1089
f 1075/1075 1089/1089 1088/1088
f 1076/1076 1077/1077 1090/1090
f 1076/1076 1090/1090 1089/1089
f 1077/1077 1078/1078 1091/1091
f 1077/1077 1091/1091 1090/1090
f 1078/1078 1079/1079 1092/1092
f 1078/1078 1092/1092 1091/1091
f 1079/1079 1080/1080 1093/1093
f 1079/1079 1093/1093 1092/1092
f 1080/1080 1081/1081 1094/1094
f 1080/1080 1094/1094 1093/1093
f 1081/1081 1082/1082 1095/1095
f 1081/1081 1095/1095 1094/1094
f 1082/1082 1083/1083 1096/1096
f 1082/1082 1096/1096 1095/1095
f 1083/1083 1084/1084 1097/1097
f 1083/1083 1097/1097 1096/1096
f 1084/1084 1085/1085 1098/1098
f 1084/1084 1098/1098 1097/1097
f 1086/1086 1087/1087 1100/1100
f 1086/1086 1100/1100 1099/1099
f 1087/1087 1088/1088 1101/1101
f 1087/1087 1101/1101 1100/1100
f 1088/1088 1089/1089 1102/1102
f 1088/1088 1102/1102 1101/1101
f 1089/1089 1090/1090 1103/1103
f 1089/1089 1103/1103 1102/1102
f 1090/1090 1091/1091 1104/1104
f 1090/1090 1104/1104 1103/1103
f 1091/1091 1092/1092 1105/1105
f 1091/1091 1105/1105 1104/1104
f 1092/1092 1093/1093 1106/1106
f 1092/1092 1106/1106 1105/1105
f 1093/1093 1094/1094 1107/1107
f 1093/1093 1107/1107 1106/1106
f 1094/1094 1095/1095 1108/1108
f 1094/1094 1108/1108 1107/1107
f 1095/1095 1096/1096 1109/1109
f 1095/1095 1109/1109 1108/1108
f 1096/1096 1097/1097 1110/1110
f 1096/1096 1110/1110 1109/1109
f 1097/1097 1098/1098 1111/1111
f 1097/1097 1111/1111 1110/1110
f 1099/1099 1100/1100 1113/1113
f 1099/1099 1113/1113 1112/1112
f 1100/1100 1101/1101 1114/1114
f 1100/1100 1114/1114 1113/1113
f 1101/1101 1102/1102 1115/1115
f 1101/1101 1115/1115 1114/1114
f 1102/1102 1103/1103 1116/1116
f 1102/1102 1116/1116 1115/1115
f 1103/1103 1104/1104 1117/1117
f 1103/1103 1117/1117 1116/1116
f 1104/1104 1105/1105 1118/1118
f 1104/1104 1118/1118 1117/1117
f 1105/1105 1106/1106 1119/1119
f 1105/1105 1119/1119 1118/1118
f 1106/1106 1107/1107 1120/1120
f 1106/1106 1120/1120 1119/1119
f 1107/1107 1108/1108 1121/1121
f 1107/1107 1121/1121 1120/1120
f 1108/1108 1109/1109 1122/1122
f 1108/1108 1122/1122 1121/1121
f 1109/1109 1110/1110 1123/1123
f 1109/1109 1123/1123 1122/1122
f 1110/1110 1111/1111 1124/1124
f 1110/1110 1124/1124 1123/1123
f 1112/1112 1113/1113 1126/1126
f 1112/1112 1126/1126 1125/1125
f 1113/1113 1114/1114 1127/1127
f 1113/1113 1127/1127 1126/1126
f 1114/1114 1115/1115 1128/1128
f 1114/1114 1128/1128 1127/1127
f 1115/1115 1116/1116 1129/1129
f 1115/1115 1129/1129 1128/1128
f 1116/1116 1117/1117 1130/1130
f 1116/1116 1130/1130 1129/1129
f 1117/1117 1118/1118 1131/1131
f 1117/1117 1131/1131 1130/1130
f 1118/1118 1119/1119 1132/1132
f 1118/1118 1132/1132 1131/1131
f 1119/1119 1120/1120 1133/1133
f 1119/1119 1133/1133 1132/1132
f 1120/1120 1121/1121 1134/1134
f 1120/1120 1134/1134 1133/1133
f 1121/1121 1122/1122 1135/1135
f 1121/1121 1135/1135 1134/1134
f 1122/1122 1123/1123 1136/1136
f 1122/1122 1136/1136 1135/1135
f 1123/1123 1124/1124 1137/1137
f 1123/1123 1137/1137 1136/1136
f 1125/1125 1126/1126 1139/1139
f 1125/1125 1139/1139 1138/1138
f 1126/1126 1127/1127 1140/1140
f 1126/1126 1140/1140 1139/1139
f 1127/1127 1128/1128 1141/1141
f 1127/1127 1141/1141 1140/1140
f 1128/1128 1129/1129 1142/1142
f 1128/1128 1142/1142 1141/1141
f 1129/1129 1130/1130 1143/1143
f 1129/1129 1143/1143 1142/1142
f 1130/1130 1131/1131 1144/1144
f 1130/1130 1144/1144 1143/1143
f 1131/1131 1132/1132 1145/1145
f 1131/1131 1145/1145 1144/1144
f 1132/1132 1133/1133 1146/1146
f 1132/1132 1146/1146 1145/1145
f 1133/1133 1134/1134 1147/1147
f 1133/1133 1147/1147 1146/1146
f 1134/1134 1135/1135 1148/1148
f 1134/1134 1148/1148 1147/1147
f 1135/1135 1136/1136 1149/1149
f 1135/1135 1149/1149 1148/1148
f 1136/1136 1137/1137 1150/1150
f 1136/1136 1150/1150 1149/1149
f 1138/1138 1139/1139 1152/1152
f 1138/1138 1152/1152 1151/1151
f 1139/1139 1140/1140 1153/1153
f 1139/1139 1153/1153 1152/1152
f 1140/1140 1141/1141 1154/1154
f 1140/1140 1154/1154 1153/1153
f 1141/1141 1142/1142 1155/1155
f 1141/1141 1155/1155 1154/1154
f 1142/1142 1143/1143 1156/1156
f 1142/1142 1156/1156 1155/1155
f 1143/1143 1144/1144 1157/1157
f 1143/1143 1157/1157 1156/1156
f 1144/1144 1145/1145 1158/1158
f 1144/1144 1158/1158 1157/1157
f 1145/1145 1146/1146 1159/1159
f 1145/1145 1159/1159 1158/1158
f 1146/1146 1147/1147 1160/1160
f 1146/1146 1160/1160 1159/1159
f 1147/1147 1148/1148 1161/1161
f 1147/1147 1161/1161 1160/1160
f 1148/1148 1149/1149 1162/1162
f 1148/1148 1162/1162 1161/1161
f 1149/1149 1150/1150 1163/1163
f 1149/1149 1163/1163 1162/1162
f 1151/1151 1152/1152 1165/1165
f 1151/1151 1165/1165 1164/1164
f 1152/1152 1153/1153 1166/1166
f 1152/1152 1166/1166 1165/1165
f 1153/1153 1154/1154 1167/1167
f 1153/1153 1167/1167 1166/1166
f 1154/1154 1155/1155 1168/1168
f 1154/1154 1168/1168 1167/1167
f 1155/1155 1156/1156 1169/1169
f 1155/1155 1169/1169 1168/1168
f 1156/1156 1157/1157 1170/1170
f 1156/1156 1170/1170 1169/1169
f 1157/1157 1158/1158 1171/1171
f 1157/1157 1171/1171 1170/1170
f 1158/1158 1159/1159 1172/1172
f 1158/1158 1172/1172 1171/1171
f 1159/1159 1160/1160 1173/1173
f 1159/1159 1173/1173 1172/1172
f 1160/1160 1161/1161 1174/1174
f 1160/1160 1174/1174 1173/1173
f 1161/1161 1162/1162 1175/1175
f 1161/1161 1175/1175 1174/1174
f 1162/1162 1163/1163 1176/1176
f 1162/1162 1176/1176 1175/1175
f 1164/1164 1165/1165 1178/1178
f 1164/1164 1178/1178 1177/1177
f 1165/1165 1166/1166 1179/1179
f 1165/1165 1179/1179 1178/1178
f 1166/1166 1167/1167 1180/1180
f 1166/1166 1180/1180 1179/1179
f 1167/1167 1168/1168 1181/1181
f 1167/1167 1181/1181 1180/1180
f 1168/1168 1169/1169 1182/1182
f 1168/1168 1182/1182 1181/1181
f 1169/1169 1170/1170 1183/1183
f 1169/1169 1183/1183 1182/1182
f 1170/1170 1171/1171 1184/1184
f 1170/1170 1184/1184 1183/1183
f 1171/1171 1172/1172 1185/1185
f 1171/1171 1185/1185 1184/1184
f 1172/1172 1173/1173 1186/1186
f 1172/1172 1186/1186 1185/1185
f 1173/1173 1174/1174 1187/1187
f 1173/1173 1187/1187 1186/1186
f 1174/1174 1175/1175 1188/1188
f 1174/1174 1188/1188 1187/1187
f 1175/1175 1176/1176 1189/1189
f 1175/1175 1189/1189 1188/1188
f 1177/1177 1178/1178 1191/1191
f 1177/1177 1191/1191 1190/1190
f 1178/1178 1179/1179 1192/1192
f 1178/1178 1192/1192 1191/1191
f 1179/1179 1180/1180 1193/1193
f 1179/1179 1193/1193 1192/1192
f 1180/1180 1181/1181 1194/1194
f 1180/1180 1194/1194 1193/1193
f 1181/1181 1182/1182 1195/1195
f 1181/1181 1195/1195 1194/1194
f 1182/1182 1183/1183 1196/1196
f 1182/1182 1196/1196 1195/1195
f 1183/1183 1184/1184 1197/1197
f 1183/1183 1197/1197 1196/1196
f 1184/1184 1185/1185 1198/1198
f 1184/1184 1198/1198 1197/1197
f 1185/1185 1186/1186 1199/1199
f 1185/1185 1199/1199 1198/1198
f 1186/1186 1187/1187 1200/1200
f 1186/1186 1200/1200 1199/1199
f 1187/1187 1188/1188 1201/1201
f 1187/1187 1201/1201 1200/1200
f 1188/1188 1189/1189 1202/1202
f 1188/1188 1202/1202 1201/1201
f 1190/1190 1191/1191 1204/1204
f 1190/1190 1204/1204 1203/1203
f 1191/1191 1192/1192 1205/1205
f 1191/1191 1205/1205 1204/1204
f 1192/1192 1193/1193 1206/1206
f 1192/1192 1206/1206 1205/1205
f 1193/1193 1194/1194 1207/1207
f 1193/1193 1207/1207 1206/1206
f 1194/1194 1195/1195 1208/1208
f 1194/1194 1208/1208 1207/1207
f 1195/1195 1196/1196 1209/1209
f 1195/1195 1209/1209 1208/1208
f 1196/1196 1197/1197 1210/1210
f 1196/1196 1210/1210 1209/1209
f 1197/1197 1198/1198 1211/1211
f 1197/1197 1211/1211 1210/1210
f 1198/1198 1199/1199 1212/1212
f 1198/1198 1212/1212 1211/1211
f 1199/1199 1200/1200 1213/1213
f 1199/1199 1213/1213 1212/1212
f 1200/1200 1201/1201 1214/1214
f 1200/1200 1214/1214 1213/1213
f 1201/1201 1202/1202 1215/1215
f 1201/1201 1215/1215 1214/1214
f 1203/1203 1204/1204 1217/1217
f 1203/1203 1217/1217 1216/1216
f 1204/1204 1205/1205 1218/1218
f 1204/1204 1218/1218 1217/1217
f 1205/1205 1206/1206 1219/1219
f 1205/1205 1219/1219 1218/1218
f 1206/1206 1207/1207 1220/1220
f 1206/1206 1220/1220 1219/1219
f 1207/1207 1208/1208 1221/1221
f 1207/1207 1221/1221 1220/1220
f 1208/1208 1209/1209 1222/1222
f 1208/1208 1222/1222 1221/1221
f 1209/1209 1210/1210 1223/1223
f 1209/1209 1223/1223 1222/1222
f 1210/1210 1211/1211 1224/1224
f 1210/1210 1224/1224 1223/1223
f 1211/1211 1212/1212 1225/1225
f 1211/1211 1225/1225 1224/1224
f 1212/1212 1213/1213 1226/1226
f 1212/1212 1226/1226 1225/1225
f 1213/1213 1214/1214 1227/1227
f 1213/1213 1227/1227 1226/1226
f 1214/1214 1215/1215 1228/1228
f 1214/1214 1228/1228 1227/1227
f 1216/1216 1217/1217 1230/1230
f 1216/1216 1230/1230 1229/1229
f 1217/1217 1218/1218 1231/1231
f 1217/1217 1231/1231 1230/1230
f 1218/1218 1219/1219 1232/1232
f 1218/1218 1232/1232 1231/1231
f 1219/1219 1220/1220 1233/1233
f 1219/1219 1233/1233 1232/1232
f 1220/1220 1221/1221 1234/1234
f 1220/1220 1234/1234 1233/1233
f 1221/1221 1222/1222 1235/1235
f 1221/1221 1235/1235 1234/1234
f 1222/1222 1223/1223 1236/1236
f 1222/1222 1236/1236 1235/1235
f 1223/1223 1224/1224 1237/1237
f 1223/1223 1237/1237 1236/1236
f 1224/1224 1225/1225 1238/1238
f 1224/1224 1238/1238 1237/1237
f 1225/1225 1226/1226 1239/1239
f 1225/1225 1239/1239 1238/1238
f 1226/1226 1227/1227 1240/1240
f 1226/1226 1240/1240 1239/1239
f 1227/1227 1228/1228 1241/1241
f 1227/1227 1241/1241 1240/1240
f 1229/1229 1230/1230 1243/1243
f 1229/1229 1243/1243 1242/1242
f 1230/1230 1231/1231 1244/1244
f 1230/1230 1244/1244 1243/1243
f 1231/1231 1232/1232 1245/1245
f 1231/1231 1245/1245 1244/1244
f 1232/1232 1233/1233 1246/1246
f 1232/1232 1246/1246 1245/1245
f 1233/1233 1234/1234 1247/1247
f 1233/1233 1247/1247 1246/1246
f 1234/1234 1235/1235 1248/1248
f 1234/1234 1248/1248 1247/1247
f 1235/1235 1236/1236 1249/1249
f 1235/1235 1249/1249 1248/1248
f 1236/1236 1237/1237 1250/1250
f 1236/1236 1250/1250 1249/1249
f 1237/1237 1238/1238 1251/1251
f 1237/1237 1251/1251 1250/1250
f 1238/1238 1239/1239 1252/1252
f 1238/1238 1252/1252 1251/1251
f 1239/1239 1240/1240 1253/1253
f 1239/1239 1253/1253 1252/1252
f 1240/1240 1241/1241 1254/1254
f 1240/1240 1254/1254 1253/1253
f 1242/1242 1243/1243 1256/1256
f 1242/1242 1256/1256 1255/1255
f 1243/1243 1244/1244 1257/1257
f 1243/1243 1257/1257 1256/1256
f 1244/1244 1245/1245 1258/1258
f 1244/1244 1258/1258 1257/1257
f 1245/1245 1246/1246 1259/1259
f 1245/1245 1259/1259 1258/1258
f 1246/1246 1247/1247 1260/1260
f 1246/1246 1260/1260 1259/1259
f 1247/1247 1248/1248 1261/1261
f 1247/1247 1261/1261 1260/1260
f 1248/1248 1249/1249 1262/1262
f 1248/1248 1262/1262 1261/1261
f 1249/1249 1250/1250 1263/1263
f 1249/1249 1263/1263 1262/1262
f 1250/1250 1251/1251 1264/1264
f 1250/1250 1264/1264 1263/1263
f 1251/1251 1252/1252 1265/1265
f 1251/1251 1265/1265 1264/1264
f 1252/1252 1253/1253 1266/1266
f 1252/1252 1266/1266 1265/1265
f 1253/1253 1254/1254 1267/1267
f 1253/1253 1267/1267 1266/1266
f 1255/1255 1256/1256 1269/1269
f 1255/1255 1269/1269 1268/1268
f 1256/1256 1257/1257 1270/1270
f 1256/1256 1270/1270 1269/1269
f 1257/1257 1258/1258 1271/1271
f 1257/1257 1271/1271 1270/1270
f 1258/1258 1259/1259 1272/1272
f 1258/1258 1272/1272 1271/1271
f 1259/1259 1260/1260 1273/1273
f 1259/1259 1273/1273 1272/1272
f 1260/1260 1261/1261 1274/1274
f 1260/1260 1274/1274 1273/1273
f 1261/1261 1262/1262 1275/1275
f 1261/1261 1275/1275 1274/1274
f 1262/1262 1263/1263 1276/1276
f 1262/1262 1276/1276 1275/1275
f 1263/1263 1264/1264 1277/1277
f 1263/1263 1277/1277 1276/1276
f 1264/1264 1265/1265 1278/1278
f 1264/1264 1278/1278 1277/1277
f 1265/1265 1266/1266 1279/1279
f 1265/1265 1279/1279 1278/1278
f 1266/1266 1267/1267 1280/1280
f 1266/1266 1280/1280 1279/1279
f 1268/1268 1269/1269 1282/1282
f 1268/1268 1282/1282 1281/1281
f 1269/1269 1270/1270 1283/1283
f 1269/1269 1283/1283 1282/1282
f 1270/1270 1271/1271 1284/1284
f 1270/1270 1284/1284 1283/1283
f 1271/1271 1272/1272 1285/1285
f 1271/1271 1285/1285 1284/1284
f 1272/1272 1273/1273 1286/1286
f 1272/1272 1286/1286 1285/1285
f 1273/1273 1274/1274 1287/1287
f 1273/1273 1287/1287 1286/1286
f 1274/1274 1275/1275 1288/1288
f 1274/1274 1288/1288 1287/1287
f 1275/1275 1276/1276 1289/1289
f 1275/1275 1289/1289 1288/1288
f 1276/1276 1277/1277 1290/1290
f 1276/1276 1290/1290 1289/1289
f 1277/1277 1278/1278 1291/1291
f 1277/1277 1291/1291 1290/1290
f 1278/1278 1279/1279 1292/1292
f 1278/1278 1292/1292 1291/1291
f 1279/1279 1280/1280 1293/1293
f 1279/1279 1293/1293 1292/1292
f 1281/1281 1282/1282 1295/1295
f 1281/1281 1295/1295 1294/1294
f 1282/1282 1283/1283 1296/1296
f 1282/1282 1296/1296 1295/1295
f 1283/1283 1284/1284 1297/1297
f 1283/1283 1297/1297 1296/1296
f 1284/1284 1285/1285 1298/1298
f 1284/1284 1298/1298 1297/1297
f 1285/1285 1286/1286 1299/1299
f 1285/1285 1299/1299 1298/1298
f 1286/1286 1287/1287 1300/1300
f 1286/1286 1300/1300 1299/1299
f 1287/1287 1288/1288 1301/1301
f 1287/1287 1301/1301 1300/1300
f 1288/1288 1289/1289 1302/1302
f 1288/1288 1302/1302 1301/1301
f 1289/1289 1290/1290 1303/1303
f 1289/1289 1303/1303 1302/1302
f 1290/1290 1291/1291 1304/1304
f 1290/1290 1304/1304 1303/1303
f 1291/1291 1292/1292 1305/1305
f 1291/1291 1305/1305 1304/1304
f 1292/1292 1293/1293 1306/1306
f 1292/1292 1306/1306 1305/1305
f 1294/1294 1295/1295 1308/1308
f 1294/1294 1308/1308 1307/1307
f 1295/1295 1296/1296 1309/1309
f 1295/1295 1309/1309 1308/1308
f 1296/1296 1297/1297 1310/1310
f 1296/1296 1310/1310 1309/1309
f 1297/1297 1298/1298 1311/1311
f 1297/1297 1311/1311 1310/1310
f 1298/1298 1299/1299 1312/1312
f 1298/1298 1312/1312 1311/1311
f 1299/1299 1300/1300 1313/1313
f 1299/1299 1313/1313 1312/1312
f 1300/1300 1301/1301 1314/1314
f 1300/1300 1314/1314 1313/1313
f 1301/1301 1302/1302 1315/1315
f 1301/1301 1315/1315 1314/1314
f 1302/1302 1303/1303 1316/1316
f 1302/1302 1316/1316 1315/1315
f 1303/1303 1304/1304 1317/1317
f 1303/1303 1317/1317 1316/1316
f 1304/1304 1305/1305 1318/1318
f 1304/1304 1318/1318 1317/1317
f 1305/1305 1306/1306 1319/1319
f 1305/1305 1319/1319 1318/1318
f 1307/1307 1308/1308 1321/1321
f 1307/1307 1321/1321 1320/1320
f 1308/1308 1309/1309 1322/1322
f 1308/1308 1322/1322 1321/1321
f 1309/1309 1310/1310 1323/1323
f 1309/1309 1323/1323 1322/1322
f 1310/1310 1311/1311 1324/1324
f 1310/1310 1324/1324 1323/1323
f 1311/1311 1312/1312 1325/1325
f 1311/1311 1325/1325 1324/1324
f 1312/1312 1313/1313 1326/1326
f 1312/1312 1326/1326 1325/1325
f 1313/1313 1314/1314 1327/1327
f 1313/1313 1327/1327 1326/1326
f 1314/1314 1315/1315 1328/1328
f 1314/1314 1328/1328 1327/1327
f 1315/1315 1316/1316 1329/1329
f 1315/1315 1329/1329 1328/1328
f 1316/1316 1317/1317 1330/1330
f 1316/1316 1330/1330 1329/1329
f 1317/1317 1318/1318 1331/1331
f 1317/1317 1331/1331 1330/1330
f 1318/1318 1319/1319 1332/1332
f 1318/1318 1332/1332 1331/1331
f 1320/1320 1321/1321 1334/1334
f 1320/1320 1334/1334 1333/1333
f 1321/1321 1322/1322 1335/1335
f 1321/1321 1335/1335 1334/1334
f 1322/1322 1323/1323 1336/1336
f 1322/1322 1336/1336 1335/1335
f 1323/1323 1324/1324 1337/1337
f 1323/1323 1337/1337 1336/1336
f 1324/1324 1325/1325 1338/1338
f 1324/1324 1338/1338 1337/1337
f 1325/1325 1326/1326 1339/1339
f 1325/1325 1339/1339 1338/1338
f 1326/1326 1327/1327 1340/1340
f 1326/1326 1340/1340 1339/1339
f 1327/1327 1328/1328 1341/1341
f 1327/1327 1341/1341 1340/1340
f 1328/1328 1329/1329 1342/1342
f 1328/1328 1342/1342 1341/1341
f 1329/1329 1330/1330 1343/1343
f 1329/1329 1343/1343 1342/1342
f 1330/1330 1331/1331 1344/1344
f 1330/1330 1344/1344 1343/1343
f 1331/1331 1332/1332 1345/1345
f 1331/1331 1345/1345 1344/1344
f 1333/1333 1334/1334 1347/1347
f 1333/1333 1347/1347 1346/1346
f 1334/1334 1335/1335 1348/1348
f 1334/1334 1348/1348 1347/1347
f 1335/1335 1336/1336 1349/1349
f 1335/1335 1349/1349 1348/1348
f 1336/1336 1337/1337 1350/1350
f 1336/1336 1350/1350 1349/1349
f 1337/1337 1338/1338 1351/1351
f 1337/1337 1351/1351 1350/1350
f 1338/1338 1339/1339 1352/1352
f 1338/1338 1352/1352 1351/1351
f 1339/1339 1340/1340 1353/1353
f 1339/1339 1353/1353 1352/1352
f 1340/1340 1341/1341 1354/1354
f 1340/1340 1354/1354 1353/1353
f 1341/1341 1342/1342 1355/1355
f 1341/1341 1355/1355 1354/1354
f 1342/1342 1343/1343 1356/1356
f 1342/1342 1356/1356 1355/1355
f 1343/1343 1344/1344 1357/1357
f 1343/1343 1357/1357 1356/1356
f 1344/1344 1345/1345 1358/1358
f 1344/1344 1358/1358 1357/1357
f 1346/1346 1347/1347 1360/1360
f 1346/1346 1360/1360 1359/1359
f 1347/1347 1348/1348 1361/1361
f 1347/1347 1361/1361 1360/1360
f 1348/1348 1349/1349 1362/1362
f 1348/1348 1362/1362 1361/1361
f 1349/1349 1350/1350 1363/1363
f 1349/1349 1363/1363 1362/1362
f 1350/1350 1351/1351 1364/1364
f 1350/1350 1364/1364 1363/1363
f 1351/1351 1352/1352 1365/1365
f 1351/1351 1365/1365 1364/1364
f 1352/1352 1353/1353 1366/1366
f 1352/1352 1366/1366 1365/1365
f 1353/1353 1354/1354 1367/1367
f 1353/1353 1367/1367 1366/1366
f 1354/1354 1355/1355 1368/1368
f 1354/1354 1368/1368 1367/1367
f 1355/1355 1356/1356 1369/1369
f 1355/1355 1369/1369 1368/1368
f 1356/1356 1357/1357 1370/1370
f 1356/1356 1370/1370 1369/1369
f 1357/1357 1358/1358 1371/1371
f 1357/1357 1371/1371 1370/1370
f 1359/1359 1360/1360 1373/1373
f 1359/1359 1373/1373 1372/1372
f 1360/1360 1361/1361 1374/1374
f 1360/1360 1374/1374 1373/1373
f 1361/1361 1362/1362 1375/1375
f 1361/1361 1375/1375 1374/1374
f 1362/1362 1363/1363 1376/1376
f 1362/1362 1376/1376 1375/1375
f 1363/1363 1364/1364 1377/1377
f 1363/1363 1377/1377 1376/1376
f 1364/1364 1365/1365 1378/1378
f 1364/1364 1378/1378 1377/1377
f 1365/1365 1366/1366 1379/1379
f 1365/1365 1379/1379 1378/1378
f 1366/1366 1367/1367 1380/1380
f 1366/1366 1380/1380 1379/1379
f 1367/1367 1368/1368 1381/1381
f 1367/1367 1381/1381 1380/1380
f 1368/1368 1369/1369 1382/1382
f 1368/1368 1382/1382 1381/1381
f 1369/1369 1370/1370 1383/1383
f 1369/1369 1383/1383 1382/1382
f 1370/1370 1371/1371 1384/1384
f 1370/1370 1384/1384 1383/1383
f 1372/1372 1373/1373 1386/1386
f 1372/1372 1386/1386 1385/1385
f 1373/1373 1374/1374 1387/1387
f 1373/1373 1387/1387 1386/1386
f 1374/1374 1375/1375 1388/1388
f 1374/1374 1388/1388 1387/1387
f 1375/1375 1376/1376 1389/1389
f 1375/1375 1389/1389 1388/1388
f 1376/1376 1377/1377 1390/1390
f 1376/1376 1390/1390 1389/1389
f 1377/1377 1378/1378 1391/1391
f 1377/1377 1391/1391 1390/1390
f 1378/1378 1379/1379 1392/1392
f 1378/1378 1392/1392 1391/1391
f 1379/1379 1380/1380 1393/1393
f 1379/1379 1393/1393 1392/1392
f 1380/1380 1381/1381 1394/1394
f 1380/1380 1394/1394 1393/1393
f 1381/1381 1382/1382 1395/1395
f 1381/1381 1395/1395 1394/1394
f 1382/1382 1383/1383 1396/1396
f 1382/1382 1396/1396 1395/1395
f 1383/1383 1384/1384 1397/1397
f 1383/1383 1397/1397 1396/1396
f 1385/1385 1386/1386 1399/1399
f 1385/1385 1399/1399 1398/1398
f 1386/1386 1387/1387 1400/1400
f 1386/1386 1400/1400 1399/1399
f 1387/1387 1388/1388 1401/1401
f 1387/1387 1401/1401 1400/1400
f 1388/1388 1389/1389 1402/1402
f 1388/1388 1402/1402 1401/1401
f 1389/1389 1390/1390 1403/1403
f 1389/1389 1403/1403 1402/1402
f 1390/1390 1391/1391 1404/1404
f 1390/1390 1404/1404 1403/1403
f 1391/1391 1392/1392 1405/1405
f 1391/1391 1405/1405 1404/1404
f 1392/1392 1393/1393 1406/1406
f 1392/1392 1406/1406 1405/1405
f 1393/1393 1394/1394 1407/1407
f 1393/1393 1407/1407 1406/1406
f 1394/1394 1395/1395 1408/1408
f 1394/1394 1408/1408 1407/1407
f 1395/1395 1396/1396 1409/1409
f 1395/1395 1409/1409 1408/1408
f 1396/1396 1397/1397 1410/1410
f 1396/1396 1410/1410 1409/1409
f 1398/1398 1399/1399 1412/1412
f 1398/1398 1412/1412 1411/1411
f 1399/1399 1400/1400 1413/1413
f 1399/1399 1413/1413 1412/1412
f 1400/1400 1401/1401 1414/1414
f 1400/1400 1414/1414 1413/1413
f 1401/1401 1402/1402 1415/1415
f 1401/1401 1415/1415 1414/1414
f 1402/1402 1403/1403 1416/1416
f 1402/1402 1416/1416 1415/1415
f 1403/1403 1404/1404 1417/1417
f 1403/1403 1417/1417 1416/1416
f 1404/1404 1405/1405 1418/1418
f 1404/1404 1418/1418 1417/1417
f 1405/1405 1406/1406 1419/1419
f 1405/1405 1419/1419 1418/1418
f 1406/1406 1407/1407 1420/1420
f 1406/1406 1420/1420 1419/1419
f 1407/1407 1408/1408 1421/1421
f 1407/1407 1421/1421 1420/1420
f 1408/1408 1409/1409 1422/1422
f 1408/1408 1422/1422 1421/1421
f 1409/1409 1410/1410 1423/1423
f 1409/1409 1423/1423 1422/1422
f 1411/1411 1412/1412 1425/1425
f 1411/1411 1425/1425 1424/1424
f 1412/1412 1413/1413 1426/1426
f 1412/1412 1426/1426 1425/1425
f 1413/1413 1414/1414 1427/1427
f 1413/1413 1427/1427 1426/1426
f 1414/1414 1415/1415 1428/1428
f 1414/1414 1428/1428 1427/1427
f 1415/1415 1416/1416 1429/1429
f 1415/1415 1429/1429 1428/1428
f 1416/1416 1417/1417 1430/1430
f 1416/1416 1430/1430 1429/1429
f 1417/1417 1418/1418 1431/1431
f 1417/1417 1431/1431 1430/1430
f 1418/1418 1419/1419 1432/1432
f 1418/1418 1432/1432 1431/1431
f 1419/1419 1420/1420 1433/1433
f 1419/1419 1433/1433 1432/1432
f 1420/1420 1421/1421 1434/1434
f 1420/1420 1434/1434 1433/1433
f 1421/1421 1422/1422 1435/1435
f 1421/1421 1435/1435 1434/1434
f 1422/1422 1423/1423 1436/1436
f 1422/1422 1436/1436 1435/1435
f 1424/1424 1425/1425 1438/1438
f 1424/1424 1438/1438 1437/1437
f 1425/1425 1426/1426 1439/1439
f 1425/1425 1439/1439 1438/1438
f 1426/1426 1427/1427 1440/1440
f 1426/1426 1440/1440 1439/1439
f 1427/1427 1428/1428 1441/1441
f 1427/1427 1441/1441 1440/1440
f 1428/1428 1429/1429 1442/1442
f 1428/1428 1442/1442 1441/1441
f 1429/1429 1430/1430 1443/1443
f 1429/1429 1443/1443 1442/1442
f 1430/1430 1431/1431 1444/1444
f 1430/1430 1444/1444 1443/1443
f 1431/1431 1432/1432 1445/1445
f 1431/1431 1445/1445 1444/1444
f 1432/1432 1433/1433 1446/1446
f 1432/1432 1446/1446 1445/1445
f 1433/1433 1434/1434 1447/1447
f 1433/1433 1447/1447 1446/1446
f 1434/1434 1435/1435 1448/1448
f 1434/1434 1448/1448 1447/1447
f 1435/1435 1436/1436 1449/1449
f 1435/1435 1449/1449 1448/1448
f 1437/1437 1438/1438 1451/1451
f 1437/1437 1451/1451 1450/1450
f 1438/1438 1439/1439 1452/1452
f 1438/1438 1452/1452 1451/1451
f 1439/1439 1440/1440 1453/1453
f 1439/1439 1453/1453 1452/1452
f 1440/1440 1441/1441 1454/1454
f 1440/1440 1454/1454 1453/1453
f 1441/1441 1442/1442 1455/1455
f 1441/1441 1455/1455 1454/1454
f 1442/1442 1443/1443 1456/1456
f 1442/1442 1456/1456 1455/1455
f 1443/1443 1444/1444 1457/1457
f 1443/1443 1457/1457 1456/1456
f 1444/1444 1445/1445 1458/1458
f 1444/1444 1458/1458 1457/1457
f 1445/1445 1446/1446 1459/1459
f 1445/1445 1459/1459 1458/1458
f 1446/1446 1447/1447 1460/1460
f 1446/1446 1460/1460 1459/1459
f 1447/1447 1448/1448 1461/1461
f 1447/1447 1461/1461 1460/1460
f 1448/1448 1449/1449 1462/1462
f 1448/1448 1462/1462 1461/1461
f 1450/1450 1451/1451 1464/1464
f 1450/1450 1464/1464 1463/1463
f 1451/1451 1452/1452 1465/1465
f 1451/1451 1465/1465 1464/1464
f 1452/1452 1453/1453 1466/1466
f 1452/1452 1466/1466 1465/1465
f 1453/1453 1454/1454 1467/1467
f 1453/1453 1467/1467 1466/1466
f 1454/1454 1455/1455 1468/1468
f 1454/1454 1468/1468 1467/1467
f 1455/1455 1456/1456 1469/1469
f 1455/1455 1469/1469 1468/1468
f 1456/1456 1457/1457 1470/1470
f 1456/1456 1470/1470 1469/1469
f 1457/1457 1458/1458 1471/1471
f 1457/1457 1471/1471 1470/1470
f 1458/1458 1459/1459 1472/1472
f 1458/1458 1472/1472 1471/1471
f 1459/1459 1460/1460 1473/1473
f 1459/1459 1473/1473 1472/1472
f 1460/1460 1461/1461 1474/1474
f 1460/1460 1474/1474 1473/1473
f 1461/1461 1462/1462 1475/1475
f 1461/1461 1475/1475 1474/1474
f 1463/1463 1464/1464 1477/1477
f 1463/1463 1477/1477 1476/1476
f 1464/1464 1465/1465 1478/1478
f 1464/1464 1478/1478 1477/1477
f 1465/1465 1466/1466 1479/1479
f 1465/1465 1479/1479 1478/1478
f 1466/1466 1467/1467 1480/1480
f 1466/1466 1480/1480 1479/1479
f 1467/1467 1468/1468 1481/1481
f 1467/1467 1481/1481 1480/1480
f 1468/1468 1469/1469 1482/1482
f 1468/1468 1482/1482 1481/1481
f 1469/1469 1470/1470 1483/1483
f 1469/1469 1483/1483 1482/1482
f 1470/1470 1471/1471 1484/1484
f 1470/1470 1484/1484 1483/1483
f 1471/1471 1472/1472 1485/1485
f 1471/1471 1485/1485 1484/1484
f 1472/1472 1473/1473 1486/1486
f 1472/1472 1486/1486 1485/1485
f 1473/1473 1474/1474 1487/1487
f 1473/1473 1487/1487 1486/1486
f 1474/1474 1475/1475 1488/1488
f 1474/1474 1488/1488 1487/1487
f 1476/1476 1477/1477 1490/1490
f 1476/1476 1490/1490 1489/1489
f 1477/1477 1478/1478 1491/1491
f 1477/1477 1491/1491 1490/1490
f 1478/1478 1479/1479 1492/1492
f 1478/1478 1492/1492 1491/1491
f 1479/1479 1480/1480 1493/1493
f 1479/1479 1493/1493 1492/1492
f 1480/1480 1481/1481 1494/1494
f 1480/1480 1494/1494 1493/1493
f 1481/1481 1482/1482 1495/1495
f 1481/1481 1495/1495 1494/1494
f 1482/1482 1483/1483 1496/1496
f 1482/1482 1496/1496 1495/1495
f 1483/1483 1484/1484 1497/1497
f 1483/1483 1497/1497 1496/1496
f 1484/1484 1485/1485 1498/1498
f 1484/1484 1498/1498 1497/1497
f 1485/1485 1486/1486 1499/1499
f 1485/1485 1499/1499 1498/1498
f 1486/1486 1487/1487 1500/1500
f 1486/1486 1500/1500 1499/1499
f 1487/1487 1488/1488 1501/1501
f 1487/1487 1501/1501 1500/1500
f 1489/1489 1490/1490 1503/1503
f 1489/1489 1503/1503 1502/1502
f 1490/1490 1491/1491 1504/1504
f 1490/1490 1504/1504 1503/1503
f 1491/1491 1492/1492 1505/1505
f 1491/1491 1505/1505 1504/1504
f 1492/1492 1493/1493 1506/1506
f 1492/1492 1506/1506 1505/1505
f 1493/1493 1494/1494 1507/1507
f 1493/1493 1507/1507 1506/1506
f 1494/1494 1495/1495 1508/1508
f 1494/1494 1508/1508 1507/1507
f 1495/1495 1496/1496 1509/1509
f 1495/1495 1509/1509 1508/1508
f 1496/1496 1497/1497 1510/1510
f 1496/1496 1510/1510 1509/1509
f 1497/1497 1498/1498 1511/1511
f 1497/1497 1511/1511 1510/1510
f 1498/1498 1499/1499 1512/1512
f 1498/1498 1512/1512 1511/1511
f 1499/1499 1500/1500 1513/1513
f 1499/1499 1513/1513 1512/1512
f 1500/1500 1501/1501 1514/1514
f 1500/1500 1514/1514 1513/1513
f 1502/1502 1503/1503 1516/1516
f 1502/1502 1516/1516 1515/1515
f 1503/1503 1504/1504 1517/1517
f 1503/1503 1517/1517 1516/1516
f 1504/1504 1505/1505 1518/1518
f 1504/1504 1518/1518 1517/1517
f 1505/1505 1506/1506 1519/1519
f 1505/1505 1519/1519 1518/1518
f 1506/1506 1507/1507 1520/1520
f 1506/1506 1520/1520 1519/1519
f 1507/1507 1508/1508 1521/1521
f 1507/1507 1521/1521 1520/1520
f 1508/1508 1509/1509 1522/1522
f 1508/1508 1522/1522 1521/1521
f 1509/1509 1510/1510 1523/1523
f 1509/1509 1523/1523 1522/1522
f 1510/1510 1511/1511 1524/1524
f 1510/1510 1524/1524 1523/1523
f 1511/1511 1512/1512 1525/1525
f 1511/1511 1525/1525 1524/1524
f 1512/1512 1513/1513 1526/1526
f 1512/1512 1526/1526 1525/1525
f 1513/1513 1514/1514 1527/1527
f 1513/1513 1527/1527 1526/1526
f 1515/1515 1516/1516 1529/1529
f 1515/1515 1529/1529 1528/1528
f 1516/1516 1517/1517 1530/1530
f 1516/1516 1530/1530 1529/1529
f 1517/1517 1518/1518 1531/1531
f 1517/1517 1531/1531 1530/1530
f 1518/1518 1519/1519 1532/1532
f 1518/1518 1532/1532 1531/1531
f 1519/1519 1520/1520 1533/1533
f 1519/1519 1533/1533 1532/1532
f 1520/1520 1521/1521 1534/1534
f 1520/1520 1534/1534 1533/1533
f 1521/1521 1522/1522 1535/1535
f 1521/1521 1535/1535 1534/1534
f 1522/1522 1523/1523 1536/1536
f 1522/1522 1536/1536 1535/1535
f 1523/1523 1524/1524 1537/1537
f 1523/1523 1537/1537 1536/1536
f 1524/1524 1525/1525 1538/1538
f 1524/1524 1538/1538 1537/1537
f 1525/1525 1526/1526 1539/1539
f 1525/1525 1539/1539 1538/1538
f 1526/1526 1527/1527 1540/1540
f 1526/1526 1540/1540 1539/1539
f 1528/1528 1529/1529 1542/1542
f 1528/1528 1542/1542 1541/1541
f 1529/1529 1530/1530 1543/1543
f 1529/1529 1543/1543 1542/1542
f 1530/1530 1531/1531 1544/1544
f 1530/1530 1544/1544 1543/1543
f 1531/1531 1532/1532 1545/1545
f 1531/1531 1545/1545 1544/1544
f 1532/1532 1533/1533 1546/1546
f 1532/1532 1546/1546 1545/1545
f 1533/1533 1534/1534 1547/1547
f 1533/1533 1547/1547 1546/1546
f 1534/1534 1535/1535 1548/1548
f 1534/1534 1548/1548 1547/1547
f 1535/1535 1536/1536 1549/1549
f 1535/1535 1549/1549 1548/1548
f 1536/1536 1537/1537 1550/1550
f 1536/1536 1550/1550 1549/1549
f 1537/1537 1538/1538 1551/1551
f 1537/1537 1551/1551 1550/1550
f 1538/1538 1539/1539 1552/1552
f 1538/1538 1552/1552 1551/1551
f 1539/1539 1540/1540 1553/1553
f 1539/1539 1553/1553 1552/1552
f 1541/1541 1542/1542 1555/1555
f 1541/1541 1555/1555 1554/1554
f 1542/1542 1543/1543 1556/1556
f 1542/1542 1556/1556 1555/1555
f 1543/1543 1544/1544 1557/1557
f 1543/1543 1557/1557 1556/1556
f 1544/1544 1545/1545 1558/1558
f 1544/1544 1558/1558 1557/1557
f 1545/1545 1546/1546 1559/1559
f 1545/1545 1559/1559 1558/1558
f 1546/1546 1547/1547 1560/1560
f 1546/1546 1560/1560 1559/1559
f 1547/1547 1548/1548 1561/1561
f 1547/1547 1561/1561 1560/1560
f 1548/1548 1549/1549 1562/1562
f 1548/1548 1562/1562 1561/1561
f 1549/1549 1550/1550 1563/1563
f 1549/1549 1563/1563 1562/1562
f 1550/1550 1551/1551 1564/1564
f 1550/1550 1564/1564 1563/1563
f 1551/1551 1552/1552 1565/1565
f 1551/1551 1565/1565 1564/1564
f 1552/1552 1553/1553 1566/1566
f 1552/1552 1566/1566 1565/1565
f 1554/1554 1555/1555 1568/1568
f 1554/1554 1568/1568 1567/1567
f 1555/1555 1556/1556 1569/1569
f 1555/1555 1569/1569 1568/1568
f 1556/1556 1557/1557 1570/1570
f 1556/1556 1570/1570 1569/1569
f 1557/1557 1558/1558 1571/1571
f 1557/1557 1571/1571 1570/1570
f 1558/1558 1559/1559 1572/1572
f 1558/1558 1572/1572 1571/1571
f 1559/1559 1560/1560 1573/1573
f 1559/1559 1573/1573 1572/1572
f 1560/1560 1561/1561 1574/1574
f 1560/1560 1574/1574 1573/1573
f 1561/1561 1562/1562 1575/1575
f 1561/1561 1575/1575 1574/1574
f 1562/1562 1563/1563 1576/1576
f 1562/1562 1576/1576 1575/1575
f 1563/1563 1564/1564 1577/1577
f 1563/1563 1577/1577 1576/1576
f 1564/1564 1565/1565 1578/1578
f 1564/1564 1578/1578 1577/1577
f 1565/1565 1566/1566 1579/1579
f 1565/1565 1579/1579 1578/1578
f 1567/1567 1568/1568 1581/1581
f 1567/1567 1581/1581 1580/1580
f 1568/1568 1569/1569 1582/1582
f 1568/1568 1582/1582 1581/1581
f 1569/1569 1570/1570 1583/1583
f 1569/1569 1583/1583 1582/1582
f 1570/1570 1571/1571 1584/1584
f 1570/1570 1584/1584 1583/1583
f 1571/1571 1572/1572 1585/1585
f 1571/1571 1585/1585 1584/1584
f 1572/1572 1573/1573 1586/1586
f 1572/1572 1586/1586 1585/1585
f 1573/1573 1574/1574 1587/1587
f 1573/1573 1587/1587 1586/1586
f 1574/1574 1575/1575 1588/1588
f 1574/1574 1588/1588 1587/1587
f 1575/1575 1576/1576 1589/1589
f 1575/1575 1589/1589 1588/1588
f 1576/1576 1577/1577 1590/1590
f 1576/1576 1590/1590 1589/1589
f 1577/1577 1578/1578 1591/1591
f 1577/1577 1591/1591 1590/1590
f 1578/1578 1579/1579 1592/1592
f 1578/1578 1592/1592 1591/1591
f 1580/1580 1581/1581 1594/1594
f 1580/1580 1594/1594 1593/1593
f 1581/1581 1582/1582 1595/1595
f 1581/1581 1595/1595 1594/1594
f 1582/1582 1583/1583 1596/1596
f 1582/1582 1596/1596 1595/1595
f 1583/1583 1584/1584 1597/1597
f 1583/1583 1597/1597 1596/1596
f 1584/1584 1585/1585 1598/1598
f 1584/1584 1598/1598 1597/1597
f 1585/1585 1586/1586 1599/1599
f 1585/1585 1599/1599 1598/1598
f 1586/1586 1587/1587 1600/1600
f 1586/1586 1600/1600 1599/1599
f 1587/1587 1588/1588 1601/1601
f 1587/1587 1601/1601 1600/1600
f 1588/1588 1589/1589 1602/1602
f 1588/1588 1602/1602 1601/1601
f 1589/1589 1590/1590 1603/1603
f 1589/1589 1603/1603 1602/1602
f 1590/1590 1591/1591 1604/1604
f 1590/1590 1604/1604 1603/1603
f 1591/1591 1592/1592 1605/1605
f 1591/1591 1605/1605 1604/1604
f 1593/1593 1594/1594 1607/1607
f 1593/1593 1607/1607 1606/1606
f 1594/1594 1595/1595 1608/1608
f 1594/1594 1608/1608 1607/1607
f 1595/1595 1596/1596 1609/1609
f 1595/1595 1609/1609 1608/1608
f 1596/1596 1597/1597 1610/1610
f 1596/1596 1610/1610 1609/1609
f 1597/1597 1598/1598 1611/1611
f 1597/1597 1611/1611 1610/1610
f 1598/1598 1599/1599 1612/1612
f 1598/1598 1612/1612 1611/1611
f 1599/1599 1600/1600 1613/1613
f 1599/1599 1613/1613 1612/1612
f 1600/1600 1601/1601 1614/1614
f 1600/1600 1614/1614 1613/1613
f 1601/1601 1602/1602 1615/1615
f 1601/1601 1615/1615 1614/1614
f 1602/1602 1603/1603 1616/1616
f 1602/1602 1616/1616 1615/1615
f 1603/1603 1604/1604 1617/1617
f 1603/1603 1617/1617 1616/1616
f 1604/1604 1605/1605 1618/1618
f 1604/1604 1618/1618 1617/1617
