# https://github.com/mikedh/trimesh
v 0.04700000 0.00000000 -0.05500000
v 0.04677368 0.00460681 -0.05500000
v 0.04609691 0.00916925 -0.05500000
v 0.04497620 0.01364338 -0.05500000
v 0.04342234 0.01798612 -0.05500000
v 0.04145030 0.02215565 -0.05500000
v 0.03907907 0.02611180 -0.05500000
v 0.03633149 0.02981648 -0.05500000
v 0.03323402 0.03323402 -0.05500000
v 0.02981648 0.03633149 -0.05500000
v 0.02611180 0.03907907 -0.05500000
v 0.02215565 0.04145030 -0.05500000
v 0.01798612 0.04342234 -0.05500000
v 0.01364338 0.04497620 -0.05500000
v 0.00916925 0.04609691 -0.05500000
v 0.00460681 0.04677368 -0.05500000
v 0.00000000 0.04700000 -0.05500000
v -0.00460681 0.04677368 -0.05500000
v -0.00916925 0.04609691 -0.05500000
v -0.01364338 0.04497620 -0.05500000
v -0.01798612 0.04342234 -0.05500000
v -0.02215565 0.04145030 -0.05500000
v -0.02611180 0.03907907 -0.05500000
v -0.02981648 0.03633149 -0.05500000
v -0.03323402 0.03323402 -0.05500000
v -0.03633149 0.02981648 -0.05500000
v -0.03907907 0.02611180 -0.05500000
v -0.04145030 0.02215565 -0.05500000
v -0.04342234 0.01798612 -0.05500000
v -0.04497620 0.01364338 -0.05500000
v -0.04609691 0.00916925 -0.05500000
v -0.04677368 0.00460681 -0.05500000
v -0.04700000 0.00000000 -0.05500000
v -0.04677368 -0.00460681 -0.05500000
v -0.04609691 -0.00916925 -0.05500000
v -0.04497620 -0.01364338 -0.05500000
v -0.04342234 -0.01798612 -0.05500000
v -0.04145030 -0.02215565 -0.05500000
v -0.03907907 -0.02611180 -0.05500000
v -0.03633149 -0.02981648 -0.05500000
v -0.03323402 -0.03323402 -0.05500000
v -0.02981648 -0.03633149 -0.05500000
v -0.02611180 -0.03907907 -0.05500000
v -0.02215565 -0.04145030 -0.05500000
v -0.01798612 -0.04342234 -0.05500000
v -0.01364338 -0.04497620 -0.05500000
v -0.00916925 -0.04609691 -0.05500000
v -0.00460681 -0.04677368 -0.05500000
v -0.00000000 -0.04700000 -0.05500000
v 0.00460681 -0.04677368 -0.05500000
v 0.00916925 -0.04609691 -0.05500000
v 0.01364338 -0.04497620 -0.05500000
v 0.01798612 -0.04342234 -0.05500000
v 0.02215565 -0.04145030 -0.05500000
v 0.02611180 -0.03907907 -0.05500000
v 0.02981648 -0.03633149 -0.05500000
v 0.03323402 -0.03323402 -0.05500000
v 0.03633149 -0.02981648 -0.05500000
v 0.03907907 -0.02611180 -0.05500000
v 0.04145030 -0.02215565 -0.05500000
v 0.04342234 -0.01798612 -0.05500000
v 0.04497620 -0.01364338 -0.05500000
v 0.04609691 -0.00916925 -0.05500000
v 0.04677368 -0.00460681 -0.05500000
v 0.04700000 -0.00000000 -0.05500000
v 0.06300000 0.00000000 -0.04600000
v 0.06269664 0.00617508 -0.04600000
v 0.06178947 0.01229069 -0.04600000
v 0.06028724 0.01828793 -0.04600000
v 0.05820441 0.02410906 -0.04600000
v 0.05556104 0.02969799 -0.04600000
v 0.05238259 0.03500092 -0.04600000
v 0.04869966 0.03996678 -0.04600000
v 0.04454773 0.04454773 -0.04600000
v 0.03996678 0.04869966 -0.04600000
v 0.03500092 0.05238259 -0.04600000
v 0.02969799 0.05556104 -0.04600000
v 0.02410906 0.05820441 -0.04600000
v 0.01828793 0.06028724 -0.04600000
v 0.01229069 0.06178947 -0.04600000
v 0.00617508 0.06269664 -0.04600000
v 0.00000000 0.06300000 -0.04600000
v -0.00617508 0.06269664 -0.04600000
v -0.01229069 0.06178947 -0.04600000
v -0.01828793 0.06028724 -0.04600000
v -0.02410906 0.05820441 -0.04600000
v -0.02969799 0.05556104 -0.04600000
v -0.03500092 0.05238259 -0.04600000
v -0.03996678 0.04869966 -0.04600000
v -0.04454773 0.04454773 -0.04600000
v -0.04869966 0.03996678 -0.04600000
v -0.05238259 0.03500092 -0.04600000
v -0.05556104 0.02969799 -0.04600000
v -0.05820441 0.02410906 -0.04600000
v -0.06028724 0.01828793 -0.04600000
v -0.06178947 0.01229069 -0.04600000
v -0.06269664 0.00617508 -0.04600000
v -0.06300000 0.00000000 -0.04600000
v -0.06269664 -0.00617508 -0.04600000
v -0.06178947 -0.01229069 -0.04600000
v -0.06028724 -0.01828793 -0.04600000
v -0.05820441 -0.02410906 -0.04600000
v -0.05556104 -0.02969799 -0.04600000
v -0.05238259 -0.03500092 -0.04600000
v -0.04869966 -0.03996678 -0.04600000
v -0.04454773 -0.04454773 -0.04600000
v -0.03996678 -0.04869966 -0.04600000
v -0.03500092 -0.05238259 -0.04600000
v -0.02969799 -0.05556104 -0.04600000
v -0.02410906 -0.05820441 -0.04600000
v -0.01828793 -0.06028724 -0.04600000
v -0.01229069 -0.06178947 -0.04600000
v -0.00617508 -0.06269664 -0.04600000
v -0.00000000 -0.06300000 -0.04600000
v 0.00617508 -0.06269664 -0.04600000
v 0.01229069 -0.06178947 -0.04600000
v 0.01828793 -0.06028724 -0.04600000
v 0.02410906 -0.05820441 -0.04600000
v 0.02969799 -0.05556104 -0.04600000
v 0.03500092 -0.05238259 -0.04600000
v 0.03996678 -0.04869966 -0.04600000
v 0.04454773 -0.04454773 -0.04600000
v 0.04869966 -0.03996678 -0.04600000
v 0.05238259 -0.03500092 -0.04600000
v 0.05556104 -0.02969799 -0.04600000
v 0.05820441 -0.02410906 -0.04600000
v 0.06028724 -0.01828793 -0.04600000
v 0.06178947 -0.01229069 -0.04600000
v 0.06269664 -0.00617508 -0.04600000
v 0.06300000 -0.00000000 -0.04600000
v 0.07500000 0.00000000 -0.01000000
v 0.07463885 0.00735129 -0.01000000
v 0.07355890 0.01463177 -0.01000000
v 0.07177053 0.02177135 -0.01000000
v 0.06929096 0.02870126 -0.01000000
v 0.06614409 0.03535476 -0.01000000
v 0.06236022 0.04166777 -0.01000000
v 0.05797578 0.04757950 -0.01000000
v 0.05303301 0.05303301 -0.01000000
v 0.04757950 0.05797578 -0.01000000
v 0.04166777 0.06236022 -0.01000000
v 0.03535476 0.06614409 -0.01000000
v 0.02870126 0.06929096 -0.01000000
v 0.02177135 0.07177053 -0.01000000
v 0.01463177 0.07355890 -0.01000000
v 0.00735129 0.07463885 -0.01000000
v 0.00000000 0.07500000 -0.01000000
v -0.00735129 0.07463885 -0.01000000
v -0.01463177 0.07355890 -0.01000000
v -0.02177135 0.07177053 -0.01000000
v -0.02870126 0.06929096 -0.01000000
v -0.03535476 0.06614409 -0.01000000
v -0.04166777 0.06236022 -0.01000000
v -0.04757950 0.05797578 -0.01000000
v -0.05303301 0.05303301 -0.01000000
v -0.05797578 0.04757950 -0.01000000
v -0.06236022 0.04166777 -0.01000000
v -0.06614409 0.03535476 -0.01000000
v -0.06929096 0.02870126 -0.01000000
v -0.07177053 0.02177135 -0.01000000
v -0.07355890 0.01463177 -0.01000000
v -0.07463885 0.00735129 -0.01000000
v -0.07500000 0.00000000 -0.01000000
v -0.07463885 -0.00735129 -0.01000000
v -0.07355890 -0.01463177 -0.01000000
v -0.07177053 -0.02177135 -0.01000000
v -0.06929096 -0.02870126 -0.01000000
v -0.06614409 -0.03535476 -0.01000000
v -0.06236022 -0.04166777 -0.01000000
v -0.05797578 -0.04757950 -0.01000000
v -0.05303301 -0.05303301 -0.01000000
v -0.04757950 -0.05797578 -0.01000000
v -0.04166777 -0.06236022 -0.01000000
v -0.03535476 -0.06614409 -0.01000000
v -0.02870126 -0.06929096 -0.01000000
v -0.02177135 -0.07177053 -0.01000000
v -0.01463177 -0.07355890 -0.01000000
v -0.00735129 -0.07463885 -0.01000000
v -0.00000000 -0.07500000 -0.01000000
v 0.00735129 -0.07463885 -0.01000000
v 0.01463177 -0.07355890 -0.01000000
v 0.02177135 -0.07177053 -0.01000000
v 0.02870126 -0.06929096 -0.01000000
v 0.03535476 -0.06614409 -0.01000000
v 0.04166777 -0.06236022 -0.01000000
v 0.04757950 -0.05797578 -0.01000000
v 0.05303301 -0.05303301 -0.01000000
v 0.05797578 -0.04757950 -0.01000000
v 0.06236022 -0.04166777 -0.01000000
v 0.06614409 -0.03535476 -0.01000000
v 0.06929096 -0.02870126 -0.01000000
v 0.07177053 -0.02177135 -0.01000000
v 0.07355890 -0.01463177 -0.01000000
v 0.07463885 -0.00735129 -0.01000000
v 0.07500000 -0.00000000 -0.01000000
v 0.07000000 0.00000000 0.02500000
v 0.06966293 0.00686120 0.02500000
v 0.06865497 0.01365632 0.02500000
v 0.06698582 0.02031993 0.02500000
v 0.06467157 0.02678784 0.02500000
v 0.06173449 0.03299777 0.02500000
v 0.05820287 0.03888992 0.02500000
v 0.05411073 0.04440753 0.02500000
v 0.04949747 0.04949747 0.02500000
v 0.04440753 0.05411073 0.02500000
v 0.03888992 0.05820287 0.02500000
v 0.03299777 0.06173449 0.02500000
v 0.02678784 0.06467157 0.02500000
v 0.02031993 0.06698582 0.02500000
v 0.01365632 0.06865497 0.02500000
v 0.00686120 0.06966293 0.02500000
v 0.00000000 0.07000000 0.02500000
v -0.00686120 0.06966293 0.02500000
v -0.01365632 0.06865497 0.02500000
v -0.02031993 0.06698582 0.02500000
v -0.02678784 0.06467157 0.02500000
v -0.03299777 0.06173449 0.02500000
v -0.03888992 0.05820287 0.02500000
v -0.04440753 0.05411073 0.02500000
v -0.04949747 0.04949747 0.02500000
v -0.05411073 0.04440753 0.02500000
v -0.05820287 0.03888992 0.02500000
v -0.06173449 0.03299777 0.02500000
v -0.06467157 0.02678784 0.02500000
v -0.06698582 0.02031993 0.02500000
v -0.06865497 0.01365632 0.02500000
v -0.06966293 0.00686120 0.02500000
v -0.07000000 0.00000000 0.02500000
v -0.06966293 -0.00686120 0.02500000
v -0.06865497 -0.01365632 0.02500000
v -0.06698582 -0.02031993 0.02500000
v -0.06467157 -0.02678784 0.02500000
v -0.06173449 -0.03299777 0.02500000
v -0.05820287 -0.03888992 0.02500000
v -0.05411073 -0.04440753 0.02500000
v -0.04949747 -0.04949747 0.02500000
v -0.04440753 -0.05411073 0.02500000
v -0.03888992 -0.05820287 0.02500000
v -0.03299777 -0.06173449 0.02500000
v -0.02678784 -0.06467157 0.02500000
v -0.02031993 -0.06698582 0.02500000
v -0.01365632 -0.06865497 0.02500000
v -0.00686120 -0.06966293 0.02500000
v -0.00000000 -0.07000000 0.02500000
v 0.00686120 -0.06966293 0.02500000
v 0.01365632 -0.06865497 0.02500000
v 0.02031993 -0.06698582 0.02500000
v 0.02678784 -0.06467157 0.02500000
v 0.03299777 -0.06173449 0.02500000
v 0.03888992 -0.05820287 0.02500000
v 0.04440753 -0.05411073 0.02500000
v 0.04949747 -0.04949747 0.02500000
v 0.05411073 -0.04440753 0.02500000
v 0.05820287 -0.03888992 0.02500000
v 0.06173449 -0.03299777 0.02500000
v 0.06467157 -0.02678784 0.02500000
v 0.06698582 -0.02031993 0.02500000
v 0.06865497 -0.01365632 0.02500000
v 0.06966293 -0.00686120 0.02500000
v 0.07000000 -0.00000000 0.02500000
v 0.04700000 0.00000000 0.04000000
v 0.04677368 0.00460681 0.04000000
v 0.04609691 0.00916925 0.04000000
v 0.04497620 0.01364338 0.04000000
v 0.04342234 0.01798612 0.04000000
v 0.04145030 0.02215565 0.04000000
v 0.03907907 0.02611180 0.04000000
v 0.03633149 0.02981648 0.04000000
v 0.03323402 0.03323402 0.04000000
v 0.02981648 0.03633149 0.04000000
v 0.02611180 0.03907907 0.04000000
v 0.02215565 0.04145030 0.04000000
v 0.01798612 0.04342234 0.04000000
v 0.01364338 0.04497620 0.04000000
v 0.00916925 0.04609691 0.04000000
v 0.00460681 0.04677368 0.04000000
v 0.00000000 0.04700000 0.04000000
v -0.00460681 0.04677368 0.04000000
v -0.00916925 0.04609691 0.04000000
v -0.01364338 0.04497620 0.04000000
v -0.01798612 0.04342234 0.04000000
v -0.02215565 0.04145030 0.04000000
v -0.02611180 0.03907907 0.04000000
v -0.02981648 0.03633149 0.04000000
v -0.03323402 0.03323402 0.04000000
v -0.03633149 0.02981648 0.04000000
v -0.03907907 0.02611180 0.04000000
v -0.04145030 0.02215565 0.04000000
v -0.04342234 0.01798612 0.04000000
v -0.04497620 0.01364338 0.04000000
v -0.04609691 0.00916925 0.04000000
v -0.04677368 0.00460681 0.04000000
v -0.04700000 0.00000000 0.04000000
v -0.04677368 -0.00460681 0.04000000
v -0.04609691 -0.00916925 0.04000000
v -0.04497620 -0.01364338 0.04000000
v -0.04342234 -0.01798612 0.04000000
v -0.04145030 -0.02215565 0.04000000
v -0.03907907 -0.02611180 0.04000000
v -0.03633149 -0.02981648 0.04000000
v -0.03323402 -0.03323402 0.04000000
v -0.02981648 -0.03633149 0.04000000
v -0.02611180 -0.03907907 0.04000000
v -0.02215565 -0.04145030 0.04000000
v -0.01798612 -0.04342234 0.04000000
v -0.01364338 -0.04497620 0.04000000
v -0.00916925 -0.04609691 0.04000000
v -0.00460681 -0.04677368 0.04000000
v -0.00000000 -0.04700000 0.04000000
v 0.00460681 -0.04677368 0.04000000
v 0.00916925 -0.04609691 0.04000000
v 0.01364338 -0.04497620 0.04000000
v 0.01798612 -0.04342234 0.04000000
v 0.02215565 -0.04145030 0.04000000
v 0.02611180 -0.03907907 0.04000000
v 0.02981648 -0.03633149 0.04000000
v 0.03323402 -0.03323402 0.04000000
v 0.03633149 -0.02981648 0.04000000
v 0.03907907 -0.02611180 0.04000000
v 0.04145030 -0.02215565 0.04000000
v 0.04342234 -0.01798612 0.04000000
v 0.04497620 -0.01364338 0.04000000
v 0.04609691 -0.00916925 0.04000000
v 0.04677368 -0.00460681 0.04000000
v 0.04700000 -0.00000000 0.04000000
v 0.00000000 0.00000000 -0.05500000
v 0.00000000 0.00000000 0.04000000
v 0.04900000 0.00000000 0.04000000
v 0.04876405 0.00480284 0.04000000
v 0.04805848 0.00955943 0.04000000
v 0.04689008 0.01422395 0.04000000
v 0.04527010 0.01875149 0.04000000
v 0.04321414 0.02309844 0.04000000
v 0.04074201 0.02722294 0.04000000
v 0.03787751 0.03108527 0.04000000
v 0.03464823 0.03464823 0.04000000
v 0.03108527 0.03787751 0.04000000
v 0.02722294 0.04074201 0.04000000
v 0.02309844 0.04321414 0.04000000
v 0.01875149 0.04527010 0.04000000
v 0.01422395 0.04689008 0.04000000
v 0.00955943 0.04805848 0.04000000
v 0.00480284 0.04876405 0.04000000
v 0.00000000 0.04900000 0.04000000
v -0.00480284 0.04876405 0.04000000
v -0.00955943 0.04805848 0.04000000
v -0.01422395 0.04689008 0.04000000
v -0.01875149 0.04527010 0.04000000
v -0.02309844 0.04321414 0.04000000
v -0.02722294 0.04074201 0.04000000
v -0.03108527 0.03787751 0.04000000
v -0.03464823 0.03464823 0.04000000
v -0.03787751 0.03108527 0.04000000
v -0.04074201 0.02722294 0.04000000
v -0.04321414 0.02309844 0.04000000
v -0.04527010 0.01875149 0.04000000
v -0.04689008 0.01422395 0.04000000
v -0.04805848 0.00955943 0.04000000
v -0.04876405 0.00480284 0.04000000
v -0.04900000 0.00000000 0.04000000
v -0.04876405 -0.00480284 0.04000000
v -0.04805848 -0.00955943 0.04000000
v -0.04689008 -0.01422395 0.04000000
v -0.04527010 -0.01875149 0.04000000
v -0.04321414 -0.02309844 0.04000000
v -0.04074201 -0.02722294 0.04000000
v -0.03787751 -0.03108527 0.04000000
v -0.03464823 -0.03464823 0.04000000
v -0.03108527 -0.03787751 0.04000000
v -0.02722294 -0.04074201 0.04000000
v -0.02309844 -0.04321414 0.04000000
v -0.01875149 -0.04527010 0.04000000
v -0.01422395 -0.04689008 0.04000000
v -0.00955943 -0.04805848 0.04000000
v -0.00480284 -0.04876405 0.04000000
v -0.00000000 -0.04900000 0.04000000
v 0.00480284 -0.04876405 0.04000000
v 0.00955943 -0.04805848 0.04000000
v 0.01422395 -0.04689008 0.04000000
v 0.01875149 -0.04527010 0.04000000
v 0.02309844 -0.04321414 0.04000000
v 0.02722294 -0.04074201 0.04000000
v 0.03108527 -0.03787751 0.04000000
v 0.03464823 -0.03464823 0.04000000
v 0.03787751 -0.03108527 0.04000000
v 0.04074201 -0.02722294 0.04000000
v 0.04321414 -0.02309844 0.04000000
v 0.04527010 -0.01875149 0.04000000
v 0.04689008 -0.01422395 0.04000000
v 0.04805848 -0.00955943 0.04000000
v 0.04876405 -0.00480284 0.04000000
v 0.04900000 -0.00000000 0.04000000
v 0.04900000 0.00000000 0.04400000
v 0.04876405 0.00480284 0.04400000
v 0.04805848 0.00955943 0.04400000
v 0.04689008 0.01422395 0.04400000
v 0.04527010 0.01875149 0.04400000
v 0.04321414 0.02309844 0.04400000
v 0.04074201 0.02722294 0.04400000
v 0.03787751 0.03108527 0.04400000
v 0.03464823 0.03464823 0.04400000
v 0.03108527 0.03787751 0.04400000
v 0.02722294 0.04074201 0.04400000
v 0.02309844 0.04321414 0.04400000
v 0.01875149 0.04527010 0.04400000
v 0.01422395 0.04689008 0.04400000
v 0.00955943 0.04805848 0.04400000
v 0.00480284 0.04876405 0.04400000
v 0.00000000 0.04900000 0.04400000
v -0.00480284 0.04876405 0.04400000
v -0.00955943 0.04805848 0.04400000
v -0.01422395 0.04689008 0.04400000
v -0.01875149 0.04527010 0.04400000
v -0.02309844 0.04321414 0.04400000
v -0.02722294 0.04074201 0.04400000
v -0.03108527 0.03787751 0.04400000
v -0.03464823 0.03464823 0.04400000
v -0.03787751 0.03108527 0.04400000
v -0.04074201 0.02722294 0.04400000
v -0.04321414 0.02309844 0.04400000
v -0.04527010 0.01875149 0.04400000
v -0.04689008 0.01422395 0.04400000
v -0.04805848 0.00955943 0.04400000
v -0.04876405 0.00480284 0.04400000
v -0.04900000 0.00000000 0.04400000
v -0.04876405 -0.00480284 0.04400000
v -0.04805848 -0.00955943 0.04400000
v -0.04689008 -0.01422395 0.04400000
v -0.04527010 -0.01875149 0.04400000
v -0.04321414 -0.02309844 0.04400000
v -0.04074201 -0.02722294 0.04400000
v -0.03787751 -0.03108527 0.04400000
v -0.03464823 -0.03464823 0.04400000
v -0.03108527 -0.03787751 0.04400000
v -0.02722294 -0.04074201 0.04400000
v -0.02309844 -0.04321414 0.04400000
v -0.01875149 -0.04527010 0.04400000
v -0.01422395 -0.04689008 0.04400000
v -0.00955943 -0.04805848 0.04400000
v -0.00480284 -0.04876405 0.04400000
v -0.00000000 -0.04900000 0.04400000
v 0.00480284 -0.04876405 0.04400000
v 0.00955943 -0.04805848 0.04400000
v 0.01422395 -0.04689008 0.04400000
v 0.01875149 -0.04527010 0.04400000
v 0.02309844 -0.04321414 0.04400000
v 0.02722294 -0.04074201 0.04400000
v 0.03108527 -0.03787751 0.04400000
v 0.03464823 -0.03464823 0.04400000
v 0.03787751 -0.03108527 0.04400000
v 0.04074201 -0.02722294 0.04400000
v 0.04321414 -0.02309844 0.04400000
v 0.04527010 -0.01875149 0.04400000
v 0.04689008 -0.01422395 0.04400000
v 0.04805848 -0.00955943 0.04400000
v 0.04876405 -0.00480284 0.04400000
v 0.04900000 -0.00000000 0.04400000
v 0.03300000 0.00000000 0.04800000
v 0.03284110 0.00323457 0.04800000
v 0.03236591 0.00643798 0.04800000
v 0.03157903 0.00957939 0.04800000
v 0.03048802 0.01262855 0.04800000
v 0.02910340 0.01555609 0.04800000
v 0.02743850 0.01833382 0.04800000
v 0.02550934 0.02093498 0.04800000
v 0.02333452 0.02333452 0.04800000
v 0.02093498 0.02550934 0.04800000
v 0.01833382 0.02743850 0.04800000
v 0.01555609 0.02910340 0.04800000
v 0.01262855 0.03048802 0.04800000
v 0.00957939 0.03157903 0.04800000
v 0.00643798 0.03236591 0.04800000
v 0.00323457 0.03284110 0.04800000
v 0.00000000 0.03300000 0.04800000
v -0.00323457 0.03284110 0.04800000
v -0.00643798 0.03236591 0.04800000
v -0.00957939 0.03157903 0.04800000
v -0.01262855 0.03048802 0.04800000
v -0.01555609 0.02910340 0.04800000
v -0.01833382 0.02743850 0.04800000
v -0.02093498 0.02550934 0.04800000
v -0.02333452 0.02333452 0.04800000
v -0.02550934 0.02093498 0.04800000
v -0.02743850 0.01833382 0.04800000
v -0.02910340 0.01555609 0.04800000
v -0.03048802 0.01262855 0.04800000
v -0.03157903 0.00957939 0.04800000
v -0.03236591 0.00643798 0.04800000
v -0.03284110 0.00323457 0.04800000
v -0.03300000 0.00000000 0.04800000
v -0.03284110 -0.00323457 0.04800000
v -0.03236591 -0.00643798 0.04800000
v -0.03157903 -0.00957939 0.04800000
v -0.03048802 -0.01262855 0.04800000
v -0.02910340 -0.01555609 0.04800000
v -0.02743850 -0.01833382 0.04800000
v -0.02550934 -0.02093498 0.04800000
v -0.02333452 -0.02333452 0.04800000
v -0.02093498 -0.02550934 0.04800000
v -0.01833382 -0.02743850 0.04800000
v -0.01555609 -0.02910340 0.04800000
v -0.01262855 -0.03048802 0.04800000
v -0.00957939 -0.03157903 0.04800000
v -0.00643798 -0.03236591 0.04800000
v -0.00323457 -0.03284110 0.04800000
v -0.00000000 -0.03300000 0.04800000
v 0.00323457 -0.03284110 0.04800000
v 0.00643798 -0.03236591 0.04800000
v 0.00957939 -0.03157903 0.04800000
v 0.01262855 -0.03048802 0.04800000
v 0.01555609 -0.02910340 0.04800000
v 0.01833382 -0.02743850 0.04800000
v 0.02093498 -0.02550934 0.04800000
v 0.02333452 -0.02333452 0.04800000
v 0.02550934 -0.02093498 0.04800000
v 0.02743850 -0.01833382 0.04800000
v 0.02910340 -0.01555609 0.04800000
v 0.03048802 -0.01262855 0.04800000
v 0.03157903 -0.00957939 0.04800000
v 0.03236591 -0.00643798 0.04800000
v 0.03284110 -0.00323457 0.04800000
v 0.03300000 -0.00000000 0.04800000
v 0.01000000 0.00000000 0.04900000
v 0.00995185 0.00098017 0.04900000
v 0.00980785 0.00195090 0.04900000
v 0.00956940 0.00290285 0.04900000
v 0.00923880 0.00382683 0.04900000
v 0.00881921 0.00471397 0.04900000
v 0.00831470 0.00555570 0.04900000
v 0.00773010 0.00634393 0.04900000
v 0.00707107 0.00707107 0.04900000
v 0.00634393 0.00773010 0.04900000
v 0.00555570 0.00831470 0.04900000
v 0.00471397 0.00881921 0.04900000
v 0.00382683 0.00923880 0.04900000
v 0.00290285 0.00956940 0.04900000
v 0.00195090 0.00980785 0.04900000
v 0.00098017 0.00995185 0.04900000
v 0.00000000 0.01000000 0.04900000
v -0.00098017 0.00995185 0.04900000
v -0.00195090 0.00980785 0.04900000
v -0.00290285 0.00956940 0.04900000
v -0.00382683 0.00923880 0.04900000
v -0.00471397 0.00881921 0.04900000
v -0.00555570 0.00831470 0.04900000
v -0.00634393 0.00773010 0.04900000
v -0.00707107 0.00707107 0.04900000
v -0.00773010 0.00634393 0.04900000
v -0.00831470 0.00555570 0.04900000
v -0.00881921 0.00471397 0.04900000
v -0.00923880 0.00382683 0.04900000
v -0.00956940 0.00290285 0.04900000
v -0.00980785 0.00195090 0.04900000
v -0.00995185 0.00098017 0.04900000
v -0.01000000 0.00000000 0.04900000
v -0.00995185 -0.00098017 0.04900000
v -0.00980785 -0.00195090 0.04900000
v -0.00956940 -0.00290285 0.04900000
v -0.00923880 -0.00382683 0.04900000
v -0.00881921 -0.00471397 0.04900000
v -0.00831470 -0.00555570 0.04900000
v -0.00773010 -0.00634393 0.04900000
v -0.00707107 -0.00707107 0.04900000
v -0.00634393 -0.00773010 0.04900000
v -0.00555570 -0.00831470 0.04900000
v -0.00471397 -0.00881921 0.04900000
v -0.00382683 -0.00923880 0.04900000
v -0.00290285 -0.00956940 0.04900000
v -0.00195090 -0.00980785 0.04900000
v -0.00098017 -0.00995185 0.04900000
v -0.00000000 -0.01000000 0.04900000
v 0.00098017 -0.00995185 0.04900000
v 0.00195090 -0.00980785 0.04900000
v 0.00290285 -0.00956940 0.04900000
v 0.00382683 -0.00923880 0.04900000
v 0.00471397 -0.00881921 0.04900000
v 0.00555570 -0.00831470 0.04900000
v 0.00634393 -0.00773010 0.04900000
v 0.00707107 -0.00707107 0.04900000
v 0.00773010 -0.00634393 0.04900000
v 0.00831470 -0.00555570 0.04900000
v 0.00881921 -0.00471397 0.04900000
v 0.00923880 -0.00382683 0.04900000
v 0.00956940 -0.00290285 0.04900000
v 0.00980785 -0.00195090 0.04900000
v 0.00995185 -0.00098017 0.04900000
v 0.01000000 -0.00000000 0.04900000
v 0.01000000 0.00000000 0.05500000
v 0.00995185 0.00098017 0.05500000
v 0.00980785 0.00195090 0.05500000
v 0.00956940 0.00290285 0.05500000
v 0.00923880 0.00382683 0.05500000
v 0.00881921 0.00471397 0.05500000
v 0.00831470 0.00555570 0.05500000
v 0.00773010 0.00634393 0.05500000
v 0.00707107 0.00707107 0.05500000
v 0.00634393 0.00773010 0.05500000
v 0.00555570 0.00831470 0.05500000
v 0.00471397 0.00881921 0.05500000
v 0.00382683 0.00923880 0.05500000
v 0.00290285 0.00956940 0.05500000
v 0.00195090 0.00980785 0.05500000
v 0.00098017 0.00995185 0.05500000
v 0.00000000 0.01000000 0.05500000
v -0.00098017 0.00995185 0.05500000
v -0.00195090 0.00980785 0.05500000
v -0.00290285 0.00956940 0.05500000
v -0.00382683 0.00923880 0.05500000
v -0.00471397 0.00881921 0.05500000
v -0.00555570 0.00831470 0.05500000
v -0.00634393 0.00773010 0.05500000
v -0.00707107 0.00707107 0.05500000
v -0.00773010 0.00634393 0.05500000
v -0.00831470 0.00555570 0.05500000
v -0.00881921 0.00471397 0.05500000
v -0.00923880 0.00382683 0.05500000
v -0.00956940 0.00290285 0.05500000
v -0.00980785 0.00195090 0.05500000
v -0.00995185 0.00098017 0.05500000
v -0.01000000 0.00000000 0.05500000
v -0.00995185 -0.00098017 0.05500000
v -0.00980785 -0.00195090 0.05500000
v -0.00956940 -0.00290285 0.05500000
v -0.00923880 -0.00382683 0.05500000
v -0.00881921 -0.00471397 0.05500000
v -0.00831470 -0.00555570 0.05500000
v -0.00773010 -0.00634393 0.05500000
v -0.00707107 -0.00707107 0.05500000
v -0.00634393 -0.00773010 0.05500000
v -0.00555570 -0.00831470 0.05500000
v -0.00471397 -0.00881921 0.05500000
v -0.00382683 -0.00923880 0.05500000
v -0.00290285 -0.00956940 0.05500000
v -0.00195090 -0.00980785 0.05500000
v -0.00098017 -0.00995185 0.05500000
v -0.00000000 -0.01000000 0.05500000
v 0.00098017 -0.00995185 0.05500000
v 0.00195090 -0.00980785 0.05500000
v 0.00290285 -0.00956940 0.05500000
v 0.00382683 -0.00923880 0.05500000
v 0.00471397 -0.00881921 0.05500000
v 0.00555570 -0.00831470 0.05500000
v 0.00634393 -0.00773010 0.05500000
v 0.00707107 -0.00707107 0.05500000
v 0.00773010 -0.00634393 0.05500000
v 0.00831470 -0.00555570 0.05500000
v 0.00881921 -0.00471397 0.05500000
v 0.00923880 -0.00382683 0.05500000
v 0.00956940 -0.00290285 0.05500000
v 0.00980785 -0.00195090 0.05500000
v 0.00995185 -0.00098017 0.05500000
v 0.01000000 -0.00000000 0.05500000
v 0.00000000 0.00000000 0.04000000
v 0.00000000 0.00000000 0.05500000
v -0.03500000 0.00000000 -0.00200000
v -0.03593782 0.00350000 -0.00200000
v -0.03850000 0.00606218 -0.00200000
v -0.04200000 0.00700000 -0.00200000
v -0.04550000 0.00606218 -0.00200000
v -0.04806218 0.00350000 -0.00200000
v -0.04900000 0.00000000 -0.00200000
v -0.04806218 -0.00350000 -0.00200000
v -0.04550000 -0.00606218 -0.00200000
v -0.04200000 -0.00700000 -0.00200000
v -0.03850000 -0.00606218 -0.00200000
v -0.03593782 -0.00350000 -0.00200000
v -0.03500000 -0.00000000 -0.00200000
v -0.03531654 0.00000000 0.00322105
v -0.03624634 0.00350000 0.00309864
v -0.03878660 0.00606218 0.00276421
v -0.04225665 0.00700000 0.00230736
v -0.04572671 0.00606218 0.00185052
v -0.04826697 0.00350000 0.00151609
v -0.04919677 0.00000000 0.00139368
v -0.04826697 -0.00350000 0.00151609
v -0.04572671 -0.00606218 0.00185052
v -0.04225665 -0.00700000 0.00230736
v -0.03878660 -0.00606218 0.00276421
v -0.03624634 -0.00350000 0.00309864
v -0.03531654 -0.00000000 0.00322105
v -0.03626074 0.00000000 0.00835276
v -0.03716661 0.00350000 0.00811004
v -0.03964148 0.00606218 0.00744690
v -0.04302223 0.00700000 0.00654103
v -0.04640297 0.00606218 0.00563516
v -0.04887784 0.00350000 0.00497202
v -0.04978371 0.00000000 0.00472930
v -0.04887784 -0.00350000 0.00497202
v -0.04640297 -0.00606218 0.00563516
v -0.04302223 -0.00700000 0.00654103
v -0.03964148 -0.00606218 0.00744690
v -0.03716661 -0.00350000 0.00811004
v -0.03626074 -0.00000000 0.00835276
v -0.03781646 0.00000000 0.01330734
v -0.03868289 0.00350000 0.01294845
v -0.04105004 0.00606218 0.01196795
v -0.04428361 0.00700000 0.01062855
v -0.04751719 0.00606218 0.00928916
v -0.04988434 0.00350000 0.00830866
v -0.05075077 0.00000000 0.00794977
v -0.04988434 -0.00350000 0.00830866
v -0.04751719 -0.00606218 0.00928916
v -0.04428361 -0.00700000 0.01062855
v -0.04105004 -0.00606218 0.01196795
v -0.03868289 -0.00350000 0.01294845
v -0.03781646 -0.00000000 0.01330734
v -0.03995706 0.00000000 0.01800000
v -0.04076924 0.00350000 0.01753109
v -0.04298815 0.00606218 0.01625000
v -0.04601924 0.00700000 0.01450000
v -0.04905033 0.00606218 0.01275000
v -0.05126924 0.00350000 0.01146891
v -0.05208142 0.00000000 0.01100000
v -0.05126924 -0.00350000 0.01146891
v -0.04905033 -0.00606218 0.01275000
v -0.04601924 -0.00700000 0.01450000
v -0.04298815 -0.00606218 0.01625000
v -0.04076924 -0.00350000 0.01753109
v -0.03995706 -0.00000000 0.01800000
v -0.04264593 0.00000000 0.02235046
v -0.04338995 0.00350000 0.02177955
v -0.04542266 0.00606218 0.02021979
v -0.04819940 0.00700000 0.01808913
v -0.05097614 0.00606218 0.01595846
v -0.05300885 0.00350000 0.01439871
v -0.05375287 0.00000000 0.01382780
v -0.05300885 -0.00350000 0.01439871
v -0.05097614 -0.00606218 0.01595846
v -0.04819940 -0.00700000 0.01808913
v -0.04542266 -0.00606218 0.02021979
v -0.04338995 -0.00350000 0.02177955
v -0.04264593 -0.00000000 0.02235046
v -0.04583705 0.00000000 0.02628427
v -0.04650019 0.00350000 0.02562113
v -0.04831192 0.00606218 0.02380940
v -0.05078680 0.00700000 0.02133452
v -0.05326167 0.00606218 0.01885965
v -0.05507340 0.00350000 0.01704792
v -0.05573654 0.00000000 0.01638478
v -0.05507340 -0.00350000 0.01704792
v -0.05326167 -0.00606218 0.01885965
v -0.05078680 -0.00700000 0.02133452
v -0.04831192 -0.00606218 0.02380940
v -0.04650019 -0.00350000 0.02562113
v -0.04583705 -0.00000000 0.02628427
v -0.04947583 0.00000000 0.02973413
v -0.05004674 0.00350000 0.02899011
v -0.05160649 0.00606218 0.02695740
v -0.05373716 0.00700000 0.02418066
v -0.05586782 0.00606218 0.02140392
v -0.05742758 0.00350000 0.01937121
v -0.05799849 0.00000000 0.01862719
v -0.05742758 -0.00350000 0.01937121
v -0.05586782 -0.00606218 0.02140392
v -0.05373716 -0.00700000 0.02418066
v -0.05160649 -0.00606218 0.02695740
v -0.05004674 -0.00350000 0.02899011
v -0.04947583 -0.00000000 0.02973413
v -0.05350000 0.00000000 0.03264102
v -0.05396891 0.00350000 0.03182884
v -0.05525000 0.00606218 0.02960993
v -0.05700000 0.00700000 0.02657884
v -0.05875000 0.00606218 0.02354775
v -0.06003109 0.00350000 0.02132884
v -0.06050000 0.00000000 0.02051666
v -0.06003109 -0.00350000 0.02132884
v -0.05875000 -0.00606218 0.02354775
v -0.05700000 -0.00700000 0.02657884
v -0.05525000 -0.00606218 0.02960993
v -0.05396891 -0.00350000 0.03182884
v -0.05350000 -0.00000000 0.03264102
v -0.05784071 0.00000000 0.03495518
v -0.05819960 0.00350000 0.03408875
v -0.05918011 0.00606218 0.03172160
v -0.06051950 0.00700000 0.02848802
v -0.06185889 0.00606218 0.02525445
v -0.06283939 0.00350000 0.02288730
v -0.06319828 0.00000000 0.02202087
v -0.06283939 -0.00350000 0.02288730
v -0.06185889 -0.00606218 0.02525445
v -0.06051950 -0.00700000 0.02848802
v -0.05918011 -0.00606218 0.03172160
v -0.05819960 -0.00350000 0.03408875
v -0.05784071 -0.00000000 0.03495518
v -0.06242370 0.00000000 0.03663703
v -0.06266642 0.00350000 0.03573117
v -0.06332956 0.00606218 0.03325629
v -0.06423543 0.00700000 0.02987555
v -0.06514130 0.00606218 0.02649481
v -0.06580444 0.00350000 0.02401994
v -0.06604716 0.00000000 0.02311407
v -0.06580444 -0.00350000 0.02401994
v -0.06514130 -0.00606218 0.02649481
v -0.06423543 -0.00700000 0.02987555
v -0.06332956 -0.00606218 0.03325629
v -0.06266642 -0.00350000 0.03573117
v -0.06242370 -0.00000000 0.03663703
v -0.06717053 0.00000000 0.03765779
v -0.06729294 0.00350000 0.03672800
v -0.06762737 0.00606218 0.03418774
v -0.06808421 0.00700000 0.03071768
v -0.06854106 0.00606218 0.02724762
v -0.06887549 0.00350000 0.02470737
v -0.06899790 0.00000000 0.02377757
v -0.06887549 -0.00350000 0.02470737
v -0.06854106 -0.00606218 0.02724762
v -0.06808421 -0.00700000 0.03071768
v -0.06762737 -0.00606218 0.03418774
v -0.06729294 -0.00350000 0.03672800
v -0.06717053 -0.00000000 0.03765779
v -0.07200000 0.00000000 0.03800000
v -0.07200000 0.00350000 0.03706218
v -0.07200000 0.00606218 0.03450000
v -0.07200000 0.00700000 0.03100000
v -0.07200000 0.00606218 0.02750000
v -0.07200000 0.00350000 0.02493782
v -0.07200000 0.00000000 0.02400000
v -0.07200000 -0.00350000 0.02493782
v -0.07200000 -0.00606218 0.02750000
v -0.07200000 -0.00700000 0.03100000
v -0.07200000 -0.00606218 0.03450000
v -0.07200000 -0.00350000 0.03706218
v -0.07200000 -0.00000000 0.03800000
v -0.07682947 0.00000000 0.03765779
v -0.07670706 0.00350000 0.03672800
v -0.07637263 0.00606218 0.03418774
v -0.07591579 0.00700000 0.03071768
v -0.07545894 0.00606218 0.02724762
v -0.07512451 0.00350000 0.02470737
v -0.07500210 0.00000000 0.02377757
v -0.07512451 -0.00350000 0.02470737
v -0.07545894 -0.00606218 0.02724762
v -0.07591579 -0.00700000 0.03071768
v -0.07637263 -0.00606218 0.03418774
v -0.07670706 -0.00350000 0.03672800
v -0.07682947 -0.00000000 0.03765779
v -0.08157630 0.00000000 0.03663703
v -0.08133358 0.00350000 0.03573117
v -0.08067044 0.00606218 0.03325629
v -0.07976457 0.00700000 0.02987555
v -0.07885870 0.00606218 0.02649481
v -0.07819556 0.00350000 0.02401994
v -0.07795284 0.00000000 0.02311407
v -0.07819556 -0.00350000 0.02401994
v -0.07885870 -0.00606218 0.02649481
v -0.07976457 -0.00700000 0.02987555
v -0.08067044 -0.00606218 0.03325629
v -0.08133358 -0.00350000 0.03573117
v -0.08157630 -0.00000000 0.03663703
v -0.08615929 0.00000000 0.03495518
v -0.08580040 0.00350000 0.03408875
v -0.08481989 0.00606218 0.03172160
v -0.08348050 0.00700000 0.02848802
v -0.08214111 0.00606218 0.02525445
v -0.08116061 0.00350000 0.02288730
v -0.08080172 0.00000000 0.02202087
v -0.08116061 -0.00350000 0.02288730
v -0.08214111 -0.00606218 0.02525445
v -0.08348050 -0.00700000 0.02848802
v -0.08481989 -0.00606218 0.03172160
v -0.08580040 -0.00350000 0.03408875
v -0.08615929 -0.00000000 0.03495518
v -0.09050000 0.00000000 0.03264102
v -0.09003109 0.00350000 0.03182884
v -0.08875000 0.00606218 0.02960993
v -0.08700000 0.00700000 0.02657884
v -0.08525000 0.00606218 0.02354775
v -0.08396891 0.00350000 0.02132884
v -0.08350000 0.00000000 0.02051666
v -0.08396891 -0.00350000 0.02132884
v -0.08525000 -0.00606218 0.02354775
v -0.08700000 -0.00700000 0.02657884
v -0.08875000 -0.00606218 0.02960993
v -0.09003109 -0.00350000 0.03182884
v -0.09050000 -0.00000000 0.03264102
v -0.09452417 0.00000000 0.02973413
v -0.09395326 0.00350000 0.02899011
v -0.09239351 0.00606218 0.02695740
v -0.09026284 0.00700000 0.02418066
v -0.08813218 0.00606218 0.02140392
v -0.08657242 0.00350000 0.01937121
v -0.08600151 0.00000000 0.01862719
v -0.08657242 -0.00350000 0.01937121
v -0.08813218 -0.00606218 0.02140392
v -0.09026284 -0.00700000 0.02418066
v -0.09239351 -0.00606218 0.02695740
v -0.09395326 -0.00350000 0.02899011
v -0.09452417 -0.00000000 0.02973413
v -0.09816295 0.00000000 0.02628427
v -0.09749981 0.00350000 0.02562113
v -0.09568808 0.00606218 0.02380940
v -0.09321320 0.00700000 0.02133452
v -0.09073833 0.00606218 0.01885965
v -0.08892660 0.00350000 0.01704792
v -0.08826346 0.00000000 0.01638478
v -0.08892660 -0.00350000 0.01704792
v -0.09073833 -0.00606218 0.01885965
v -0.09321320 -0.00700000 0.02133452
v -0.09568808 -0.00606218 0.02380940
v -0.09749981 -0.00350000 0.02562113
v -0.09816295 -0.00000000 0.02628427
v -0.10135407 0.00000000 0.02235046
v -0.10061005 0.00350000 0.02177955
v -0.09857734 0.00606218 0.02021979
v -0.09580060 0.00700000 0.01808913
v -0.09302386 0.00606218 0.01595846
v -0.09099115 0.00350000 0.01439871
v -0.09024713 0.00000000 0.01382780
v -0.09099115 -0.00350000 0.01439871
v -0.09302386 -0.00606218 0.01595846
v -0.09580060 -0.00700000 0.01808913
v -0.09857734 -0.00606218 0.02021979
v -0.10061005 -0.00350000 0.02177955
v -0.10135407 -0.00000000 0.02235046
v -0.10404294 0.00000000 0.01800000
v -0.10323076 0.00350000 0.01753109
v -0.10101185 0.00606218 0.01625000
v -0.09798076 0.00700000 0.01450000
v -0.09494967 0.00606218 0.01275000
v -0.09273076 0.00350000 0.01146891
v -0.09191858 0.00000000 0.01100000
v -0.09273076 -0.00350000 0.01146891
v -0.09494967 -0.00606218 0.01275000
v -0.09798076 -0.00700000 0.01450000
v -0.10101185 -0.00606218 0.01625000
v -0.10323076 -0.00350000 0.01753109
v -0.10404294 -0.00000000 0.01800000
v -0.10618354 0.00000000 0.01330734
v -0.10531711 0.00350000 0.01294845
v -0.10294996 0.00606218 0.01196795
v -0.09971639 0.00700000 0.01062855
v -0.09648281 0.00606218 0.00928916
v -0.09411566 0.00350000 0.00830866
v -0.09324923 0.00000000 0.00794977
v -0.09411566 -0.00350000 0.00830866
v -0.09648281 -0.00606218 0.00928916
v -0.09971639 -0.00700000 0.01062855
v -0.10294996 -0.00606218 0.01196795
v -0.10531711 -0.00350000 0.01294845
v -0.10618354 -0.00000000 0.01330734
v -0.10773926 0.00000000 0.00835276
v -0.10683339 0.00350000 0.00811004
v -0.10435852 0.00606218 0.00744690
v -0.10097777 0.00700000 0.00654103
v -0.09759703 0.00606218 0.00563516
v -0.09512216 0.00350000 0.00497202
v -0.09421629 0.00000000 0.00472930
v -0.09512216 -0.00350000 0.00497202
v -0.09759703 -0.00606218 0.00563516
v -0.10097777 -0.00700000 0.00654103
v -0.10435852 -0.00606218 0.00744690
v -0.10683339 -0.00350000 0.00811004
v -0.10773926 -0.00000000 0.00835276
v -0.10868346 0.00000000 0.00322105
v -0.10775366 0.00350000 0.00309864
v -0.10521340 0.00606218 0.00276421
v -0.10174335 0.00700000 0.00230736
v -0.09827329 0.00606218 0.00185052
v -0.09573303 0.00350000 0.00151609
v -0.09480323 0.00000000 0.00139368
v -0.09573303 -0.00350000 0.00151609
v -0.09827329 -0.00606218 0.00185052
v -0.10174335 -0.00700000 0.00230736
v -0.10521340 -0.00606218 0.00276421
v -0.10775366 -0.00350000 0.00309864
v -0.10868346 -0.00000000 0.00322105
v -0.10900000 0.00000000 -0.00200000
v -0.10806218 0.00350000 -0.00200000
v -0.10550000 0.00606218 -0.00200000
v -0.10200000 0.00700000 -0.00200000
v -0.09850000 0.00606218 -0.00200000
v -0.09593782 0.00350000 -0.00200000
v -0.09500000 0.00000000 -0.00200000
v -0.09593782 -0.00350000 -0.00200000
v -0.09850000 -0.00606218 -0.00200000
v -0.10200000 -0.00700000 -0.00200000
v -0.10550000 -0.00606218 -0.00200000
v -0.10806218 -0.00350000 -0.00200000
v -0.10900000 -0.00000000 -0.00200000
v -0.10868346 0.00000000 -0.00722105
v -0.10775366 0.00350000 -0.00709864
v -0.10521340 0.00606218 -0.00676421
v -0.10174335 0.00700000 -0.00630736
v -0.09827329 0.00606218 -0.00585052
v -0.09573303 0.00350000 -0.00551609
v -0.09480323 0.00000000 -0.00539368
v -0.09573303 -0.00350000 -0.00551609
v -0.09827329 -0.00606218 -0.00585052
v -0.10174335 -0.00700000 -0.00630736
v -0.10521340 -0.00606218 -0.00676421
v -0.10775366 -0.00350000 -0.00709864
v -0.10868346 -0.00000000 -0.00722105
v -0.10773926 0.00000000 -0.01235276
v -0.10683339 0.00350000 -0.01211004
v -0.10435852 0.00606218 -0.01144690
v -0.10097777 0.00700000 -0.01054103
v -0.09759703 0.00606218 -0.00963516
v -0.09512216 0.00350000 -0.00897202
v -0.09421629 0.00000000 -0.00872930
v -0.09512216 -0.00350000 -0.00897202
v -0.09759703 -0.00606218 -0.00963516
v -0.10097777 -0.00700000 -0.01054103
v -0.10435852 -0.00606218 -0.01144690
v -0.10683339 -0.00350000 -0.01211004
v -0.10773926 -0.00000000 -0.01235276
v -0.10618354 0.00000000 -0.01730734
v -0.10531711 0.00350000 -0.01694845
v -0.10294996 0.00606218 -0.01596795
v -0.09971639 0.00700000 -0.01462855
v -0.09648281 0.00606218 -0.01328916
v -0.09411566 0.00350000 -0.01230866
v -0.09324923 0.00000000 -0.01194977
v -0.09411566 -0.00350000 -0.01230866
v -0.09648281 -0.00606218 -0.01328916
v -0.09971639 -0.00700000 -0.01462855
v -0.10294996 -0.00606218 -0.01596795
v -0.10531711 -0.00350000 -0.01694845
v -0.10618354 -0.00000000 -0.01730734
v -0.10404294 0.00000000 -0.02200000
v -0.10323076 0.00350000 -0.02153109
v -0.10101185 0.00606218 -0.02025000
v -0.09798076 0.00700000 -0.01850000
v -0.09494967 0.00606218 -0.01675000
v -0.09273076 0.00350000 -0.01546891
v -0.09191858 0.00000000 -0.01500000
v -0.09273076 -0.00350000 -0.01546891
v -0.09494967 -0.00606218 -0.01675000
v -0.09798076 -0.00700000 -0.01850000
v -0.10101185 -0.00606218 -0.02025000
v -0.10323076 -0.00350000 -0.02153109
v -0.10404294 -0.00000000 -0.02200000
v -0.10135407 0.00000000 -0.02635046
v -0.10061005 0.00350000 -0.02577955
v -0.09857734 0.00606218 -0.02421979
v -0.09580060 0.00700000 -0.02208913
v -0.09302386 0.00606218 -0.01995846
v -0.09099115 0.00350000 -0.01839871
v -0.09024713 0.00000000 -0.01782780
v -0.09099115 -0.00350000 -0.01839871
v -0.09302386 -0.00606218 -0.01995846
v -0.09580060 -0.00700000 -0.02208913
v -0.09857734 -0.00606218 -0.02421979
v -0.10061005 -0.00350000 -0.02577955
v -0.10135407 -0.00000000 -0.02635046
v -0.09816295 0.00000000 -0.03028427
v -0.09749981 0.00350000 -0.02962113
v -0.09568808 0.00606218 -0.02780940
v -0.09321320 0.00700000 -0.02533452
v -0.09073833 0.00606218 -0.02285965
v -0.08892660 0.00350000 -0.02104792
v -0.08826346 0.00000000 -0.02038478
v -0.08892660 -0.00350000 -0.02104792
v -0.09073833 -0.00606218 -0.02285965
v -0.09321320 -0.00700000 -0.02533452
v -0.09568808 -0.00606218 -0.02780940
v -0.09749981 -0.00350000 -0.02962113
v -0.09816295 -0.00000000 -0.03028427
v -0.09452417 0.00000000 -0.03373413
v -0.09395326 0.00350000 -0.03299011
v -0.09239351 0.00606218 -0.03095740
v -0.09026284 0.00700000 -0.02818066
v -0.08813218 0.00606218 -0.02540392
v -0.08657242 0.00350000 -0.02337121
v -0.08600151 0.00000000 -0.02262719
v -0.08657242 -0.00350000 -0.02337121
v -0.08813218 -0.00606218 -0.02540392
v -0.09026284 -0.00700000 -0.02818066
v -0.09239351 -0.00606218 -0.03095740
v -0.09395326 -0.00350000 -0.03299011
v -0.09452417 -0.00000000 -0.03373413
v -0.09050000 0.00000000 -0.03664102
v -0.09003109 0.00350000 -0.03582884
v -0.08875000 0.00606218 -0.03360993
v -0.08700000 0.00700000 -0.03057884
v -0.08525000 0.00606218 -0.02754775
v -0.08396891 0.00350000 -0.02532884
v -0.08350000 0.00000000 -0.02451666
v -0.08396891 -0.00350000 -0.02532884
v -0.08525000 -0.00606218 -0.02754775
v -0.08700000 -0.00700000 -0.03057884
v -0.08875000 -0.00606218 -0.03360993
v -0.09003109 -0.00350000 -0.03582884
v -0.09050000 -0.00000000 -0.03664102
v -0.08615929 0.00000000 -0.03895518
v -0.08580040 0.00350000 -0.03808875
v -0.08481989 0.00606218 -0.03572160
v -0.08348050 0.00700000 -0.03248802
v -0.08214111 0.00606218 -0.02925445
v -0.08116061 0.00350000 -0.02688730
v -0.08080172 0.00000000 -0.02602087
v -0.08116061 -0.00350000 -0.02688730
v -0.08214111 -0.00606218 -0.02925445
v -0.08348050 -0.00700000 -0.03248802
v -0.08481989 -0.00606218 -0.03572160
v -0.08580040 -0.00350000 -0.03808875
v -0.08615929 -0.00000000 -0.03895518
v -0.08157630 0.00000000 -0.04063703
v -0.08133358 0.00350000 -0.03973117
v -0.08067044 0.00606218 -0.03725629
v -0.07976457 0.00700000 -0.03387555
v -0.07885870 0.00606218 -0.03049481
v -0.07819556 0.00350000 -0.02801994
v -0.07795284 0.00000000 -0.02711407
v -0.07819556 -0.00350000 -0.02801994
v -0.07885870 -0.00606218 -0.03049481
v -0.07976457 -0.00700000 -0.03387555
v -0.08067044 -0.00606218 -0.03725629
v -0.08133358 -0.00350000 -0.03973117
v -0.08157630 -0.00000000 -0.04063703
v -0.07682947 0.00000000 -0.04165779
v -0.07670706 0.00350000 -0.04072800
v -0.07637263 0.00606218 -0.03818774
v -0.07591579 0.00700000 -0.03471768
v -0.07545894 0.00606218 -0.03124762
v -0.07512451 0.00350000 -0.02870737
v -0.07500210 0.00000000 -0.02777757
v -0.07512451 -0.00350000 -0.02870737
v -0.07545894 -0.00606218 -0.03124762
v -0.07591579 -0.00700000 -0.03471768
v -0.07637263 -0.00606218 -0.03818774
v -0.07670706 -0.00350000 -0.04072800
v -0.07682947 -0.00000000 -0.04165779
v -0.07200000 0.00000000 -0.04200000
v -0.07200000 0.00350000 -0.04106218
v -0.07200000 0.00606218 -0.03850000
v -0.07200000 0.00700000 -0.03500000
v -0.07200000 0.00606218 -0.03150000
v -0.07200000 0.00350000 -0.02893782
v -0.07200000 0.00000000 -0.02800000
v -0.07200000 -0.00350000 -0.02893782
v -0.07200000 -0.00606218 -0.03150000
v -0.07200000 -0.00700000 -0.03500000
v -0.07200000 -0.00606218 -0.03850000
v -0.07200000 -0.00350000 -0.04106218
v -0.07200000 -0.00000000 -0.04200000
v -0.06717053 0.00000000 -0.04165779
v -0.06729294 0.00350000 -0.04072800
v -0.06762737 0.00606218 -0.03818774
v -0.06808421 0.00700000 -0.03471768
v -0.06854106 0.00606218 -0.03124762
v -0.06887549 0.00350000 -0.02870737
v -0.06899790 0.00000000 -0.02777757
v -0.06887549 -0.00350000 -0.02870737
v -0.06854106 -0.00606218 -0.03124762
v -0.06808421 -0.00700000 -0.03471768
v -0.06762737 -0.00606218 -0.03818774
v -0.06729294 -0.00350000 -0.04072800
v -0.06717053 -0.00000000 -0.04165779
v -0.06242370 0.00000000 -0.04063703
v -0.06266642 0.00350000 -0.03973117
v -0.06332956 0.00606218 -0.03725629
v -0.06423543 0.00700000 -0.03387555
v -0.06514130 0.00606218 -0.03049481
v -0.06580444 0.00350000 -0.02801994
v -0.06604716 0.00000000 -0.02711407
v -0.06580444 -0.00350000 -0.02801994
v -0.06514130 -0.00606218 -0.03049481
v -0.06423543 -0.00700000 -0.03387555
v -0.06332956 -0.00606218 -0.03725629
v -0.06266642 -0.00350000 -0.03973117
v -0.06242370 -0.00000000 -0.04063703
v -0.05784071 0.00000000 -0.03895518
v -0.05819960 0.00350000 -0.03808875
v -0.05918011 0.00606218 -0.03572160
v -0.06051950 0.00700000 -0.03248802
v -0.06185889 0.00606218 -0.02925445
v -0.06283939 0.00350000 -0.02688730
v -0.06319828 0.00000000 -0.02602087
v -0.06283939 -0.00350000 -0.02688730
v -0.06185889 -0.00606218 -0.02925445
v -0.06051950 -0.00700000 -0.03248802
v -0.05918011 -0.00606218 -0.03572160
v -0.05819960 -0.00350000 -0.03808875
v -0.05784071 -0.00000000 -0.03895518
v -0.05350000 0.00000000 -0.03664102
v -0.05396891 0.00350000 -0.03582884
v -0.05525000 0.00606218 -0.03360993
v -0.05700000 0.00700000 -0.03057884
v -0.05875000 0.00606218 -0.02754775
v -0.06003109 0.00350000 -0.02532884
v -0.06050000 0.00000000 -0.02451666
v -0.06003109 -0.00350000 -0.02532884
v -0.05875000 -0.00606218 -0.02754775
v -0.05700000 -0.00700000 -0.03057884
v -0.05525000 -0.00606218 -0.03360993
v -0.05396891 -0.00350000 -0.03582884
v -0.05350000 -0.00000000 -0.03664102
v -0.04947583 0.00000000 -0.03373413
v -0.05004674 0.00350000 -0.03299011
v -0.05160649 0.00606218 -0.03095740
v -0.05373716 0.00700000 -0.02818066
v -0.05586782 0.00606218 -0.02540392
v -0.05742758 0.00350000 -0.02337121
v -0.05799849 0.00000000 -0.02262719
v -0.05742758 -0.00350000 -0.02337121
v -0.05586782 -0.00606218 -0.02540392
v -0.05373716 -0.00700000 -0.02818066
v -0.05160649 -0.00606218 -0.03095740
v -0.05004674 -0.00350000 -0.03299011
v -0.04947583 -0.00000000 -0.03373413
v -0.04583705 0.00000000 -0.03028427
v -0.04650019 0.00350000 -0.02962113
v -0.04831192 0.00606218 -0.02780940
v -0.05078680 0.00700000 -0.02533452
v -0.05326167 0.00606218 -0.02285965
v -0.05507340 0.00350000 -0.02104792
v -0.05573654 0.00000000 -0.02038478
v -0.05507340 -0.00350000 -0.02104792
v -0.05326167 -0.00606218 -0.02285965
v -0.05078680 -0.00700000 -0.02533452
v -0.04831192 -0.00606218 -0.02780940
v -0.04650019 -0.00350000 -0.02962113
v -0.04583705 -0.00000000 -0.03028427
v -0.04264593 0.00000000 -0.02635046
v -0.04338995 0.00350000 -0.02577955
v -0.04542266 0.00606218 -0.02421979
v -0.04819940 0.00700000 -0.02208913
v -0.05097614 0.00606218 -0.01995846
v -0.05300885 0.00350000 -0.01839871
v -0.05375287 0.00000000 -0.01782780
v -0.05300885 -0.00350000 -0.01839871
v -0.05097614 -0.00606218 -0.01995846
v -0.04819940 -0.00700000 -0.02208913
v -0.04542266 -0.00606218 -0.02421979
v -0.04338995 -0.00350000 -0.02577955
v -0.04264593 -0.00000000 -0.02635046
v -0.03995706 0.00000000 -0.02200000
v -0.04076924 0.00350000 -0.02153109
v -0.04298815 0.00606218 -0.02025000
v -0.04601924 0.00700000 -0.01850000
v -0.04905033 0.00606218 -0.01675000
v -0.05126924 0.00350000 -0.01546891
v -0.05208142 0.00000000 -0.01500000
v -0.05126924 -0.00350000 -0.01546891
v -0.04905033 -0.00606218 -0.01675000
v -0.04601924 -0.00700000 -0.01850000
v -0.04298815 -0.00606218 -0.02025000
v -0.04076924 -0.00350000 -0.02153109
v -0.03995706 -0.00000000 -0.02200000
v -0.03781646 0.00000000 -0.01730734
v -0.03868289 0.00350000 -0.01694845
v -0.04105004 0.00606218 -0.01596795
v -0.04428361 0.00700000 -0.01462855
v -0.04751719 0.00606218 -0.01328916
v -0.04988434 0.00350000 -0.01230866
v -0.05075077 0.00000000 -0.01194977
v -0.04988434 -0.00350000 -0.01230866
v -0.04751719 -0.00606218 -0.01328916
v -0.04428361 -0.00700000 -0.01462855
v -0.04105004 -0.00606218 -0.01596795
v -0.03868289 -0.00350000 -0.01694845
v -0.03781646 -0.00000000 -0.01730734
v -0.03626074 0.00000000 -0.01235276
v -0.03716661 0.00350000 -0.01211004
v -0.03964148 0.00606218 -0.01144690
v -0.04302223 0.00700000 -0.01054103
v -0.04640297 0.00606218 -0.00963516
v -0.04887784 0.00350000 -0.00897202
v -0.04978371 0.00000000 -0.00872930
v -0.04887784 -0.00350000 -0.00897202
v -0.04640297 -0.00606218 -0.00963516
v -0.04302223 -0.00700000 -0.01054103
v -0.03964148 -0.00606218 -0.01144690
v -0.03716661 -0.00350000 -0.01211004
v -0.03626074 -0.00000000 -0.01235276
v -0.03531654 0.00000000 -0.00722105
v -0.03624634 0.00350000 -0.00709864
v -0.03878660 0.00606218 -0.00676421
v -0.04225665 0.00700000 -0.00630736
v -0.04572671 0.00606218 -0.00585052
v -0.04826697 0.00350000 -0.00551609
v -0.04919677 0.00000000 -0.00539368
v -0.04826697 -0.00350000 -0.00551609
v -0.04572671 -0.00606218 -0.00585052
v -0.04225665 -0.00700000 -0.00630736
v -0.03878660 -0.00606218 -0.00676421
v -0.03624634 -0.00350000 -0.00709864
v -0.03531654 -0.00000000 -0.00722105
v -0.03500000 0.00000000 -0.00200000
v -0.03593782 0.00350000 -0.00200000
v -0.03850000 0.00606218 -0.00200000
v -0.04200000 0.00700000 -0.00200000
v -0.04550000 0.00606218 -0.00200000
v -0.04806218 0.00350000 -0.00200000
v -0.04900000 0.00000000 -0.00200000
v -0.04806218 -0.00350000 -0.00200000
v -0.04550000 -0.00606218 -0.00200000
v -0.04200000 -0.00700000 -0.00200000
v -0.03850000 -0.00606218 -0.00200000
v -0.03593782 -0.00350000 -0.00200000
v -0.03500000 -0.00000000 -0.00200000
v 0.05000000 0.02100000 -0.01800000
v 0.05000000 0.02028444 -0.01256480
v 0.05000000 0.01818653 -0.00750000
v 0.05000000 0.01484924 -0.00315076
v 0.05000000 0.01050000 0.00018653
v 0.05000000 0.00543520 0.00228444
v 0.05000000 0.00000000 0.00300000
v 0.05000000 -0.00543520 0.00228444
v 0.05000000 -0.01050000 0.00018653
v 0.05000000 -0.01484924 -0.00315076
v 0.05000000 -0.01818653 -0.00750000
v 0.05000000 -0.02028444 -0.01256480
v 0.05000000 -0.02100000 -0.01800000
v 0.05000000 -0.02028444 -0.02343520
v 0.05000000 -0.01818653 -0.02850000
v 0.05000000 -0.01484924 -0.03284924
v 0.05000000 -0.01050000 -0.03618653
v 0.05000000 -0.00543520 -0.03828444
v 0.05000000 -0.00000000 -0.03900000
v 0.05000000 0.00543520 -0.03828444
v 0.05000000 0.01050000 -0.03618653
v 0.05000000 0.01484924 -0.03284924
v 0.05000000 0.01818653 -0.02850000
v 0.05000000 0.02028444 -0.02343520
v 0.05000000 0.02100000 -0.01800000
v 0.08700000 0.01500000 0.00200000
v 0.08700000 0.01448889 0.00588229
v 0.08700000 0.01299038 0.00950000
v 0.08700000 0.01060660 0.01260660
v 0.08700000 0.00750000 0.01499038
v 0.08700000 0.00388229 0.01648889
v 0.08700000 0.00000000 0.01700000
v 0.08700000 -0.00388229 0.01648889
v 0.08700000 -0.00750000 0.01499038
v 0.08700000 -0.01060660 0.01260660
v 0.08700000 -0.01299038 0.00950000
v 0.08700000 -0.01448889 0.00588229
v 0.08700000 -0.01500000 0.00200000
v 0.08700000 -0.01448889 -0.00188229
v 0.08700000 -0.01299038 -0.00550000
v 0.08700000 -0.01060660 -0.00860660
v 0.08700000 -0.00750000 -0.01099038
v 0.08700000 -0.00388229 -0.01248889
v 0.08700000 -0.00000000 -0.01300000
v 0.08700000 0.00388229 -0.01248889
v 0.08700000 0.00750000 -0.01099038
v 0.08700000 0.01060660 -0.00860660
v 0.08700000 0.01299038 -0.00550000
v 0.08700000 0.01448889 -0.00188229
v 0.08700000 0.01500000 0.00200000
v 0.11900000 0.01000000 0.03700000
v 0.11900000 0.00965926 0.03958819
v 0.11900000 0.00866025 0.04200000
v 0.11900000 0.00707107 0.04407107
v 0.11900000 0.00500000 0.04566025
v 0.11900000 0.00258819 0.04665926
v 0.11900000 0.00000000 0.04700000
v 0.11900000 -0.00258819 0.04665926
v 0.11900000 -0.00500000 0.04566025
v 0.11900000 -0.00707107 0.04407107
v 0.11900000 -0.00866025 0.04200000
v 0.11900000 -0.00965926 0.03958819
v 0.11900000 -0.01000000 0.03700000
v 0.11900000 -0.00965926 0.03441181
v 0.11900000 -0.00866025 0.03200000
v 0.11900000 -0.00707107 0.02992893
v 0.11900000 -0.00500000 0.02833975
v 0.11900000 -0.00258819 0.02734074
v 0.11900000 -0.00000000 0.02700000
v 0.11900000 0.00258819 0.02734074
v 0.11900000 0.00500000 0.02833975
v 0.11900000 0.00707107 0.02992893
v 0.11900000 0.00866025 0.03200000
v 0.11900000 0.00965926 0.03441181
v 0.11900000 0.01000000 0.03700000
vt 0.51250000 0.01500000
vt 0.51406250 0.01500000
vt 0.51562500 0.01500000
vt 0.51718750 0.01500000
vt 0.51875000 0.01500000
vt 0.52031250 0.01500000
vt 0.52187500 0.01500000
vt 0.52343750 0.01500000
vt 0.52500000 0.01500000
vt 0.52656250 0.01500000
vt 0.52812500 0.01500000
vt 0.52968750 0.01500000
vt 0.53125000 0.01500000
vt 0.53281250 0.01500000
vt 0.53437500 0.01500000
vt 0.53593750 0.01500000
vt 0.53750000 0.01500000
vt 0.53906250 0.01500000
vt 0.54062500 0.01500000
vt 0.54218750 0.01500000
vt 0.54375000 0.01500000
vt 0.54531250 0.01500000
vt 0.54687500 0.01500000
vt 0.54843750 0.01500000
vt 0.55000000 0.01500000
vt 0.55156250 0.01500000
vt 0.55312500 0.01500000
vt 0.55468750 0.01500000
vt 0.55625000 0.01500000
vt 0.55781250 0.01500000
vt 0.55937500 0.01500000
vt 0.56093750 0.01500000
vt 0.56250000 0.01500000
vt 0.56406250 0.01500000
vt 0.56562500 0.01500000
vt 0.56718750 0.01500000
vt 0.56875000 0.01500000
vt 0.57031250 0.01500000
vt 0.57187500 0.01500000
vt 0.57343750 0.01500000
vt 0.57500000 0.01500000
vt 0.57656250 0.01500000
vt 0.57812500 0.01500000
vt 0.57968750 0.01500000
vt 0.58125000 0.01500000
vt 0.58281250 0.01500000
vt 0.58437500 0.01500000
vt 0.58593750 0.01500000
vt 0.58750000 0.01500000
vt 0.58906250 0.01500000
vt 0.59062500 0.01500000
vt 0.59218750 0.01500000
vt 0.59375000 0.01500000
vt 0.59531250 0.01500000
vt 0.59687500 0.01500000
vt 0.59843750 0.01500000
vt 0.60000000 0.01500000
vt 0.60156250 0.01500000
vt 0.60312500 0.01500000
vt 0.60468750 0.01500000
vt 0.60625000 0.01500000
vt 0.60781250 0.01500000
vt 0.60937500 0.01500000
vt 0.61093750 0.01500000
vt 0.61250000 0.01500000
vt 0.51250000 0.06000000
vt 0.51406250 0.06000000
vt 0.51562500 0.06000000
vt 0.51718750 0.06000000
vt 0.51875000 0.06000000
vt 0.52031250 0.06000000
vt 0.52187500 0.06000000
vt 0.52343750 0.06000000
vt 0.52500000 0.06000000
vt 0.52656250 0.06000000
vt 0.52812500 0.06000000
vt 0.52968750 0.06000000
vt 0.53125000 0.06000000
vt 0.53281250 0.06000000
vt 0.53437500 0.06000000
vt 0.53593750 0.06000000
vt 0.53750000 0.06000000
vt 0.53906250 0.06000000
vt 0.54062500 0.06000000
vt 0.54218750 0.06000000
vt 0.54375000 0.06000000
vt 0.54531250 0.06000000
vt 0.54687500 0.06000000
vt 0.54843750 0.06000000
vt 0.55000000 0.06000000
vt 0.55156250 0.06000000
vt 0.55312500 0.06000000
vt 0.55468750 0.06000000
vt 0.55625000 0.06000000
vt 0.55781250 0.06000000
vt 0.55937500 0.06000000
vt 0.56093750 0.06000000
vt 0.56250000 0.06000000
vt 0.56406250 0.06000000
vt 0.56562500 0.06000000
vt 0.56718750 0.06000000
vt 0.56875000 0.06000000
vt 0.57031250 0.06000000
vt 0.57187500 0.06000000
vt 0.57343750 0.06000000
vt 0.57500000 0.06000000
vt 0.57656250 0.06000000
vt 0.57812500 0.06000000
vt 0.57968750 0.06000000
vt 0.58125000 0.06000000
vt 0.58281250 0.06000000
vt 0.58437500 0.06000000
vt 0.58593750 0.06000000
vt 0.58750000 0.06000000
vt 0.58906250 0.06000000
vt 0.59062500 0.06000000
vt 0.59218750 0.06000000
vt 0.59375000 0.06000000
vt 0.59531250 0.06000000
vt 0.59687500 0.06000000
vt 0.59843750 0.06000000
vt 0.60000000 0.06000000
vt 0.60156250 0.06000000
vt 0.60312500 0.06000000
vt 0.60468750 0.06000000
vt 0.60625000 0.06000000
vt 0.60781250 0.06000000
vt 0.60937500 0.06000000
vt 0.61093750 0.06000000
vt 0.61250000 0.06000000
vt 0.51250000 0.10500000
vt 0.51406250 0.10500000
vt 0.51562500 0.10500000
vt 0.51718750 0.10500000
vt 0.51875000 0.10500000
vt 0.52031250 0.10500000
vt 0.52187500 0.10500000
vt 0.52343750 0.10500000
vt 0.52500000 0.10500000
vt 0.52656250 0.10500000
vt 0.52812500 0.10500000
vt 0.52968750 0.10500000
vt 0.53125000 0.10500000
vt 0.53281250 0.10500000
vt 0.53437500 0.10500000
vt 0.53593750 0.10500000
vt 0.53750000 0.10500000
vt 0.53906250 0.10500000
vt 0.54062500 0.10500000
vt 0.54218750 0.10500000
vt 0.54375000 0.10500000
vt 0.54531250 0.10500000
vt 0.54687500 0.10500000
vt 0.54843750 0.10500000
vt 0.55000000 0.10500000
vt 0.55156250 0.10500000
vt 0.55312500 0.10500000
vt 0.55468750 0.10500000
vt 0.55625000 0.10500000
vt 0.55781250 0.10500000
vt 0.55937500 0.10500000
vt 0.56093750 0.10500000
vt 0.56250000 0.10500000
vt 0.56406250 0.10500000
vt 0.56562500 0.10500000
vt 0.56718750 0.10500000
vt 0.56875000 0.10500000
vt 0.57031250 0.10500000
vt 0.57187500 0.10500000
vt 0.57343750 0.10500000
vt 0.57500000 0.10500000
vt 0.57656250 0.10500000
vt 0.57812500 0.10500000
vt 0.57968750 0.10500000
vt 0.58125000 0.10500000
vt 0.58281250 0.10500000
vt 0.58437500 0.10500000
vt 0.58593750 0.10500000
vt 0.58750000 0.10500000
vt 0.58906250 0.10500000
vt 0.59062500 0.10500000
vt 0.59218750 0.10500000
vt 0.59375000 0.10500000
vt 0.59531250 0.10500000
vt 0.59687500 0.10500000
vt 0.59843750 0.10500000
vt 0.60000000 0.10500000
vt 0.60156250 0.10500000
vt 0.60312500 0.10500000
vt 0.60468750 0.10500000
vt 0.60625000 0.10500000
vt 0.60781250 0.10500000
vt 0.60937500 0.10500000
vt 0.61093750 0.10500000
vt 0.61250000 0.10500000
vt 0.51250000 0.15000000
vt 0.51406250 0.15000000
vt 0.51562500 0.15000000
vt 0.51718750 0.15000000
vt 0.51875000 0.15000000
vt 0.52031250 0.15000000
vt 0.52187500 0.15000000
vt 0.52343750 0.15000000
vt 0.52500000 0.15000000
vt 0.52656250 0.15000000
vt 0.52812500 0.15000000
vt 0.52968750 0.15000000
vt 0.53125000 0.15000000
vt 0.53281250 0.15000000
vt 0.53437500 0.15000000
vt 0.53593750 0.15000000
vt 0.53750000 0.15000000
vt 0.53906250 0.15000000
vt 0.54062500 0.15000000
vt 0.54218750 0.15000000
vt 0.54375000 0.15000000
vt 0.54531250 0.15000000
vt 0.54687500 0.15000000
vt 0.54843750 0.15000000
vt 0.55000000 0.15000000
vt 0.55156250 0.15000000
vt 0.55312500 0.15000000
vt 0.55468750 0.15000000
vt 0.55625000 0.15000000
vt 0.55781250 0.15000000
vt 0.55937500 0.15000000
vt 0.56093750 0.15000000
vt 0.56250000 0.15000000
vt 0.56406250 0.15000000
vt 0.56562500 0.15000000
vt 0.56718750 0.15000000
vt 0.56875000 0.15000000
vt 0.57031250 0.15000000
vt 0.57187500 0.15000000
vt 0.57343750 0.15000000
vt 0.57500000 0.15000000
vt 0.57656250 0.15000000
vt 0.57812500 0.15000000
vt 0.57968750 0.15000000
vt 0.58125000 0.15000000
vt 0.58281250 0.15000000
vt 0.58437500 0.15000000
vt 0.58593750 0.15000000
vt 0.58750000 0.15000000
vt 0.58906250 0.15000000
vt 0.59062500 0.15000000
vt 0.59218750 0.15000000
vt 0.59375000 0.15000000
vt 0.59531250 0.15000000
vt 0.59687500 0.15000000
vt 0.59843750 0.15000000
vt 0.60000000 0.15000000
vt 0.60156250 0.15000000
vt 0.60312500 0.15000000
vt 0.60468750 0.15000000
vt 0.60625000 0.15000000
vt 0.60781250 0.15000000
vt 0.60937500 0.15000000
vt 0.61093750 0.15000000
vt 0.61250000 0.15000000
vt 0.51250000 0.19500000
vt 0.51406250 0.19500000
vt 0.51562500 0.19500000
vt 0.51718750 0.19500000
vt 0.51875000 0.19500000
vt 0.52031250 0.19500000
vt 0.52187500 0.19500000
vt 0.52343750 0.19500000
vt 0.52500000 0.19500000
vt 0.52656250 0.19500000
vt 0.52812500 0.19500000
vt 0.52968750 0.19500000
vt 0.53125000 0.19500000
vt 0.53281250 0.19500000
vt 0.53437500 0.19500000
vt 0.53593750 0.19500000
vt 0.53750000 0.19500000
vt 0.53906250 0.19500000
vt 0.54062500 0.19500000
vt 0.54218750 0.19500000
vt 0.54375000 0.19500000
vt 0.54531250 0.19500000
vt 0.54687500 0.19500000
vt 0.54843750 0.19500000
vt 0.55000000 0.19500000
vt 0.55156250 0.19500000
vt 0.55312500 0.19500000
vt 0.55468750 0.19500000
vt 0.55625000 0.19500000
vt 0.55781250 0.19500000
vt 0.55937500 0.19500000
vt 0.56093750 0.19500000
vt 0.56250000 0.19500000
vt 0.56406250 0.19500000
vt 0.56562500 0.19500000
vt 0.56718750 0.19500000
vt 0.56875000 0.19500000
vt 0.57031250 0.19500000
vt 0.57187500 0.19500000
vt 0.57343750 0.19500000
vt 0.57500000 0.19500000
vt 0.57656250 0.19500000
vt 0.57812500 0.19500000
vt 0.57968750 0.19500000
vt 0.58125000 0.19500000
vt 0.58281250 0.19500000
vt 0.58437500 0.19500000
vt 0.58593750 0.19500000
vt 0.58750000 0.19500000
vt 0.58906250 0.19500000
vt 0.59062500 0.19500000
vt 0.59218750 0.19500000
vt 0.59375000 0.19500000
vt 0.59531250 0.19500000
vt 0.59687500 0.19500000
vt 0.59843750 0.19500000
vt 0.60000000 0.19500000
vt 0.60156250 0.19500000
vt 0.60312500 0.19500000
vt 0.60468750 0.19500000
vt 0.60625000 0.19500000
vt 0.60781250 0.19500000
vt 0.60937500 0.19500000
vt 0.61093750 0.19500000
vt 0.61250000 0.19500000
vt 0.56250000 0.10000000
vt 0.56250000 0.10000000
vt 0.51250000 0.01500000
vt 0.51406250 0.01500000
vt 0.51562500 0.01500000
vt 0.51718750 0.01500000
vt 0.51875000 0.01500000
vt 0.52031250 0.01500000
vt 0.52187500 0.01500000
vt 0.52343750 0.01500000
vt 0.52500000 0.01500000
vt 0.52656250 0.01500000
vt 0.52812500 0.01500000
vt 0.52968750 0.01500000
vt 0.53125000 0.01500000
vt 0.53281250 0.01500000
vt 0.53437500 0.01500000
vt 0.53593750 0.01500000
vt 0.53750000 0.01500000
vt 0.53906250 0.01500000
vt 0.54062500 0.01500000
vt 0.54218750 0.01500000
vt 0.54375000 0.01500000
vt 0.54531250 0.01500000
vt 0.54687500 0.01500000
vt 0.54843750 0.01500000
vt 0.55000000 0.01500000
vt 0.55156250 0.01500000
vt 0.55312500 0.01500000
vt 0.55468750 0.01500000
vt 0.55625000 0.01500000
vt 0.55781250 0.01500000
vt 0.55937500 0.01500000
vt 0.56093750 0.01500000
vt 0.56250000 0.01500000
vt 0.56406250 0.01500000
vt 0.56562500 0.01500000
vt 0.56718750 0.01500000
vt 0.56875000 0.01500000
vt 0.57031250 0.01500000
vt 0.57187500 0.01500000
vt 0.57343750 0.01500000
vt 0.57500000 0.01500000
vt 0.57656250 0.01500000
vt 0.57812500 0.01500000
vt 0.57968750 0.01500000
vt 0.58125000 0.01500000
vt 0.58281250 0.01500000
vt 0.58437500 0.01500000
vt 0.58593750 0.01500000
vt 0.58750000 0.01500000
vt 0.58906250 0.01500000
vt 0.59062500 0.01500000
vt 0.59218750 0.01500000
vt 0.59375000 0.01500000
vt 0.59531250 0.01500000
vt 0.59687500 0.01500000
vt 0.59843750 0.01500000
vt 0.60000000 0.01500000
vt 0.60156250 0.01500000
vt 0.60312500 0.01500000
vt 0.60468750 0.01500000
vt 0.60625000 0.01500000
vt 0.60781250 0.01500000
vt 0.60937500 0.01500000
vt 0.61093750 0.01500000
vt 0.61250000 0.01500000
vt 0.51250000 0.06000000
vt 0.51406250 0.06000000
vt 0.51562500 0.06000000
vt 0.51718750 0.06000000
vt 0.51875000 0.06000000
vt 0.52031250 0.06000000
vt 0.52187500 0.06000000
vt 0.52343750 0.06000000
vt 0.52500000 0.06000000
vt 0.52656250 0.06000000
vt 0.52812500 0.06000000
vt 0.52968750 0.06000000
vt 0.53125000 0.06000000
vt 0.53281250 0.06000000
vt 0.53437500 0.06000000
vt 0.53593750 0.06000000
vt 0.53750000 0.06000000
vt 0.53906250 0.06000000
vt 0.54062500 0.06000000
vt 0.54218750 0.06000000
vt 0.54375000 0.06000000
vt 0.54531250 0.06000000
vt 0.54687500 0.06000000
vt 0.54843750 0.06000000
vt 0.55000000 0.06000000
vt 0.55156250 0.06000000
vt 0.55312500 0.06000000
vt 0.55468750 0.06000000
vt 0.55625000 0.06000000
vt 0.55781250 0.06000000
vt 0.55937500 0.06000000
vt 0.56093750 0.06000000
vt 0.56250000 0.06000000
vt 0.56406250 0.06000000
vt 0.56562500 0.06000000
vt 0.56718750 0.06000000
vt 0.56875000 0.06000000
vt 0.57031250 0.06000000
vt 0.57187500 0.06000000
vt 0.57343750 0.06000000
vt 0.57500000 0.06000000
vt 0.57656250 0.06000000
vt 0.57812500 0.06000000
vt 0.57968750 0.06000000
vt 0.58125000 0.06000000
vt 0.58281250 0.06000000
vt 0.58437500 0.06000000
vt 0.58593750 0.06000000
vt 0.58750000 0.06000000
vt 0.58906250 0.06000000
vt 0.59062500 0.06000000
vt 0.59218750 0.06000000
vt 0.59375000 0.06000000
vt 0.59531250 0.06000000
vt 0.59687500 0.06000000
vt 0.59843750 0.06000000
vt 0.60000000 0.06000000
vt 0.60156250 0.06000000
vt 0.60312500 0.06000000
vt 0.60468750 0.06000000
vt 0.60625000 0.06000000
vt 0.60781250 0.06000000
vt 0.60937500 0.06000000
vt 0.61093750 0.06000000
vt 0.61250000 0.06000000
vt 0.51250000 0.10500000
vt 0.51406250 0.10500000
vt 0.51562500 0.10500000
vt 0.51718750 0.10500000
vt 0.51875000 0.10500000
vt 0.52031250 0.10500000
vt 0.52187500 0.10500000
vt 0.52343750 0.10500000
vt 0.52500000 0.10500000
vt 0.52656250 0.10500000
vt 0.52812500 0.10500000
vt 0.52968750 0.10500000
vt 0.53125000 0.10500000
vt 0.53281250 0.10500000
vt 0.53437500 0.10500000
vt 0.53593750 0.10500000
vt 0.53750000 0.10500000
vt 0.53906250 0.10500000
vt 0.54062500 0.10500000
vt 0.54218750 0.10500000
vt 0.54375000 0.10500000
vt 0.54531250 0.10500000
vt 0.54687500 0.10500000
vt 0.54843750 0.10500000
vt 0.55000000 0.10500000
vt 0.55156250 0.10500000
vt 0.55312500 0.10500000
vt 0.55468750 0.10500000
vt 0.55625000 0.10500000
vt 0.55781250 0.10500000
vt 0.55937500 0.10500000
vt 0.56093750 0.10500000
vt 0.56250000 0.10500000
vt 0.56406250 0.10500000
vt 0.56562500 0.10500000
vt 0.56718750 0.10500000
vt 0.56875000 0.10500000
vt 0.57031250 0.10500000
vt 0.57187500 0.10500000
vt 0.57343750 0.10500000
vt 0.57500000 0.10500000
vt 0.57656250 0.10500000
vt 0.57812500 0.10500000
vt 0.57968750 0.10500000
vt 0.58125000 0.10500000
vt 0.58281250 0.10500000
vt 0.58437500 0.10500000
vt 0.58593750 0.10500000
vt 0.58750000 0.10500000
vt 0.58906250 0.10500000
vt 0.59062500 0.10500000
vt 0.59218750 0.10500000
vt 0.59375000 0.10500000
vt 0.59531250 0.10500000
vt 0.59687500 0.10500000
vt 0.59843750 0.10500000
vt 0.60000000 0.10500000
vt 0.60156250 0.10500000
vt 0.60312500 0.10500000
vt 0.60468750 0.10500000
vt 0.60625000 0.10500000
vt 0.60781250 0.10500000
vt 0.60937500 0.10500000
vt 0.61093750 0.10500000
vt 0.61250000 0.10500000
vt 0.51250000 0.15000000
vt 0.51406250 0.15000000
vt 0.51562500 0.15000000
vt 0.51718750 0.15000000
vt 0.51875000 0.15000000
vt 0.52031250 0.15000000
vt 0.52187500 0.15000000
vt 0.52343750 0.15000000
vt 0.52500000 0.15000000
vt 0.52656250 0.15000000
vt 0.52812500 0.15000000
vt 0.52968750 0.15000000
vt 0.53125000 0.15000000
vt 0.53281250 0.15000000
vt 0.53437500 0.15000000
vt 0.53593750 0.15000000
vt 0.53750000 0.15000000
vt 0.53906250 0.15000000
vt 0.54062500 0.15000000
vt 0.54218750 0.15000000
vt 0.54375000 0.15000000
vt 0.54531250 0.15000000
vt 0.54687500 0.15000000
vt 0.54843750 0.15000000
vt 0.55000000 0.15000000
vt 0.55156250 0.15000000
vt 0.55312500 0.15000000
vt 0.55468750 0.15000000
vt 0.55625000 0.15000000
vt 0.55781250 0.15000000
vt 0.55937500 0.15000000
vt 0.56093750 0.15000000
vt 0.56250000 0.15000000
vt 0.56406250 0.15000000
vt 0.56562500 0.15000000
vt 0.56718750 0.15000000
vt 0.56875000 0.15000000
vt 0.57031250 0.15000000
vt 0.57187500 0.15000000
vt 0.57343750 0.15000000
vt 0.57500000 0.15000000
vt 0.57656250 0.15000000
vt 0.57812500 0.15000000
vt 0.57968750 0.15000000
vt 0.58125000 0.15000000
vt 0.58281250 0.15000000
vt 0.58437500 0.15000000
vt 0.58593750 0.15000000
vt 0.58750000 0.15000000
vt 0.58906250 0.15000000
vt 0.59062500 0.15000000
vt 0.59218750 0.15000000
vt 0.59375000 0.15000000
vt 0.59531250 0.15000000
vt 0.59687500 0.15000000
vt 0.59843750 0.15000000
vt 0.60000000 0.15000000
vt 0.60156250 0.15000000
vt 0.60312500 0.15000000
vt 0.60468750 0.15000000
vt 0.60625000 0.15000000
vt 0.60781250 0.15000000
vt 0.60937500 0.15000000
vt 0.61093750 0.15000000
vt 0.61250000 0.15000000
vt 0.51250000 0.19500000
vt 0.51406250 0.19500000
vt 0.51562500 0.19500000
vt 0.51718750 0.19500000
vt 0.51875000 0.19500000
vt 0.52031250 0.19500000
vt 0.52187500 0.19500000
vt 0.52343750 0.19500000
vt 0.52500000 0.19500000
vt 0.52656250 0.19500000
vt 0.52812500 0.19500000
vt 0.52968750 0.19500000
vt 0.53125000 0.19500000
vt 0.53281250 0.19500000
vt 0.53437500 0.19500000
vt 0.53593750 0.19500000
vt 0.53750000 0.19500000
vt 0.53906250 0.19500000
vt 0.54062500 0.19500000
vt 0.54218750 0.19500000
vt 0.54375000 0.19500000
vt 0.54531250 0.19500000
vt 0.54687500 0.19500000
vt 0.54843750 0.19500000
vt 0.55000000 0.19500000
vt 0.55156250 0.19500000
vt 0.55312500 0.19500000
vt 0.55468750 0.19500000
vt 0.55625000 0.19500000
vt 0.55781250 0.19500000
vt 0.55937500 0.19500000
vt 0.56093750 0.19500000
vt 0.56250000 0.19500000
vt 0.56406250 0.19500000
vt 0.56562500 0.19500000
vt 0.56718750 0.19500000
vt 0.56875000 0.19500000
vt 0.57031250 0.19500000
vt 0.57187500 0.19500000
vt 0.57343750 0.19500000
vt 0.57500000 0.19500000
vt 0.57656250 0.19500000
vt 0.57812500 0.19500000
vt 0.57968750 0.19500000
vt 0.58125000 0.19500000
vt 0.58281250 0.19500000
vt 0.58437500 0.19500000
vt 0.58593750 0.19500000
vt 0.58750000 0.19500000
vt 0.58906250 0.19500000
vt 0.59062500 0.19500000
vt 0.59218750 0.19500000
vt 0.59375000 0.19500000
vt 0.59531250 0.19500000
vt 0.59687500 0.19500000
vt 0.59843750 0.19500000
vt 0.60000000 0.19500000
vt 0.60156250 0.19500000
vt 0.60312500 0.19500000
vt 0.60468750 0.19500000
vt 0.60625000 0.19500000
vt 0.60781250 0.19500000
vt 0.60937500 0.19500000
vt 0.61093750 0.19500000
vt 0.61250000 0.19500000
vt 0.56250000 0.10000000
vt 0.56250000 0.10000000
vt 0.56250000 0.10000000
vt 0.56250000 0.10000000
vt 0.56250000 0.10000000
vt 0.56250000 0.10000000
vt 0.56250000 0.10000000
vt 0.56250000 0.10000000
vt 0.56250000 0.10000000
vt 0.56250000 0.10000000
vt 0.56250000 0.10000000
vt 0.56250000 0.10000000
vt 0.56250000 0.10000000
vt 0.56250000 0.10000000
vt 0.56250000 0.10000000
vt 0.56250000 0.10000000
vt 0.56250000 0.10000000
vt 0.56250000 0.10000000
vt 0.56250000 0.10000000
vt 0.56250000 0.10000000
vt 0.56250000 0.10000000
vt 0.56250000 0.10000000
vt 0.56250000 0.10000000
vt 0.56250000 0.10000000
vt 0.56250000 0.10000000
vt 0.56250000 0.10000000
vt 0.56250000 0.10000000
vt 0.56250000 0.10000000
vt 0.56250000 0.10000000
vt 0.56250000 0.10000000
vt 0.56250000 0.10000000
vt 0.56250000 0.10000000
vt 0.56250000 0.10000000
vt 0.56250000 0.10000000
vt 0.56250000 0.10000000
vt 0.56250000 0.10000000
vt 0.56250000 0.10000000
vt 0.56250000 0.10000000
vt 0.56250000 0.10000000
vt 0.56250000 0.10000000
vt 0.56250000 0.10000000
vt 0.56250000 0.10000000
vt 0.56250000 0.10000000
vt 0.56250000 0.10000000
vt 0.56250000 0.10000000
vt 0.56250000 0.10000000
vt 0.56250000 0.10000000
vt 0.56250000 0.10000000
vt 0.56250000 0.10000000
vt 0.56250000 0.10000000
vt 0.56250000 0.10000000
vt 0.56250000 0.10000000
vt 0.56250000 0.10000000
vt 0.56250000 0.10000000
vt 0.56250000 0.10000000
vt 0.56250000 0.10000000
vt 0.56250000 0.10000000
vt 0.56250000 0.10000000
vt 0.56250000 0.10000000
vt 0.56250000 0.10000000
vt 0.56250000 0.10000000
vt 0.56250000 0.10000000
vt 0.56250000 0.10000000
vt 0.56250000 0.10000000
vt 0.56250000 0.10000000
vt 0.56250000 0.10000000
vt 0.56250000 0.10000000
vt 0.56250000 0.10000000
vt 0.56250000 0.10000000
vt 0.56250000 0.10000000
vt 0.56250000 0.10000000
vt 0.56250000 0.10000000
vt 0.56250000 0.10000000
vt 0.56250000 0.10000000
vt 0.56250000 0.10000000
vt 0.56250000 0.10000000
vt 0.56250000 0.10000000
vt 0.56250000 0.10000000
vt 0.56250000 0.10000000
vt 0.56250000 0.10000000
vt 0.56250000 0.10000000
vt 0.56250000 0.10000000
vt 0.56250000 0.10000000
vt 0.56250000 0.10000000
vt 0.56250000 0.10000000
vt 0.56250000 0.10000000
vt 0.56250000 0.10000000
vt 0.56250000 0.10000000
vt 0.56250000 0.10000000
vt 0.56250000 0.10000000
vt 0.56250000 0.10000000
vt 0.56250000 0.10000000
vt 0.56250000 0.10000000
vt 0.56250000 0.10000000
vt 0.56250000 0.10000000
vt 0.56250000 0.10000000
vt 0.56250000 0.10000000
vt 0.56250000 0.10000000
vt 0.56250000 0.10000000
vt 0.56250000 0.10000000
vt 0.56250000 0.10000000
vt 0.56250000 0.10000000
vt 0.56250000 0.10000000
vt 0.56250000 0.10000000
vt 0.56250000 0.10000000
vt 0.56250000 0.10000000
vt 0.56250000 0.10000000
vt 0.56250000 0.10000000
vt 0.56250000 0.10000000
vt 0.56250000 0.10000000
vt 0.56250000 0.10000000
vt 0.56250000 0.10000000
vt 0.56250000 0.10000000
vt 0.56250000 0.10000000
vt 0.56250000 0.10000000
vt 0.56250000 0.10000000
vt 0.56250000 0.10000000
vt 0.56250000 0.10000000
vt 0.56250000 0.10000000
vt 0.56250000 0.10000000
vt 0.56250000 0.10000000
vt 0.56250000 0.10000000
vt 0.56250000 0.10000000
vt 0.56250000 0.10000000
vt 0.56250000 0.10000000
vt 0.56250000 0.10000000
vt 0.56250000 0.10000000
vt 0.56250000 0.10000000
vt 0.56250000 0.10000000
vt 0.56250000 0.10000000
vt 0.56250000 0.10000000
vt 0.56250000 0.10000000
vt 0.56250000 0.10000000
vt 0.56250000 0.10000000
vt 0.56250000 0.10000000
vt 0.56250000 0.10000000
vt 0.56250000 0.10000000
vt 0.56250000 0.10000000
vt 0.56250000 0.10000000
vt 0.56250000 0.10000000
vt 0.56250000 0.10000000
vt 0.56250000 0.10000000
vt 0.56250000 0.10000000
vt 0.56250000 0.10000000
vt 0.56250000 0.10000000
vt 0.56250000 0.10000000
vt 0.56250000 0.10000000
vt 0.56250000 0.10000000
vt 0.56250000 0.10000000
vt 0.56250000 0.10000000
vt 0.56250000 0.10000000
vt 0.56250000 0.10000000
vt 0.56250000 0.10000000
vt 0.56250000 0.10000000
vt 0.56250000 0.10000000
vt 0.56250000 0.10000000
vt 0.56250000 0.10000000
vt 0.56250000 0.10000000
vt 0.56250000 0.10000000
vt 0.56250000 0.10000000
vt 0.56250000 0.10000000
vt 0.56250000 0.10000000
vt 0.56250000 0.10000000
vt 0.56250000 0.10000000
vt 0.56250000 0.10000000
vt 0.56250000 0.10000000
vt 0.56250000 0.10000000
vt 0.56250000 0.10000000
vt 0.56250000 0.10000000
vt 0.56250000 0.10000000
vt 0.56250000 0.10000000
vt 0.56250000 0.10000000
vt 0.56250000 0.10000000
vt 0.56250000 0.10000000
vt 0.56250000 0.10000000
vt 0.56250000 0.10000000
vt 0.56250000 0.10000000
vt 0.56250000 0.10000000
vt 0.56250000 0.10000000
vt 0.56250000 0.10000000
vt 0.56250000 0.10000000
vt 0.56250000 0.10000000
vt 0.56250000 0.10000000
vt 0.56250000 0.10000000
vt 0.56250000 0.10000000
vt 0.56250000 0.10000000
vt 0.56250000 0.10000000
vt 0.56250000 0.10000000
vt 0.56250000 0.10000000
vt 0.56250000 0.10000000
vt 0.56250000 0.10000000
vt 0.56250000 0.10000000
vt 0.56250000 0.10000000
vt 0.56250000 0.10000000
vt 0.56250000 0.10000000
vt 0.56250000 0.10000000
vt 0.56250000 0.10000000
vt 0.56250000 0.10000000
vt 0.56250000 0.10000000
vt 0.56250000 0.10000000
vt 0.56250000 0.10000000
vt 0.56250000 0.10000000
vt 0.56250000 0.10000000
vt 0.56250000 0.10000000
vt 0.56250000 0.10000000
vt 0.56250000 0.10000000
vt 0.56250000 0.10000000
vt 0.56250000 0.10000000
vt 0.56250000 0.10000000
vt 0.56250000 0.10000000
vt 0.56250000 0.10000000
vt 0.56250000 0.10000000
vt 0.56250000 0.10000000
vt 0.56250000 0.10000000
vt 0.56250000 0.10000000
vt 0.56250000 0.10000000
vt 0.56250000 0.10000000
vt 0.56250000 0.10000000
vt 0.56250000 0.10000000
vt 0.56250000 0.10000000
vt 0.56250000 0.10000000
vt 0.56250000 0.10000000
vt 0.56250000 0.10000000
vt 0.56250000 0.10000000
vt 0.56250000 0.10000000
vt 0.56250000 0.10000000
vt 0.56250000 0.10000000
vt 0.56250000 0.10000000
vt 0.56250000 0.10000000
vt 0.56250000 0.10000000
vt 0.56250000 0.10000000
vt 0.56250000 0.10000000
vt 0.56250000 0.10000000
vt 0.56250000 0.10000000
vt 0.56250000 0.10000000
vt 0.56250000 0.10000000
vt 0.56250000 0.10000000
vt 0.56250000 0.10000000
vt 0.56250000 0.10000000
vt 0.56250000 0.10000000
vt 0.56250000 0.10000000
vt 0.56250000 0.10000000
vt 0.56250000 0.10000000
vt 0.56250000 0.10000000
vt 0.56250000 0.10000000
vt 0.56250000 0.10000000
vt 0.56250000 0.10000000
vt 0.56250000 0.10000000
vt 0.56250000 0.10000000
vt 0.56250000 0.10000000
vt 0.56250000 0.10000000
vt 0.56250000 0.10000000
vt 0.56250000 0.10000000
vt 0.56250000 0.10000000
vt 0.56250000 0.10000000
vt 0.56250000 0.10000000
vt 0.56250000 0.10000000
vt 0.56250000 0.10000000
vt 0.56250000 0.10000000
vt 0.56250000 0.10000000
vt 0.56250000 0.10000000
vt 0.56250000 0.10000000
vt 0.56250000 0.10000000
vt 0.56250000 0.10000000
vt 0.56250000 0.10000000
vt 0.56250000 0.10000000
vt 0.56250000 0.10000000
vt 0.56250000 0.10000000
vt 0.56250000 0.10000000
vt 0.56250000 0.10000000
vt 0.56250000 0.10000000
vt 0.56250000 0.10000000
vt 0.56250000 0.10000000
vt 0.56250000 0.10000000
vt 0.56250000 0.10000000
vt 0.56250000 0.10000000
vt 0.56250000 0.10000000
vt 0.56250000 0.10000000
vt 0.56250000 0.10000000
vt 0.56250000 0.10000000
vt 0.56250000 0.10000000
vt 0.56250000 0.10000000
vt 0.56250000 0.10000000
vt 0.56250000 0.10000000
vt 0.56250000 0.10000000
vt 0.56250000 0.10000000
vt 0.56250000 0.10000000
vt 0.56250000 0.10000000
vt 0.56250000 0.10000000
vt 0.56250000 0.10000000
vt 0.56250000 0.10000000
vt 0.56250000 0.10000000
vt 0.56250000 0.10000000
vt 0.56250000 0.10000000
vt 0.56250000 0.10000000
vt 0.56250000 0.10000000
vt 0.56250000 0.10000000
vt 0.56250000 0.10000000
vt 0.56250000 0.10000000
vt 0.56250000 0.10000000
vt 0.56250000 0.10000000
vt 0.56250000 0.10000000
vt 0.56250000 0.10000000
vt 0.56250000 0.10000000
vt 0.56250000 0.10000000
vt 0.56250000 0.10000000
vt 0.56250000 0.10000000
vt 0.56250000 0.10000000
vt 0.56250000 0.10000000
vt 0.56250000 0.10000000
vt 0.56250000 0.10000000
vt 0.56250000 0.10000000
vt 0.56250000 0.10000000
vt 0.56250000 0.10000000
vt 0.56250000 0.10000000
vt 0.56250000 0.10000000
vt 0.56250000 0.10000000
vt 0.56250000 0.10000000
vt 0.56250000 0.10000000
vt 0.56250000 0.10000000
vt 0.56250000 0.10000000
vt 0.56250000 0.10000000
vt 0.56250000 0.10000000
vt 0.56250000 0.10000000
vt 0.56250000 0.10000000
vt 0.56250000 0.10000000
vt 0.56250000 0.10000000
vt 0.56250000 0.10000000
vt 0.56250000 0.10000000
vt 0.56250000 0.10000000
vt 0.56250000 0.10000000
vt 0.56250000 0.10000000
vt 0.56250000 0.10000000
vt 0.56250000 0.10000000
vt 0.56250000 0.10000000
vt 0.56250000 0.10000000
vt 0.56250000 0.10000000
vt 0.56250000 0.10000000
vt 0.56250000 0.10000000
vt 0.56250000 0.10000000
vt 0.56250000 0.10000000
vt 0.56250000 0.10000000
vt 0.56250000 0.10000000
vt 0.56250000 0.10000000
vt 0.56250000 0.10000000
vt 0.56250000 0.10000000
vt 0.56250000 0.10000000
vt 0.56250000 0.10000000
vt 0.56250000 0.10000000
vt 0.56250000 0.10000000
vt 0.56250000 0.10000000
vt 0.56250000 0.10000000
vt 0.56250000 0.10000000
vt 0.56250000 0.10000000
vt 0.56250000 0.10000000
vt 0.56250000 0.10000000
vt 0.56250000 0.10000000
vt 0.56250000 0.10000000
vt 0.56250000 0.10000000
vt 0.56250000 0.10000000
vt 0.56250000 0.10000000
vt 0.56250000 0.10000000
vt 0.56250000 0.10000000
vt 0.56250000 0.10000000
vt 0.56250000 0.10000000
vt 0.56250000 0.10000000
vt 0.56250000 0.10000000
vt 0.56250000 0.10000000
vt 0.56250000 0.10000000
vt 0.56250000 0.10000000
vt 0.56250000 0.10000000
vt 0.56250000 0.10000000
vt 0.56250000 0.10000000
vt 0.56250000 0.10000000
vt 0.56250000 0.10000000
vt 0.56250000 0.10000000
vt 0.56250000 0.10000000
vt 0.56250000 0.10000000
vt 0.56250000 0.10000000
vt 0.56250000 0.10000000
vt 0.56250000 0.10000000
vt 0.56250000 0.10000000
vt 0.56250000 0.10000000
vt 0.56250000 0.10000000
vt 0.56250000 0.10000000
vt 0.56250000 0.10000000
vt 0.56250000 0.10000000
vt 0.56250000 0.10000000
vt 0.56250000 0.10000000
vt 0.56250000 0.10000000
vt 0.56250000 0.10000000
vt 0.56250000 0.10000000
vt 0.56250000 0.10000000
vt 0.56250000 0.10000000
vt 0.56250000 0.10000000
vt 0.56250000 0.10000000
vt 0.56250000 0.10000000
vt 0.56250000 0.10000000
vt 0.56250000 0.10000000
vt 0.56250000 0.10000000
vt 0.56250000 0.10000000
vt 0.56250000 0.10000000
vt 0.56250000 0.10000000
vt 0.56250000 0.10000000
vt 0.56250000 0.10000000
vt 0.56250000 0.10000000
vt 0.56250000 0.10000000
vt 0.56250000 0.10000000
vt 0.56250000 0.10000000
vt 0.56250000 0.10000000
vt 0.56250000 0.10000000
vt 0.56250000 0.10000000
vt 0.56250000 0.10000000
vt 0.56250000 0.10000000
vt 0.56250000 0.10000000
vt 0.56250000 0.10000000
vt 0.56250000 0.10000000
vt 0.56250000 0.10000000
vt 0.56250000 0.10000000
vt 0.56250000 0.10000000
vt 0.56250000 0.10000000
vt 0.56250000 0.10000000
vt 0.56250000 0.10000000
vt 0.56250000 0.10000000
vt 0.56250000 0.10000000
vt 0.56250000 0.10000000
vt 0.56250000 0.10000000
vt 0.56250000 0.10000000
vt 0.56250000 0.10000000
vt 0.56250000 0.10000000
vt 0.56250000 0.10000000
vt 0.56250000 0.10000000
vt 0.56250000 0.10000000
vt 0.56250000 0.10000000
vt 0.56250000 0.10000000
vt 0.56250000 0.10000000
vt 0.56250000 0.10000000
vt 0.56250000 0.10000000
vt 0.56250000 0.10000000
vt 0.56250000 0.10000000
vt 0.56250000 0.10000000
vt 0.56250000 0.10000000
vt 0.56250000 0.10000000
vt 0.56250000 0.10000000
vt 0.56250000 0.10000000
vt 0.56250000 0.10000000
vt 0.56250000 0.10000000
vt 0.56250000 0.10000000
vt 0.56250000 0.10000000
vt 0.56250000 0.10000000
vt 0.56250000 0.10000000
vt 0.56250000 0.10000000
vt 0.56250000 0.10000000
vt 0.56250000 0.10000000
vt 0.56250000 0.10000000
vt 0.56250000 0.10000000
vt 0.56250000 0.10000000
vt 0.56250000 0.10000000
vt 0.56250000 0.10000000
vt 0.56250000 0.10000000
vt 0.56250000 0.10000000
vt 0.56250000 0.10000000
vt 0.56250000 0.10000000
vt 0.56250000 0.10000000
vt 0.56250000 0.10000000
vt 0.56250000 0.10000000
vt 0.56250000 0.10000000
vt 0.56250000 0.10000000
vt 0.56250000 0.10000000
vt 0.56250000 0.10000000
vt 0.56250000 0.10000000
vt 0.56250000 0.10000000
vt 0.56250000 0.10000000
vt 0.56250000 0.10000000
vt 0.56250000 0.10000000
vt 0.56250000 0.10000000
vt 0.56250000 0.10000000
vt 0.56250000 0.10000000
vt 0.56250000 0.10000000
vt 0.56250000 0.10000000
vt 0.56250000 0.10000000
vt 0.56250000 0.10000000
vt 0.56250000 0.10000000
vt 0.56250000 0.10000000
vt 0.56250000 0.10000000
vt 0.56250000 0.10000000
vt 0.56250000 0.10000000
vt 0.56250000 0.10000000
vt 0.56250000 0.10000000
vt 0.56250000 0.10000000
vt 0.56250000 0.10000000
vt 0.56250000 0.10000000
vt 0.56250000 0.10000000
vt 0.56250000 0.10000000
vt 0.56250000 0.10000000
vt 0.56250000 0.10000000
vt 0.56250000 0.10000000
vt 0.56250000 0.10000000
vt 0.56250000 0.10000000
vt 0.56250000 0.10000000
vt 0.56250000 0.10000000
vt 0.56250000 0.10000000
vt 0.56250000 0.10000000
vt 0.56250000 0.10000000
vt 0.56250000 0.10000000
vt 0.56250000 0.10000000
vt 0.56250000 0.10000000
vt 0.56250000 0.10000000
vt 0.56250000 0.10000000
vt 0.56250000 0.10000000
vt 0.56250000 0.10000000
vt 0.56250000 0.10000000
vt 0.56250000 0.10000000
vt 0.56250000 0.10000000
vt 0.56250000 0.10000000
vt 0.56250000 0.10000000
vt 0.56250000 0.10000000
vt 0.56250000 0.10000000
vt 0.56250000 0.10000000
vt 0.56250000 0.10000000
vt 0.56250000 0.10000000
vt 0.56250000 0.10000000
vt 0.56250000 0.10000000
vt 0.56250000 0.10000000
vt 0.56250000 0.10000000
vt 0.56250000 0.10000000
vt 0.56250000 0.10000000
vt 0.56250000 0.10000000
vt 0.56250000 0.10000000
vt 0.56250000 0.10000000
vt 0.56250000 0.10000000
vt 0.56250000 0.10000000
vt 0.56250000 0.10000000
vt 0.56250000 0.10000000
vt 0.56250000 0.10000000
vt 0.56250000 0.10000000
vt 0.56250000 0.10000000
vt 0.56250000 0.10000000
vt 0.56250000 0.10000000
vt 0.56250000 0.10000000
vt 0.56250000 0.10000000
vt 0.56250000 0.10000000
vt 0.56250000 0.10000000
vt 0.56250000 0.10000000
vt 0.56250000 0.10000000
vt 0.56250000 0.10000000
vt 0.56250000 0.10000000
vt 0.56250000 0.10000000
vt 0.56250000 0.10000000
vt 0.56250000 0.10000000
vt 0.56250000 0.10000000
vt 0.56250000 0.10000000
vt 0.56250000 0.10000000
vt 0.56250000 0.10000000
vt 0.56250000 0.10000000
vt 0.56250000 0.10000000
vt 0.56250000 0.10000000
vt 0.56250000 0.10000000
vt 0.56250000 0.10000000
vt 0.56250000 0.10000000
vt 0.56250000 0.10000000
vt 0.56250000 0.10000000
vt 0.56250000 0.10000000
vt 0.56250000 0.10000000
vt 0.56250000 0.10000000
vt 0.56250000 0.10000000
vt 0.56250000 0.10000000
vt 0.56250000 0.10000000
vt 0.56250000 0.10000000
vt 0.56250000 0.10000000
vt 0.56250000 0.10000000
vt 0.56250000 0.10000000
vt 0.56250000 0.10000000
vt 0.56250000 0.10000000
vt 0.56250000 0.10000000
vt 0.56250000 0.10000000
vt 0.56250000 0.10000000
vt 0.56250000 0.10000000
vt 0.56250000 0.10000000
vt 0.56250000 0.10000000
vt 0.56250000 0.10000000
vt 0.56250000 0.10000000
vt 0.56250000 0.10000000
vt 0.56250000 0.10000000
vt 0.56250000 0.10000000
vt 0.56250000 0.10000000
vt 0.56250000 0.10000000
vt 0.56250000 0.10000000
vt 0.56250000 0.10000000
vt 0.56250000 0.10000000
vt 0.56250000 0.10000000
vt 0.56250000 0.10000000
vt 0.56250000 0.10000000
vt 0.56250000 0.10000000
vt 0.56250000 0.10000000
vt 0.56250000 0.10000000
vt 0.56250000 0.10000000
vt 0.56250000 0.10000000
vt 0.56250000 0.10000000
vt 0.56250000 0.10000000
vt 0.56250000 0.10000000
vt 0.56250000 0.10000000
vt 0.56250000 0.10000000
vt 0.56250000 0.10000000
vt 0.56250000 0.10000000
vt 0.56250000 0.10000000
vt 0.56250000 0.10000000
vt 0.56250000 0.10000000
vt 0.56250000 0.10000000
vt 0.56250000 0.10000000
vt 0.56250000 0.10000000
vt 0.56250000 0.10000000
vt 0.56250000 0.10000000
vt 0.56250000 0.10000000
vt 0.56250000 0.10000000
vt 0.56250000 0.10000000
vt 0.56250000 0.10000000
vt 0.56250000 0.10000000
vt 0.56250000 0.10000000
vt 0.56250000 0.10000000
vt 0.56250000 0.10000000
vt 0.56250000 0.10000000
vt 0.56250000 0.10000000
vt 0.56250000 0.10000000
vt 0.56250000 0.10000000
vt 0.56250000 0.10000000
vt 0.56250000 0.10000000
vt 0.56250000 0.10000000
vt 0.56250000 0.10000000
vt 0.56250000 0.10000000
vt 0.56250000 0.10000000
vt 0.56250000 0.10000000
vt 0.56250000 0.10000000
vt 0.56250000 0.10000000
vt 0.56250000 0.10000000
vt 0.56250000 0.10000000
vt 0.56250000 0.10000000
vt 0.56250000 0.10000000
vt 0.56250000 0.10000000
vt 0.56250000 0.10000000
vt 0.56250000 0.10000000
vt 0.56250000 0.10000000
vt 0.56250000 0.10000000
vt 0.56250000 0.10000000
vt 0.56250000 0.10000000
vt 0.56250000 0.10000000
vt 0.56250000 0.10000000
vt 0.56250000 0.10000000
vt 0.56250000 0.10000000
vt 0.56250000 0.10000000
vt 0.56250000 0.10000000
vt 0.56250000 0.10000000
vt 0.56250000 0.10000000
vt 0.56250000 0.10000000
vt 0.56250000 0.10000000
vt 0.56250000 0.10000000
vt 0.56250000 0.10000000
vt 0.56250000 0.10000000
vt 0.56250000 0.10000000
vt 0.56250000 0.10000000
vt 0.56250000 0.10000000
vt 0.56250000 0.10000000
vt 0.56250000 0.10000000
vt 0.56250000 0.10000000
vt 0.56250000 0.10000000
vt 0.56250000 0.10000000
vt 0.56250000 0.10000000
vt 0.56250000 0.10000000
vt 0.56250000 0.10000000
vt 0.56250000 0.10000000
vt 0.56250000 0.10000000
vt 0.56250000 0.10000000
vt 0.56250000 0.10000000
vt 0.56250000 0.10000000
vt 0.56250000 0.10000000
vt 0.56250000 0.10000000
vt 0.56250000 0.10000000
vt 0.56250000 0.10000000
vt 0.56250000 0.10000000
vt 0.56250000 0.10000000
vt 0.56250000 0.10000000
vt 0.56250000 0.10000000
vt 0.56250000 0.10000000
vt 0.56250000 0.10000000
vt 0.56250000 0.10000000
vt 0.56250000 0.10000000
vt 0.56250000 0.10000000
vt 0.56250000 0.10000000
vt 0.56250000 0.10000000
vt 0.56250000 0.10000000
vt 0.56250000 0.10000000
vt 0.56250000 0.10000000
vt 0.56250000 0.10000000
vt 0.56250000 0.10000000
vt 0.56250000 0.10000000
vt 0.56250000 0.10000000
vt 0.56250000 0.10000000
vt 0.56250000 0.10000000
vt 0.56250000 0.10000000
vt 0.56250000 0.10000000
vt 0.56250000 0.10000000
vt 0.56250000 0.10000000
vt 0.56250000 0.10000000
vt 0.56250000 0.10000000
vt 0.56250000 0.10000000
vt 0.56250000 0.10000000
vt 0.56250000 0.10000000
vt 0.56250000 0.10000000
vt 0.56250000 0.10000000
vt 0.56250000 0.10000000
vt 0.56250000 0.10000000
vt 0.56250000 0.10000000
vt 0.56250000 0.10000000
vt 0.56250000 0.10000000
f 1/1 2/2 67/67
f 1/1 67/67 66/66
f 2/2 3/3 68/68
f 2/2 68/68 67/67
f 3/3 4/4 69/69
f 3/3 69/69 68/68
f 4/4 5/5 70/70
f 4/4 70/70 69/69
f 5/5 6/6 71/71
f 5/5 71/71 70/70
f 6/6 7/7 72/72
f 6/6 72/72 71/71
f 7/7 8/8 73/73
f 7/7 73/73 72/72
f 8/8 9/9 74/74
f 8/8 74/74 73/73
f 9/9 10/10 75/75
f 9/9 75/75 74/74
f 10/10 11/11 76/76
f 10/10 76/76 75/75
f 11/11 12/12 77/77
f 11/11 77/77 76/76
f 12/12 13/13 78/78
f 12/12 78/78 77/77
f 13/13 14/14 79/79
f 13/13 79/79 78/78
f 14/14 15/15 80/80
f 14/14 80/80 79/79
f 15/15 16/16 81/81
f 15/15 81/81 80/80
f 16/16 17/17 82/82
f 16/16 82/82 81/81
f 17/17 18/18 83/83
f 17/17 83/83 82/82
f 18/18 19/19 84/84
f 18/18 84/84 83/83
f 19/19 20/20 85/85
f 19/19 85/85 84/84
f 20/20 21/21 86/86
f 20/20 86/86 85/85
f 21/21 22/22 87/87
f 21/21 87/87 86/86
f 22/22 23/23 88/88
f 22/22 88/88 87/87
f 23/23 24/24 89/89
f 23/23 89/89 88/88
f 24/24 25/25 90/90
f 24/24 90/90 89/89
f 25/25 26/26 91/91
f 25/25 91/91 90/90
f 26/26 27/27 92/92
f 26/26 92/92 91/91
f 27/27 28/28 93/93
f 27/27 93/93 92/92
f 28/28 29/29 94/94
f 28/28 94/94 93/93
f 29/29 30/30 95/95
f 29/29 95/95 94/94
f 30/30 31/31 96/96
f 30/30 96/96 95/95
f 31/31 32/32 97/97
f 31/31 97/97 96/96
f 32/32 33/33 98/98
f 32/32 98/98 97/97
f 33/33 34/34 99/99
f 33/33 99/99 98/98
f 34/34 35/35 100/100
f 34/34 100/100 99/99
f 35/35 36/36 101/101
f 35/35 101/101 100/100
f 36/36 37/37 102/102
f 36/36 102/102 101/101
f 37/37 38/38 103/103
f 37/37 103/103 102/102
f 38/38 39/39 104/104
f 38/38 104/104 103/103
f 39/39 40/40 105/105
f 39/39 105/105 104/104
f 40/40 41/41 106/106
f 40/40 106/106 105/105
f 41/41 42/42 107/107
f 41/41 107/107 106/106
f 42/42 43/43 108/108
f 42/42 108/108 107/107
f 43/43 44/44 109/109
f 43/43 109/109 108/108
f 44/44 45/45 110/110
f 44/44 110/110 109/109
f 45/45 46/46 111/111
f 45/45 111/111 110/110
f 46/46 47/47 112/112
f 46/46 112/112 111/111
f 47/47 48/48 113/113
f 47/47 113/113 112/112
f 48/48 49/49 114/114
f 48/48 114/114 113/113
f 49/49 50/50 115/115
f 49/49 115/115 114/114
f 50/50 51/51 116/116
f 50/50 116/116 115/115
f 51/51 52/52 117/117
f 51/51 117/117 116/116
f 52/52 53/53 118/118
f 52/52 118/118 117/117
f 53/53 54/54 119/119
f 53/53 119/119 118/118
f 54/54 55/55 120/120
f 54/54 120/120 119/119
f 55/55 56/56 121/121
f 55/55 121/121 120/120
f 56/56 57/57 122/122
f 56/56 122/122 121/121
f 57/57 58/58 123/123
f 57/57 123/123 122/122
f 58/58 59/59 124/124
f 58/58 124/124 123/123
f 59/59 60/60 125/125
f 59/59 125/125 124/124
f 60/60 61/61 126/126
f 60/60 126/126 125/125
f 61/61 62/62 127/127
f 61/61 127/127 126/126
f 62/62 63/63 128/128
f 62/62 128/128 127/127
f 63/63 64/64 129/129
f 63/63 129/129 128/128
f 64/64 65/65 130/130
f 64/64 130/130 129/129
f 66/66 67/67 132/132
f 66/66 132/132 131/131
f 67/67 68/68 133/133
f 67/67 133/133 132/132
f 68/68 69/69 134/134
f 68/68 134/134 133/133
f 69/69 70/70 135/135
f 69/69 135/135 134/134
f 70/70 71/71 136/136
f 70/70 136/136 135/135
f 71/71 72/72 137/137
f 71/71 137/137 136/136
f 72/72 73/73 138/138
f 72/72 138/138 137/137
f 73/73 74/74 139/139
f 73/73 139/139 138/138
f 74/74 75/75 140/140
f 74/74 140/140 139/139
f 75/75 76/76 141/141
f 75/75 141/141 140/140
f 76/76 77/77 142/142
f 76/76 142/142 141/141
f 77/77 78/78 143/143
f 77/77 143/143 142/142
f 78/78 79/79 144/144
f 78/78 144/144 143/143
f 79/79 80/80 145/145
f 79/79 145/145 144/144
f 80/80 81/81 146/146
f 80/80 146/146 145/145
f 81/81 82/82 147/147
f 81/81 147/147 146/146
f 82/82 83/83 148/148
f 82/82 148/148 147/147
f 83/83 84/84 149/149
f 83/83 149/149 148/148
f 84/84 85/85 150/150
f 84/84 150/150 149/149
f 85/85 86/86 151/151
f 85/85 151/151 150/150
f 86/86 87/87 152/152
f 86/86 152/152 151/151
f 87/87 88/88 153/153
f 87/87 153/153 152/152
f 88/88 89/89 154/154
f 88/88 154/154 153/153
f 89/89 90/90 155/155
f 89/89 155/155 154/154
f 90/90 91/91 156/156
f 90/90 156/156 155/155
f 91/91 92/92 157/157
f 91/91 157/157 156/156
f 92/92 93/93 158/158
f 92/92 158/158 157/157
f 93/93 94/94 159/159
f 93/93 159/159 158/158
f 94/94 95/95 160/160
f 94/94 160/160 159/159
f 95/95 96/96 161/161
f 95/95 161/161 160/160
f 96/96 97/97 162/162
f 96/96 162/162 161/161
f 97/97 98/98 163/163
f 97/97 163/163 162/162
f 98/98 99/99 164/164
f 98/98 164/164 163/163
f 99/99 100/100 165/165
f 99/99 165/165 164/164
f 100/100 101/101 166/166
f 100/100 166/166 165/165
f 101/101 102/102 167/167
f 101/101 167/167 166/166
f 102/102 103/103 168/168
f 102/102 168/168 167/167
f 103/103 104/104 169/169
f 103/103 169/169 168/168
f 104/104 105/105 170/170
f 104/104 170/170 169/169
f 105/105 106/106 171/171
f 105/105 171/171 170/170
f 106/106 107/107 172/172
f 106/106 172/172 171/171
f 107/107 108/108 173/173
f 107/107 173/173 172/172
f 108/108 109/109 174/174
f 108/108 174/174 173/173
f 109/109 110/110 175/175
f 109/109 175/175 174/174
f 110/110 111/111 176/176
f 110/110 176/176 175/175
f 111/111 112/112 177/177
f 111/111 177/177 176/176
f 112/112 113/113 178/178
f 112/112 178/178 177/177
f 113/113 114/114 179/179
f 113/113 179/179 178/178
f 114/114 115/115 180/180
f 114/114 180/180 179/179
f 115/115 116/116 181/181
f 115/115 181/181 180/180
f 116/116 117/117 182/182
f 116/116 182/182 181/181
f 117/117 118/118 183/183
f 117/117 183/183 182/182
f 118/118 119/119 184/184
f 118/118 184/184 183/183
f 119/119 120/120 185/185
f 119/119 185/185 184/184
f 120/120 121/121 186/186
f 120/120 186/186 185/185
f 121/121 122/122 187/187
f 121/121 187/187 186/186
f 122/122 123/123 188/188
f 122/122 188/188 187/187
f 123/123 124/124 189/189
f 123/123 189/189 188/188
f 124/124 125/125 190/190
f 124/124 190/190 189/189
f 125/125 126/126 191/191
f 125/125 191/191 190/190
f 126/126 127/127 192/192
f 126/126 192/192 191/191
f 127/127 128/128 193/193
f 127/127 193/193 192/192
f 128/128 129/129 194/194
f 128/128 194/194 193/193
f 129/129 130/130 195/195
f 129/129 195/195 194/194
f 131/131 132/132 197/197
f 131/131 197/197 196/196
f 132/132 133/133 198/198
f 132/132 198/198 197/197
f 133/133 134/134 199/199
f 133/133 199/199 198/198
f 134/134 135/135 200/200
f 134/134 200/200 199/199
f 135/135 136/136 201/201
f 135/135 201/201 200/200
f 136/136 137/137 202/202
f 136/136 202/202 201/201
f 137/137 138/138 203/203
f 137/137 203/203 202/202
f 138/138 139/139 204/204
f 138/138 204/204 203/203
f 139/139 140/140 205/205
f 139/139 205/205 204/204
f 140/140 141/141 206/206
f 140/140 206/206 205/205
f 141/141 142/142 207/207
f 141/141 207/207 206/206
f 142/142 143/143 208/208
f 142/142 208/208 207/207
f 143/143 144/144 209/209
f 143/143 209/209 208/208
f 144/144 145/145 210/210
f 144/144 210/210 209/209
f 145/145 146/146 211/211
f 145/145 211/211 210/210
f 146/146 147/147 212/212
f 146/146 212/212 211/211
f 147/147 148/148 213/213
f 147/147 213/213 212/212
f 148/148 149/149 214/214
f 148/148 214/214 213/213
f 149/149 150/150 215/215
f 149/149 215/215 214/214
f 150/150 151/151 216/216
f 150/150 216/216 215/215
f 151/151 152/152 217/217
f 151/151 217/217 216/216
f 152/152 153/153 218/218
f 152/152 218/218 217/217
f 153/153 154/154 219/219
f 153/153 219/219 218/218
f 154/154 155/155 220/220
f 154/154 220/220 219/219
f 155/155 156/156 221/221
f 155/155 221/221 220/220
f 156/156 157/157 222/222
f 156/156 222/222 221/221
f 157/157 158/158 223/223
f 157/157 223/223 222/222
f 158/158 159/159 224/224
f 158/158 224/224 223/223
f 159/159 160/160 225/225
f 159/159 225/225 224/224
f 160/160 161/161 226/226
f 160/160 226/226 225/225
f 161/161 162/162 227/227
f 161/161 227/227 226/226
f 162/162 163/163 228/228
f 162/162 228/228 227/227
f 163/163 164/164 229/229
f 163/163 229/229 228/228
f 164/164 165/165 230/230
f 164/164 230/230 229/229
f 165/165 166/166 231/231
f 165/165 231/231 230/230
f 166/166 167/167 232/232
f 166/166 232/232 231/231
f 167/167 168/168 233/233
f 167/167 233/233 232/232
f 168/168 169/169 234/234
f 168/168 234/234 233/233
f 169/169 170/170 235/235
f 169/169 235/235 234/234
f 170/170 171/171 236/236
f 170/170 236/236 235/235
f 171/171 172/172 237/237
f 171/171 237/237 236/236
f 172/172 173/173 238/238
f 172/172 238/238 237/237
f 173/173 174/174 239/239
f 173/173 239/239 238/238
f 174/174 175/175 240/240
f 174/174 240/240 239/239
f 175/175 176/176 241/241
f 175/175 241/241 240/240
f 176/176 177/177 242/242
f 176/176 242/242 241/241
f 177/177 178/178 243/243
f 177/177 243/243 242/242
f 178/178 179/179 244/244
f 178/178 244/244 243/243
f 179/179 180/180 245/245
f 179/179 245/245 244/244
f 180/180 181/181 246/246
f 180/180 246/246 245/245
f 181/181 182/182 247/247
f 181/181 247/247 246/246
f 182/182 183/183 248/248
f 182/182 248/248 247/247
f 183/183 184/184 249/249
f 183/183 249/249 248/248
f 184/184 185/185 250/250
f 184/184 250/250 249/249
f 185/185 186/186 251/251
f 185/185 251/251 250/250
f 186/186 187/187 252/252
f 186/186 252/252 251/251
f 187/187 188/188 253/253
f 187/187 253/253 252/252
f 188/188 189/189 254/254
f 188/188 254/254 253/253
f 189/189 190/190 255/255
f 189/189 255/255 254/254
f 190/190 191/191 256/256
f 190/190 256/256 255/255
f 191/191 192/192 257/257
f 191/191 257/257 256/256
f 192/192 193/193 258/258
f 192/192 258/258 257/257
f 193/193 194/194 259/259
f 193/193 259/259 258/258
f 194/194 195/195 260/260
f 194/194 260/260 259/259
f 196/196 197/197 262/262
f 196/196 262/262 261/261
f 197/197 198/198 263/263
f 197/197 263/263 262/262
f 198/198 199/199 264/264
f 198/198 264/264 263/263
f 199/199 200/200 265/265
f 199/199 265/265 264/264
f 200/200 201/201 266/266
f 200/200 266/266 265/265
f 201/201 202/202 267/267
f 201/201 267/267 266/266
f 202/202 203/203 268/268
f 202/202 268/268 267/267
f 203/203 204/204 269/269
f 203/203 269/269 268/268
f 204/204 205/205 270/270
f 204/204 270/270 269/269
f 205/205 206/206 271/271
f 205/205 271/271 270/270
f 206/206 207/207 272/272
f 206/206 272/272 271/271
f 207/207 208/208 273/273
f 207/207 273/273 272/272
f 208/208 209/209 274/274
f 208/208 274/274 273/273
f 209/209 210/210 275/275
f 209/209 275/275 274/274
f 210/210 211/211 276/276
f 210/210 276/276 275/275
f 211/211 212/212 277/277
f 211/211 277/277 276/276
f 212/212 213/213 278/278
f 212/212 278/278 277/277
f 213/213 214/214 279/279
f 213/213 279/279 278/278
f 214/214 215/215 280/280
f 214/214 280/280 279/279
f 215/215 216/216 281/281
f 215/215 281/281 280/280
f 216/216 217/217 282/282
f 216/216 282/282 281/281
f 217/217 218/218 283/283
f 217/217 283/283 282/282
f 218/218 219/219 284/284
f 218/218 284/284 283/283
f 219/219 220/220 285/285
f 219/219 285/285 284/284
f 220/220 221/221 286/286
f 220/220 286/286 285/285
f 221/221 222/222 287/287
f 221/221 287/287 286/286
f 222/222 223/223 288/288
f 222/222 288/288 287/287
f 223/223 224/224 289/289
f 223/223 289/289 288/288
f 224/224 225/225 290/290
f 224/224 290/290 289/289
f 225/225 226/226 291/291
f 225/225 291/291 290/290
f 226/226 227/227 292/292
f 226/226 292/292 291/291
f 227/227 228/228 293/293
f 227/227 293/293 292/292
f 228/228 229/229 294/294
f 228/228 294/294 293/293
f 229/229 230/230 295/295
f 229/229 295/295 294/294
f 230/230 231/231 296/296
f 230/230 296/296 295/295
f 231/231 232/232 297/297
f 231/231 297/297 296/296
f 232/232 233/233 298/298
f 232/232 298/298 297/297
f 233/233 234/234 299/299
f 233/233 299/299 298/298
f 234/234 235/235 300/300
f 234/234 300/300 299/299
f 235/235 236/236 301/301
f 235/235 301/301 300/300
f 236/236 237/237 302/302
f 236/236 302/302 301/301
f 237/237 238/238 303/303
f 237/237 303/303 302/302
f 238/238 239/239 304/304
f 238/238 304/304 303/303
f 239/239 240/240 305/305
f 239/239 305/305 304/304
f 240/240 241/241 306/306
f 240/240 306/306 305/305
f 241/241 242/242 307/307
f 241/241 307/307 306/306
f 242/242 243/243 308/308
f 242/242 308/308 307/307
f 243/243 244/244 309/309
f 243/243 309/309 308/308
f 244/244 245/245 310/310
f 244/244 310/310 309/309
f 245/245 246/246 311/311
f 245/245 311/311 310/310
f 246/246 247/247 312/312
f 246/246 312/312 311/311
f 247/247 248/248 313/313
f 247/247 313/313 312/312
f 248/248 249/249 314/314
f 248/248 314/314 313/313
f 249/249 250/250 315/315
f 249/249 315/315 314/314
f 250/250 251/251 316/316
f 250/250 316/316 315/315
f 251/251 252/252 317/317
f 251/251 317/317 316/316
f 252/252 253/253 318/318
f 252/252 318/318 317/317
f 253/253 254/254 319/319
f 253/253 319/319 318/318
f 254/254 255/255 320/320
f 254/254 320/320 319/319
f 255/255 256/256 321/321
f 255/255 321/321 320/320
f 256/256 257/257 322/322
f 256/256 322/322 321/321
f 257/257 258/258 323/323
f 257/257 323/323 322/322
f 258/258 259/259 324/324
f 258/258 324/324 323/323
f 259/259 260/260 325/325
f 259/259 325/325 324/324
f 326/326 2/2 1/1
f 326/326 3/3 2/2
f 326/326 4/4 3/3
f 326/326 5/5 4/4
f 326/326 6/6 5/5
f 326/326 7/7 6/6
f 326/326 8/8 7/7
f 326/326 9/9 8/8
f 326/326 10/10 9/9
f 326/326 11/11 10/10
f 326/326 12/12 11/11
f 326/326 13/13 12/12
f 326/326 14/14 13/13
f 326/326 15/15 14/14
f 326/326 16/16 15/15
f 326/326 17/17 16/16
f 326/326 18/18 17/17
f 326/326 19/19 18/18
f 326/326 20/20 19/19
f 326/326 21/21 20/20
f 326/326 22/22 21/21
f 326/326 23/23 22/22
f 326/326 24/24 23/23
f 326/326 25/25 24/24
f 326/326 26/26 25/25
f 326/326 27/27 26/26
f 326/326 28/28 27/27
f 326/326 29/29 28/28
f 326/326 30/30 29/29
f 326/326 31/31 30/30
f 326/326 32/32 31/31
f 326/326 33/33 32/32
f 326/326 34/34 33/33
f 326/326 35/35 34/34
f 326/326 36/36 35/35
f 326/326 37/37 36/36
f 326/326 38/38 37/37
f 326/326 39/39 38/38
f 326/326 40/40 39/39
f 326/326 41/41 40/40
f 326/326 42/42 41/41
f 326/326 43/43 42/42
f 326/326 44/44 43/43
f 326/326 45/45 44/44
f 326/326 46/46 45/45
f 326/326 47/47 46/46
f 326/326 48/48 47/47
f 326/326 49/49 48/48
f 326/326 50/50 49/49
f 326/326 51/51 50/50
f 326/326 52/52 51/51
f 326/326 53/53 52/52
f 326/326 54/54 53/53
f 326/326 55/55 54/54
f 326/326 56/56 55/55
f 326/326 57/57 56/56
f 326/326 58/58 57/57
f 326/326 59/59 58/58
f 326/326 60/60 59/59
f 326/326 61/61 60/60
f 326/326 62/62 61/61
f 326/326 63/63 62/62
f 326/326 64/64 63/63
f 326/326 65/65 64/64
f 327/327 261/261 262/262
f 327/327 262/262 263/263
f 327/327 263/263 264/264
f 327/327 264/264 265/265
f 327/327 265/265 266/266
f 327/327 266/266 267/267
f 327/327 267/267 268/268
f 327/327 268/268 269/269
f 327/327 269/269 270/270
f 327/327 270/270 271/271
f 327/327 271/271 272/272
f 327/327 272/272 273/273
f 327/327 273/273 274/274
f 327/327 274/274 275/275
f 327/327 275/275 276/276
f 327/327 276/276 277/277
f 327/327 277/277 278/278
f 327/327 278/278 279/279
f 327/327 279/279 280/280
f 327/327 280/280 281/281
f 327/327 281/281 282/282
f 327/327 282/282 283/283
f 327/327 283/283 284/284
f 327/327 284/284 285/285
f 327/327 285/285 286/286
f 327/327 286/286 287/287
f 327/327 287/287 288/288
f 327/327 288/288 289/289
f 327/327 289/289 290/290
f 327/327 290/290 291/291
f 327/327 291/291 292/292
f 327/327 292/292 293/293
f 327/327 293/293 294/294
f 327/327 294/294 295/295
f 327/327 295/295 296/296
f 327/327 296/296 297/297
f 327/327 297/297 298/298
f 327/327 298/298 299/299
f 327/327 299/299 300/300
f 327/327 300/300 301/301
f 327/327 301/301 302/302
f 327/327 302/302 303/303
f 327/327 303/303 304/304
f 327/327 304/304 305/305
f 327/327 305/305 306/306
f 327/327 306/306 307/307
f 327/327 307/307 308/308
f 327/327 308/308 309/309
f 327/327 309/309 310/310
f 327/327 310/310 311/311
f 327/327 311/311 312/312
f 327/327 312/312 313/313
f 327/327 313/313 314/314
f 327/327 314/314 315/315
f 327/327 315/315 316/316
f 327/327 316/316 317/317
f 327/327 317/317 318/318
f 327/327 318/318 319/319
f 327/327 319/319 320/320
f 327/327 320/320 321/321
f 327/327 321/321 322/322
f 327/327 322/322 323/323
f 327/327 323/323 324/324
f 327/327 324/324 325/325
f 328/328 329/329 394/394
f 328/328 394/394 393/393
f 329/329 330/330 395/395
f 329/329 395/395 394/394
f 330/330 331/331 396/396
f 330/330 396/396 395/395
f 331/331 332/332 397/397
f 331/331 397/397 396/396
f 332/332 333/333 398/398
f 332/332 398/398 397/397
f 333/333 334/334 399/399
f 333/333 399/399 398/398
f 334/334 335/335 400/400
f 334/334 400/400 399/399
f 335/335 336/336 401/401
f 335/335 401/401 400/400
f 336/336 337/337 402/402
f 336/336 402/402 401/401
f 337/337 338/338 403/403
f 337/337 403/403 402/402
f 338/338 339/339 404/404
f 338/338 404/404 403/403
f 339/339 340/340 405/405
f 339/339 405/405 404/404
f 340/340 341/341 406/406
f 340/340 406/406 405/405
f 341/341 342/342 407/407
f 341/341 407/407 406/406
f 342/342 343/343 408/408
f 342/342 408/408 407/407
f 343/343 344/344 409/409
f 343/343 409/409 408/408
f 344/344 345/345 410/410
f 344/344 410/410 409/409
f 345/345 346/346 411/411
f 345/345 411/411 410/410
f 346/346 347/347 412/412
f 346/346 412/412 411/411
f 347/347 348/348 413/413
f 347/347 413/413 412/412
f 348/348 349/349 414/414
f 348/348 414/414 413/413
f 349/349 350/350 415/415
f 349/349 415/415 414/414
f 350/350 351/351 416/416
f 350/350 416/416 415/415
f 351/351 352/352 417/417
f 351/351 417/417 416/416
f 352/352 353/353 418/418
f 352/352 418/418 417/417
f 353/353 354/354 419/419
f 353/353 419/419 418/418
f 354/354 355/355 420/420
f 354/354 420/420 419/419
f 355/355 356/356 421/421
f 355/355 421/421 420/420
f 356/356 357/357 422/422
f 356/356 422/422 421/421
f 357/357 358/358 423/423
f 357/357 423/423 422/422
f 358/358 359/359 424/424
f 358/358 424/424 423/423
f 359/359 360/360 425/425
f 359/359 425/425 424/424
f 360/360 361/361 426/426
f 360/360 426/426 425/425
f 361/361 362/362 427/427
f 361/361 427/427 426/426
f 362/362 363/363 428/428
f 362/362 428/428 427/427
f 363/363 364/364 429/429
f 363/363 429/429 428/428
f 364/364 365/365 430/430
f 364/364 430/430 429/429
f 365/365 366/366 431/431
f 365/365 431/431 430/430
f 366/366 367/367 432/432
f 366/366 432/432 431/431
f 367/367 368/368 433/433
f 367/367 433/433 432/432
f 368/368 369/369 434/434
f 368/368 434/434 433/433
f 369/369 370/370 435/435
f 369/369 435/435 434/434
f 370/370 371/371 436/436
f 370/370 436/436 435/435
f 371/371 372/372 437/437
f 371/371 437/437 436/436
f 372/372 373/373 438/438
f 372/372 438/438 437/437
f 373/373 374/374 439/439
f 373/373 439/439 438/438
f 374/374 375/375 440/440
f 374/374 440/440 439/439
f 375/375 376/376 441/441
f 375/375 441/441 440/440
f 376/376 377/377 442/442
f 376/376 442/442 441/441
f 377/377 378/378 443/443
f 377/377 443/443 442/442
f 378/378 379/379 444/444
f 378/378 444/444 443/443
f 379/379 380/380 445/445
f 379/379 445/445 444/444
f 380/380 381/381 446/446
f 380/380 446/446 445/445
f 381/381 382/382 447/447
f 381/381 447/447 446/446
f 382/382 383/383 448/448
f 382/382 448/448 447/447
f 383/383 384/384 449/449
f 383/383 449/449 448/448
f 384/384 385/385 450/450
f 384/384 450/450 449/449
f 385/385 386/386 451/451
f 385/385 451/451 450/450
f 386/386 387/387 452/452
f 386/386 452/452 451/451
f 387/387 388/388 453/453
f 387/387 453/453 452/452
f 388/388 389/389 454/454
f 388/388 454/454 453/453
f 389/389 390/390 455/455
f 389/389 455/455 454/454
f 390/390 391/391 456/456
f 390/390 456/456 455/455
f 391/391 392/392 457/457
f 391/391 457/457 456/456
f 393/393 394/394 459/459
f 393/393 459/459 458/458
f 394/394 395/395 460/460
f 394/394 460/460 459/459
f 395/395 396/396 461/461
f 395/395 461/461 460/460
f 396/396 397/397 462/462
f 396/396 462/462 461/461
f 397/397 398/398 463/463
f 397/397 463/463 462/462
f 398/398 399/399 464/464
f 398/398 464/464 463/463
f 399/399 400/400 465/465
f 399/399 465/465 464/464
f 400/400 401/401 466/466
f 400/400 466/466 465/465
f 401/401 402/402 467/467
f 401/401 467/467 466/466
f 402/402 403/403 468/468
f 402/402 468/468 467/467
f 403/403 404/404 469/469
f 403/403 469/469 468/468
f 404/404 405/405 470/470
f 404/404 470/470 469/469
f 405/405 406/406 471/471
f 405/405 471/471 470/470
f 406/406 407/407 472/472
f 406/406 472/472 471/471
f 407/407 408/408 473/473
f 407/407 473/473 472/472
f 408/408 409/409 474/474
f 408/408 474/474 473/473
f 409/409 410/410 475/475
f 409/409 475/475 474/474
f 410/410 411/411 476/476
f 410/410 476/476 475/475
f 411/411 412/412 477/477
f 411/411 477/477 476/476
f 412/412 413/413 478/478
f 412/412 478/478 477/477
f 413/413 414/414 479/479
f 413/413 479/479 478/478
f 414/414 415/415 480/480
f 414/414 480/480 479/479
f 415/415 416/416 481/481
f 415/415 481/481 480/480
f 416/416 417/417 482/482
f 416/416 482/482 481/481
f 417/417 418/418 483/483
f 417/417 483/483 482/482
f 418/418 419/419 484/484
f 418/418 484/484 483/483
f 419/419 420/420 485/485
f 419/419 485/485 484/484
f 420/420 421/421 486/486
f 420/420 486/486 485/485
f 421/421 422/422 487/487
f 421/421 487/487 486/486
f 422/422 423/423 488/488
f 422/422 488/488 487/487
f 423/423 424/424 489/489
f 423/423 489/489 488/488
f 424/424 425/425 490/490
f 424/424 490/490 489/489
f 425/425 426/426 491/491
f 425/425 491/491 490/490
f 426/426 427/427 492/492
f 426/426 492/492 491/491
f 427/427 428/428 493/493
f 427/427 493/493 492/492
f 428/428 429/429 494/494
f 428/428 494/494 493/493
f 429/429 430/430 495/495
f 429/429 495/495 494/494
f 430/430 431/431 496/496
f 430/430 496/496 495/495
f 431/431 432/432 497/497
f 431/431 497/497 496/496
f 432/432 433/433 498/498
f 432/432 498/498 497/497
f 433/433 434/434 499/499
f 433/433 499/499 498/498
f 434/434 435/435 500/500
f 434/434 500/500 499/499
f 435/435 436/436 501/501
f 435/435 501/501 500/500
f 436/436 437/437 502/502
f 436/436 502/502 501/501
f 437/437 438/438 503/503
f 437/437 503/503 502/502
f 438/438 439/439 504/504
f 438/438 504/504 503/503
f 439/439 440/440 505/505
f 439/439 505/505 504/504
f 440/440 441/441 506/506
f 440/440 506/506 505/505
f 441/441 442/442 507/507
f 441/441 507/507 506/506
f 442/442 443/443 508/508
f 442/442 508/508 507/507
f 443/443 444/444 509/509
f 443/443 509/509 508/508
f 444/444 445/445 510/510
f 444/444 510/510 509/509
f 445/445 446/446 511/511
f 445/445 511/511 510/510
f 446/446 447/447 512/512
f 446/446 512/512 511/511
f 447/447 448/448 513/513
f 447/447 513/513 512/512
f 448/448 449/449 514/514
f 448/448 514/514 513/513
f 449/449 450/450 515/515
f 449/449 515/515 514/514
f 450/450 451/451 516/516
f 450/450 516/516 515/515
f 451/451 452/452 517/517
f 451/451 517/517 516/516
f 452/452 453/453 518/518
f 452/452 518/518 517/517
f 453/453 454/454 519/519
f 453/453 519/519 518/518
f 454/454 455/455 520/520
f 454/454 520/520 519/519
f 455/455 456/456 521/521
f 455/455 521/521 520/520
f 456/456 457/457 522/522
f 456/456 522/522 521/521
f 458/458 459/459 524/524
f 458/458 524/524 523/523
f 459/459 460/460 525/525
f 459/459 525/525 524/524
f 460/460 461/461 526/526
f 460/460 526/526 525/525
f 461/461 462/462 527/527
f 461/461 527/527 526/526
f 462/462 463/463 528/528
f 462/462 528/528 527/527
f 463/463 464/464 529/529
f 463/463 529/529 528/528
f 464/464 465/465 530/530
f 464/464 530/530 529/529
f 465/465 466/466 531/531
f 465/465 531/531 530/530
f 466/466 467/467 532/532
f 466/466 532/532 531/531
f 467/467 468/468 533/533
f 467/467 533/533 532/532
f 468/468 469/469 534/534
f 468/468 534/534 533/533
f 469/469 470/470 535/535
f 469/469 535/535 534/534
f 470/470 471/471 536/536
f 470/470 536/536 535/535
f 471/471 472/472 537/537
f 471/471 537/537 536/536
f 472/472 473/473 538/538
f 472/472 538/538 537/537
f 473/473 474/474 539/539
f 473/473 539/539 538/538
f 474/474 475/475 540/540
f 474/474 540/540 539/539
f 475/475 476/476 541/541
f 475/475 541/541 540/540
f 476/476 477/477 542/542
f 476/476 542/542 541/541
f 477/477 478/478 543/543
f 477/477 543/543 542/542
f 478/478 479/479 544/544
f 478/478 544/544 543/543
f 479/479 480/480 545/545
f 479/479 545/545 544/544
f 480/480 481/481 546/546
f 480/480 546/546 545/545
f 481/481 482/482 547/547
f 481/481 547/547 546/546
f 482/482 483/483 548/548
f 482/482 548/548 547/547
f 483/483 484/484 549/549
f 483/483 549/549 548/548
f 484/484 485/485 550/550
f 484/484 550/550 549/549
f 485/485 486/486 551/551
f 485/485 551/551 550/550
f 486/486 487/487 552/552
f 486/486 552/552 551/551
f 487/487 488/488 553/553
f 487/487 553/553 552/552
f 488/488 489/489 554/554
f 488/488 554/554 553/553
f 489/489 490/490 555/555
f 489/489 555/555 554/554
f 490/490 491/491 556/556
f 490/490 556/556 555/555
f 491/491 492/492 557/557
f 491/491 557/557 556/556
f 492/492 493/493 558/558
f 492/492 558/558 557/557
f 493/493 494/494 559/559
f 493/493 559/559 558/558
f 494/494 495/495 560/560
f 494/494 560/560 559/559
f 495/495 496/496 561/561
f 495/495 561/561 560/560
f 496/496 497/497 562/562
f 496/496 562/562 561/561
f 497/497 498/498 563/563
f 497/497 563/563 562/562
f 498/498 499/499 564/564
f 498/498 564/564 563/563
f 499/499 500/500 565/565
f 499/499 565/565 564/564
f 500/500 501/501 566/566
f 500/500 566/566 565/565
f 501/501 502/502 567/567
f 501/501 567/567 566/566
f 502/502 503/503 568/568
f 502/502 568/568 567/567
f 503/503 504/504 569/569
f 503/503 569/569 568/568
f 504/504 505/505 570/570
f 504/504 570/570 569/569
f 505/505 506/506 571/571
f 505/505 571/571 570/570
f 506/506 507/507 572/572
f 506/506 572/572 571/571
f 507/507 508/508 573/573
f 507/507 573/573 572/572
f 508/508 509/509 574/574
f 508/508 574/574 573/573
f 509/509 510/510 575/575
f 509/509 575/575 574/574
f 510/510 511/511 576/576
f 510/510 576/576 575/575
f 511/511 512/512 577/577
f 511/511 577/577 576/576
f 512/512 513/513 578/578
f 512/512 578/578 577/577
f 513/513 514/514 579/579
f 513/513 579/579 578/578
f 514/514 515/515 580/580
f 514/514 580/580 579/579
f 515/515 516/516 581/581
f 515/515 581/581 580/580
f 516/516 517/517 582/582
f 516/516 582/582 581/581
f 517/517 518/518 583/583
f 517/517 583/583 582/582
f 518/518 519/519 584/584
f 518/518 584/584 583/583
f 519/519 520/520 585/585
f 519/519 585/585 584/584
f 520/520 521/521 586/586
f 520/520 586/586 585/585
f 521/521 522/522 587/587
f 521/521 587/587 586/586
f 523/523 524/524 589/589
f 523/523 589/589 588/588
f 524/524 525/525 590/590
f 524/524 590/590 589/589
f 525/525 526/526 591/591
f 525/525 591/591 590/590
f 526/526 527/527 592/592
f 526/526 592/592 591/591
f 527/527 528/528 593/593
f 527/527 593/593 592/592
f 528/528 529/529 594/594
f 528/528 594/594 593/593
f 529/529 530/530 595/595
f 529/529 595/595 594/594
f 530/530 531/531 596/596
f 530/530 596/596 595/595
f 531/531 532/532 597/597
f 531/531 597/597 596/596
f 532/532 533/533 598/598
f 532/532 598/598 597/597
f 533/533 534/534 599/599
f 533/533 599/599 598/598
f 534/534 535/535 600/600
f 534/534 600/600 599/599
f 535/535 536/536 601/601
f 535/535 601/601 600/600
f 536/536 537/537 602/602
f 536/536 602/602 601/601
f 537/537 538/538 603/603
f 537/537 603/603 602/602
f 538/538 539/539 604/604
f 538/538 604/604 603/603
f 539/539 540/540 605/605
f 539/539 605/605 604/604
f 540/540 541/541 606/606
f 540/540 606/606 605/605
f 541/541 542/542 607/607
f 541/541 607/607 606/606
f 542/542 543/543 608/608
f 542/542 608/608 607/607
f 543/543 544/544 609/609
f 543/543 609/609 608/608
f 544/544 545/545 610/610
f 544/544 610/610 609/609
f 545/545 546/546 611/611
f 545/545 611/611 610/610
f 546/546 547/547 612/612
f 546/546 612/612 611/611
f 547/547 548/548 613/613
f 547/547 613/613 612/612
f 548/548 549/549 614/614
f 548/548 614/614 613/613
f 549/549 550/550 615/615
f 549/549 615/615 614/614
f 550/550 551/551 616/616
f 550/550 616/616 615/615
f 551/551 552/552 617/617
f 551/551 617/617 616/616
f 552/552 553/553 618/618
f 552/552 618/618 617/617
f 553/553 554/554 619/619
f 553/553 619/619 618/618
f 554/554 555/555 620/620
f 554/554 620/620 619/619
f 555/555 556/556 621/621
f 555/555 621/621 620/620
f 556/556 557/557 622/622
f 556/556 622/622 621/621
f 557/557 558/558 623/623
f 557/557 623/623 622/622
f 558/558 559/559 624/624
f 558/558 624/624 623/623
f 559/559 560/560 625/625
f 559/559 625/625 624/624
f 560/560 561/561 626/626
f 560/560 626/626 625/625
f 561/561 562/562 627/627
f 561/561 627/627 626/626
f 562/562 563/563 628/628
f 562/562 628/628 627/627
f 563/563 564/564 629/629
f 563/563 629/629 628/628
f 564/564 565/565 630/630
f 564/564 630/630 629/629
f 565/565 566/566 631/631
f 565/565 631/631 630/630
f 566/566 567/567 632/632
f 566/566 632/632 631/631
f 567/567 568/568 633/633
f 567/567 633/633 632/632
f 568/568 569/569 634/634
f 568/568 634/634 633/633
f 569/569 570/570 635/635
f 569/569 635/635 634/634
f 570/570 571/571 636/636
f 570/570 636/636 635/635
f 571/571 572/572 637/637
f 571/571 637/637 636/636
f 572/572 573/573 638/638
f 572/572 638/638 637/637
f 573/573 574/574 639/639
f 573/573 639/639 638/638
f 574/574 575/575 640/640
f 574/574 640/640 639/639
f 575/575 576/576 641/641
f 575/575 641/641 640/640
f 576/576 577/577 642/642
f 576/576 642/642 641/641
f 577/577 578/578 643/643
f 577/577 643/643 642/642
f 578/578 579/579 644/644
f 578/578 644/644 643/643
f 579/579 580/580 645/645
f 579/579 645/645 644/644
f 580/580 581/581 646/646
f 580/580 646/646 645/645
f 581/581 582/582 647/647
f 581/581 647/647 646/646
f 582/582 583/583 648/648
f 582/582 648/648 647/647
f 583/583 584/584 649/649
f 583/583 649/649 648/648
f 584/584 585/585 650/650
f 584/584 650/650 649/649
f 585/585 586/586 651/651
f 585/585 651/651 650/650
f 586/586 587/587 652/652
f 586/586 652/652 651/651
f 653/653 329/329 328/328
f 653/653 330/330 329/329
f 653/653 331/331 330/330
f 653/653 332/332 331/331
f 653/653 333/333 332/332
f 653/653 334/334 333/333
f 653/653 335/335 334/334
f 653/653 336/336 335/335
f 653/653 337/337 336/336
f 653/653 338/338 337/337
f 653/653 339/339 338/338
f 653/653 340/340 339/339
f 653/653 341/341 340/340
f 653/653 342/342 341/341
f 653/653 343/343 342/342
f 653/653 344/344 343/343
f 653/653 345/345 344/344
f 653/653 346/346 345/345
f 653/653 347/347 346/346
f 653/653 348/348 347/347
f 653/653 349/349 348/348
f 653/653 350/350 349/349
f 653/653 351/351 350/350
f 653/653 352/352 351/351
f 653/653 353/353 352/352
f 653/653 354/354 353/353
f 653/653 355/355 354/354
f 653/653 356/356 355/355
f 653/653 357/357 356/356
f 653/653 358/358 357/357
f 653/653 359/359 358/358
f 653/653 360/360 359/359
f 653/653 361/361 360/360
f 653/653 362/362 361/361
f 653/653 363/363 362/362
f 653/653 364/364 363/363
f 653/653 365/365 364/364
f 653/653 366/366 365/365
f 653/653 367/367 366/366
f 653/653 368/368 367/367
f 653/653 369/369 368/368
f 653/653 370/370 369/369
f 653/653 371/371 370/370
f 653/653 372/372 371/371
f 653/653 373/373 372/372
f 653/653 374/374 373/373
f 653/653 375/375 374/374
f 653/653 376/376 375/375
f 653/653 377/377 376/376
f 653/653 378/378 377/377
f 653/653 379/379 378/378
f 653/653 380/380 379/379
f 653/653 381/381 380/380
f 653/653 382/382 381/381
f 653/653 383/383 382/382
f 653/653 384/384 383/383
f 653/653 385/385 384/384
f 653/653 386/386 385/385
f 653/653 387/387 386/386
f 653/653 388/388 387/387
f 653/653 389/389 388/388
f 653/653 390/390 389/389
f 653/653 391/391 390/390
f 653/653 392/392 391/391
f 654/654 588/588 589/589
f 654/654 589/589 590/590
f 654/654 590/590 591/591
f 654/654 591/591 592/592
f 654/654 592/592 593/593
f 654/654 593/593 594/594
f 654/654 594/594 595/595
f 654/654 595/595 596/596
f 654/654 596/596 597/597
f 654/654 597/597 598/598
f 654/654 598/598 599/599
f 654/654 599/599 600/600
f 654/654 600/600 601/601
f 654/654 601/601 602/602
f 654/654 602/602 603/603
f 654/654 603/603 604/604
f 654/654 604/604 605/605
f 654/654 605/605 606/606
f 654/654 606/606 607/607
f 654/654 607/607 608/608
f 654/654 608/608 609/609
f 654/654 609/609 610/610
f 654/654 610/610 611/611
f 654/654 611/611 612/612
f 654/654 612/612 613/613
f 654/654 613/613 614/614
f 654/654 614/614 615/615
f 654/654 615/615 616/616
f 654/654 616/616 617/617
f 654/654 617/617 618/618
f 654/654 618/618 619/619
f 654/654 619/619 620/620
f 654/654 620/620 621/621
f 654/654 621/621 622/622
f 654/654 622/622 623/623
f 654/654 623/623 624/624
f 654/654 624/624 625/625
f 654/654 625/625 626/626
f 654/654 626/626 627/627
f 654/654 627/627 628/628
f 654/654 628/628 629/629
f 654/654 629/629 630/630
f 654/654 630/630 631/631
f 654/654 631/631 632/632
f 654/654 632/632 633/633
f 654/654 633/633 634/634
f 654/654 634/634 635/635
f 654/654 635/635 636/636
f 654/654 636/636 637/637
f 654/654 637/637 638/638
f 654/654 638/638 639/639
f 654/654 639/639 640/640
f 654/654 640/640 641/641
f 654/654 641/641 642/642
f 654/654 642/642 643/643
f 654/654 643/643 644/644
f 654/654 644/644 645/645
f 654/654 645/645 646/646
f 654/654 646/646 647/647
f 654/654 647/647 648/648
f 654/654 648/648 649/649
f 654/654 649/649 650/650
f 654/654 650/650 651/651
f 654/654 651/651 652/652
f 655/655 656/656 669/669
f 655/655 669/669 668/668
f 656/656 657/657 670/670
f 656/656 670/670 669/669
f 657/657 658/658 671/671
f 657/657 671/671 670/670
f 658/658 659/659 672/672
f 658/658 672/672 671/671
f 659/659 660/660 673/673
f 659/659 673/673 672/672
f 660/660 661/661 674/674
f 660/660 674/674 673/673
f 661/661 662/662 675/675
f 661/661 675/675 674/674
f 662/662 663/663 676/676
f 662/662 676/676 675/675
f 663/663 664/664 677/677
f 663/663 677/677 676/676
f 664/664 665/665 678/678
f 664/664 678/678 677/677
f 665/665 666/666 679/679
f 665/665 679/679 678/678
f 666/666 667/667 680/680
f 666/666 680/680 679/679
f 668/668 669/669 682/682
f 668/668 682/682 681/681
f 669/669 670/670 683/683
f 669/669 683/683 682/682
f 670/670 671/671 684/684
f 670/670 684/684 683/683
f 671/671 672/672 685/685
f 671/671 685/685 684/684
f 672/672 673/673 686/686
f 672/672 686/686 685/685
f 673/673 674/674 687/687
f 673/673 687/687 686/686
f 674/674 675/675 688/688
f 674/674 688/688 687/687
f 675/675 676/676 689/689
f 675/675 689/689 688/688
f 676/676 677/677 690/690
f 676/676 690/690 689/689
f 677/677 678/678 691/691
f 677/677 691/691 690/690
f 678/678 679/679 692/692
f 678/678 692/692 691/691
f 679/679 680/680 693/693
f 679/679 693/693 692/692
f 681/681 682/682 695/695
f 681/681 695/695 694/694
f 682/682 683/683 696/696
f 682/682 696/696 695/695
f 683/683 684/684 697/697
f 683/683 697/697 696/696
f 684/684 685/685 698/698
f 684/684 698/698 697/697
f 685/685 686/686 699/699
f 685/685 699/699 698/698
f 686/686 687/687 700/700
f 686/686 700/700 699/699
f 687/687 688/688 701/701
f 687/687 701/701 700/700
f 688/688 689/689 702/702
f 688/688 702/702 701/701
f 689/689 690/690 703/703
f 689/689 703/703 702/702
f 690/690 691/691 704/704
f 690/690 704/704 703/703
f 691/691 692/692 705/705
f 691/691 705/705 704/704
f 692/692 693/693 706/706
f 692/692 706/706 705/705
f 694/694 695/695 708/708
f 694/694 708/708 707/707
f 695/695 696/696 709/709
f 695/695 709/709 708/708
f 696/696 697/697 710/710
f 696/696 710/710 709/709
f 697/697 698/698 711/711
f 697/697 711/711 710/710
f 698/698 699/699 712/712
f 698/698 712/712 711/711
f 699/699 700/700 713/713
f 699/699 713/713 712/712
f 700/700 701/701 714/714
f 700/700 714/714 713/713
f 701/701 702/702 715/715
f 701/701 715/715 714/714
f 702/702 703/703 716/716
f 702/702 716/716 715/715
f 703/703 704/704 717/717
f 703/703 717/717 716/716
f 704/704 705/705 718/718
f 704/704 718/718 717/717
f 705/705 706/706 719/719
f 705/705 719/719 718/718
f 707/707 708/708 721/721
f 707/707 721/721 720/720
f 708/708 709/709 722/722
f 708/708 722/722 721/721
f 709/709 710/710 723/723
f 709/709 723/723 722/722
f 710/710 711/711 724/724
f 710/710 724/724 723/723
f 711/711 712/712 725/725
f 711/711 725/725 724/724
f 712/712 713/713 726/726
f 712/712 726/726 725/725
f 713/713 714/714 727/727
f 713/713 727/727 726/726
f 714/714 715/715 728/728
f 714/714 728/728 727/727
f 715/715 716/716 729/729
f 715/715 729/729 728/728
f 716/716 717/717 730/730
f 716/716 730/730 729/729
f 717/717 718/718 731/731
f 717/717 731/731 730/730
f 718/718 719/719 732/732
f 718/718 732/732 731/731
f 720/720 721/721 734/734
f 720/720 734/734 733/733
f 721/721 722/722 735/735
f 721/721 735/735 734/734
f 722/722 723/723 736/736
f 722/722 736/736 735/735
f 723/723 724/724 737/737
f 723/723 737/737 736/736
f 724/724 725/725 738/738
f 724/724 738/738 737/737
f 725/725 726/726 739/739
f 725/725 739/739 738/738
f 726/726 727/727 740/740
f 726/726 740/740 739/739
f 727/727 728/728 741/741
f 727/727 741/741 740/740
f 728/728 729/729 742/742
f 728/728 742/742 741/741
f 729/729 730/730 743/743
f 729/729 743/743 742/742
f 730/730 731/731 744/744
f 730/730 744/744 743/743
f 731/731 732/732 745/745
f 731/731 745/745 744/744
f 733/733 734/734 747/747
f 733/733 747/747 746/746
f 734/734 735/735 748/748
f 734/734 748/748 747/747
f 735/735 736/736 749/749
f 735/735 749/749 748/748
f 736/736 737/737 750/750
f 736/736 750/750 749/749
f 737/737 738/738 751/751
f 737/737 751/751 750/750
f 738/738 739/739 752/752
f 738/738 752/752 751/751
f 739/739 740/740 753/753
f 739/739 753/753 752/752
f 740/740 741/741 754/754
f 740/740 754/754 753/753
f 741/741 742/742 755/755
f 741/741 755/755 754/754
f 742/742 743/743 756/756
f 742/742 756/756 755/755
f 743/743 744/744 757/757
f 743/743 757/757 756/756
f 744/744 745/745 758/758
f 744/744 758/758 757/757
f 746/746 747/747 760/760
f 746/746 760/760 759/759
f 747/747 748/748 761/761
f 747/747 761/761 760/760
f 748/748 749/749 762/762
f 748/748 762/762 761/761
f 749/749 750/750 763/763
f 749/749 763/763 762/762
f 750/750 751/751 764/764
f 750/750 764/764 763/763
f 751/751 752/752 765/765
f 751/751 765/765 764/764
f 752/752 753/753 766/766
f 752/752 766/766 765/765
f 753/753 754/754 767/767
f 753/753 767/767 766/766
f 754/754 755/755 768/768
f 754/754 768/768 767/767
f 755/755 756/756 769/769
f 755/755 769/769 768/768
f 756/756 757/757 770/770
f 756/756 770/770 769/769
f 757/757 758/758 771/771
f 757/757 771/771 770/770
f 759/759 760/760 773/773
f 759/759 773/773 772/772
f 760/760 761/761 774/774
f 760/760 774/774 773/773
f 761/761 762/762 775/775
f 761/761 775/775 774/774
f 762/762 763/763 776/776
f 762/762 776/776 775/775
f 763/763 764/764 777/777
f 763/763 777/777 776/776
f 764/764 765/765 778/778
f 764/764 778/778 777/777
f 765/765 766/766 779/779
f 765/765 779/779 778/778
f 766/766 767/767 780/780
f 766/766 780/780 779/779
f 767/767 768/768 781/781
f 767/767 781/781 780/780
f 768/768 769/769 782/782
f 768/768 782/782 781/781
f 769/769 770/770 783/783
f 769/769 783/783 782/782
f 770/770 771/771 784/784
f 770/770 784/784 783/783
f 772/772 773/773 786/786
f 772/772 786/786 785/785
f 773/773 774/774 787/787
f 773/773 787/787 786/786
f 774/774 775/775 788/788
f 774/774 788/788 787/787
f 775/775 776/776 789/789
f 775/775 789/789 788/788
f 776/776 777/777 790/790
f 776/776 790/790 789/789
f 777/777 778/778 791/791
f 777/777 791/791 790/790
f 778/778 779/779 792/792
f 778/778 792/792 791/791
f 779/779 780/780 793/793
f 779/779 793/793 792/792
f 780/780 781/781 794/794
f 780/780 794/794 793/793
f 781/781 782/782 795/795
f 781/781 795/795 794/794
f 782/782 783/783 796/796
f 782/782 796/796 795/795
f 783/783 784/784 797/797
f 783/783 797/797 796/796
f 785/785 786/786 799/799
f 785/785 799/799 798/798
f 786/786 787/787 800/800
f 786/786 800/800 799/799
f 787/787 788/788 801/801
f 787/787 801/801 800/800
f 788/788 789/789 802/802
f 788/788 802/802 801/801
f 789/789 790/790 803/803
f 789/789 803/803 802/802
f 790/790 791/791 804/804
f 790/790 804/804 803/803
f 791/791 792/792 805/805
f 791/791 805/805 804/804
f 792/792 793/793 806/806
f 792/792 806/806 805/805
f 793/793 794/794 807/807
f 793/793 807/807 806/806
f 794/794 795/795 808/808
f 794/794 808/808 807/807
f 795/795 796/796 809/809
f 795/795 809/809 808/808
f 796/796 797/797 810/810
f 796/796 810/810 809/809
f 798/798 799/799 812/812
f 798/798 812/812 811/811
f 799/799 800/800 813/813
f 799/799 813/813 812/812
f 800/800 801/801 814/814
f 800/800 814/814 813/813
f 801/801 802/802 815/815
f 801/801 815/815 814/814
f 802/802 803/803 816/816
f 802/802 816/816 815/815
f 803/803 804/804 817/817
f 803/803 817/817 816/816
f 804/804 805/805 818/818
f 804/804 818/818 817/817
f 805/805 806/806 819/819
f 805/805 819/819 818/818
f 806/806 807/807 820/820
f 806/806 820/820 819/819
f 807/807 808/808 821/821
f 807/807 821/821 820/820
f 808/808 809/809 822/822
f 808/808 822/822 821/821
f 809/809 810/810 823/823
f 809/809 823/823 822/822
f 811/811 812/812 825/825
f 811/811 825/825 824/824
f 812/812 813/813 826/826
f 812/812 826/826 825/825
f 813/813 814/814 827/827
f 813/813 827/827 826/826
f 814/814 815/815 828/828
f 814/814 828/828 827/827
f 815/815 816/816 829/829
f 815/815 829/829 828/828
f 816/816 817/817 830/830
f 816/816 830/830 829/829
f 817/817 818/818 831/831
f 817/817 831/831 830/830
f 818/818 819/819 832/832
f 818/818 832/832 831/831
f 819/819 820/820 833/833
f 819/819 833/833 832/832
f 820/820 821/821 834/834
f 820/820 834/834 833/833
f 821/821 822/822 835/835
f 821/821 835/835 834/834
f 822/822 823/823 836/836
f 822/822 836/836 835/835
f 824/824 825/825 838/838
f 824/824 838/838 837/837
f 825/825 826/826 839/839
f 825/825 839/839 838/838
f 826/826 827/827 840/840
f 826/826 840/840 839/839
f 827/827 828/828 841/841
f 827/827 841/841 840/840
f 828/828 829/829 842/842
f 828/828 842/842 841/841
f 829/829 830/830 843/843
f 829/829 843/843 842/842
f 830/830 831/831 844/844
f 830/830 844/844 843/843
f 831/831 832/832 845/845
f 831/831 845/845 844/844
f 832/832 833/833 846/846
f 832/832 846/846 845/845
f 833/833 834/834 847/847
f 833/833 847/847 846/846
f 834/834 835/835 848/848
f 834/834 848/848 847/847
f 835/835 836/836 849/849
f 835/835 849/849 848/848
f 837/837 838/838 851/851
f 837/837 851/851 850/850
f 838/838 839/839 852/852
f 838/838 852/852 851/851
f 839/839 840/840 853/853
f 839/839 853/853 852/852
f 840/840 841/841 854/854
f 840/840 854/854 853/853
f 841/841 842/842 855/855
f 841/841 855/855 854/854
f 842/842 843/843 856/856
f 842/842 856/856 855/855
f 843/843 844/844 857/857
f 843/843 857/857 856/856
f 844/844 845/845 858/858
f 844/844 858/858 857/857
f 845/845 846/846 859/859
f 845/845 859/859 858/858
f 846/846 847/847 860/860
f 846/846 860/860 859/859
f 847/847 848/848 861/861
f 847/847 861/861 860/860
f 848/848 849/849 862/862
f 848/848 862/862 861/861
f 850/850 851/851 864/864
f 850/850 864/864 863/863
f 851/851 852/852 865/865
f 851/851 865/865 864/864
f 852/852 853/853 866/866
f 852/852 866/866 865/865
f 853/853 854/854 867/867
f 853/853 867/867 866/866
f 854/854 855/855 868/868
f 854/854 868/868 867/867
f 855/855 856/856 869/869
f 855/855 869/869 868/868
f 856/856 857/857 870/870
f 856/856 870/870 869/869
f 857/857 858/858 871/871
f 857/857 871/871 870/870
f 858/858 859/859 872/872
f 858/858 872/872 871/871
f 859/859 860/860 873/873
f 859/859 873/873 872/872
f 860/860 861/861 874/874
f 860/860 874/874 873/873
f 861/861 862/862 875/875
f 861/861 875/875 874/874
f 863/863 864/864 877/877
f 863/863 877/877 876/876
f 864/864 865/865 878/878
f 864/864 878/878 877/877
f 865/865 866/866 879/879
f 865/865 879/879 878/878
f 866/866 867/867 880/880
f 866/866 880/880 879/879
f 867/867 868/868 881/881
f 867/867 881/881 880/880
f 868/868 869/869 882/882
f 868/868 882/882 881/881
f 869/869 870/870 883/883
f 869/869 883/883 882/882
f 870/870 871/871 884/884
f 870/870 884/884 883/883
f 871/871 872/872 885/885
f 871/871 885/885 884/884
f 872/872 873/873 886/886
f 872/872 886/886 885/885
f 873/873 874/874 887/887
f 873/873 887/887 886/886
f 874/874 875/875 888/888
f 874/874 888/888 887/887
f 876/876 877/877 890/890
f 876/876 890/890 889/889
f 877/877 878/878 891/891
f 877/877 891/891 890/890
f 878/878 879/879 892/892
f 878/878 892/892 891/891
f 879/879 880/880 893/893
f 879/879 893/893 892/892
f 880/880 881/881 894/894
f 880/880 894/894 893/893
f 881/881 882/882 895/895
f 881/881 895/895 894/894
f 882/882 883/883 896/896
f 882/882 896/896 895/895
f 883/883 884/884 897/897
f 883/883 897/897 896/896
f 884/884 885/885 898/898
f 884/884 898/898 897/897
f 885/885 886/886 899/899
f 885/885 899/899 898/898
f 886/886 887/887 900/900
f 886/886 900/900 899/899
f 887/887 888/888 901/901
f 887/887 901/901 900/900
f 889/889 890/890 903/903
f 889/889 903/903 902/902
f 890/890 891/891 904/904
f 890/890 904/904 903/903
f 891/891 892/892 905/905
f 891/891 905/905 904/904
f 892/892 893/893 906/906
f 892/892 906/906 905/905
f 893/893 894/894 907/907
f 893/893 907/907 906/906
f 894/894 895/895 908/908
f 894/894 908/908 907/907
f 895/895 896/896 909/909
f 895/895 909/909 908/908
f 896/896 897/897 910/910
f 896/896 910/910 909/909
f 897/897 898/898 911/911
f 897/897 911/911 910/910
f 898/898 899/899 912/912
f 898/898 912/912 911/911
f 899/899 900/900 913/913
f 899/899 913/913 912/912
f 900/900 901/901 914/914
f 900/900 914/914 913/913
f 902/902 903/903 916/916
f 902/902 916/916 915/915
f 903/903 904/904 917/917
f 903/903 917/917 916/916
f 904/904 905/905 918/918
f 904/904 918/918 917/917
f 905/905 906/906 919/919
f 905/905 919/919 918/918
f 906/906 907/907 920/920
f 906/906 920/920 919/919
f 907/907 908/908 921/921
f 907/907 921/921 920/920
f 908/908 909/909 922/922
f 908/908 922/922 921/921
f 909/909 910/910 923/923
f 909/909 923/923 922/922
f 910/910 911/911 924/924
f 910/910 924/924 923/923
f 911/911 912/912 925/925
f 911/911 925/925 924/924
f 912/912 913/913 926/926
f 912/912 926/926 925/925
f 913/913 914/914 927/927
f 913/913 927/927 926/926
f 915/915 916/916 929/929
f 915/915 929/929 928/928
f 916/916 917/917 930/930
f 916/916 930/930 929/929
f 917/917 918/918 931/931
f 917/917 931/931 930/930
f 918/918 919/919 932/932
f 918/918 932/932 931/931
f 919/919 920/920 933/933
f 919/919 933/933 932/932
f 920/920 921/921 934/934
f 920/920 934/934 933/933
f 921/921 922/922 935/935
f 921/921 935/935 934/934
f 922/922 923/923 936/936
f 922/922 936/936 935/935
f 923/923 924/924 937/937
f 923/923 937/937 936/936
f 924/924 925/925 938/938
f 924/924 938/938 937/937
f 925/925 926/926 939/939
f 925/925 939/939 938/938
f 926/926 927/927 940/940
f 926/926 940/940 939/939
f 928/928 929/929 942/942
f 928/928 942/942 941/941
f 929/929 930/930 943/943
f 929/929 943/943 942/942
f 930/930 931/931 944/944
f 930/930 944/944 943/943
f 931/931 932/932 945/945
f 931/931 945/945 944/944
f 932/932 933/933 946/946
f 932/932 946/946 945/945
f 933/933 934/934 947/947
f 933/933 947/947 946/946
f 934/934 935/935 948/948
f 934/934 948/948 947/947
f 935/935 936/936 949/949
f 935/935 949/949 948/948
f 936/936 937/937 950/950
f 936/936 950/950 949/949
f 937/937 938/938 951/951
f 937/937 951/951 950/950
f 938/938 939/939 952/952
f 938/938 952/952 951/951
f 939/939 940/940 953/953
f 939/939 953/953 952/952
f 941/941 942/942 955/955
f 941/941 955/955 954/954
f 942/942 943/943 956/956
f 942/942 956/956 955/955
f 943/943 944/944 957/957
f 943/943 957/957 956/956
f 944/944 945/945 958/958
f 944/944 958/958 957/957
f 945/945 946/946 959/959
f 945/945 959/959 958/958
f 946/946 947/947 960/960
f 946/946 960/960 959/959
f 947/947 948/948 961/961
f 947/947 961/961 960/960
f 948/948 949/949 962/962
f 948/948 962/962 961/961
f 949/949 950/950 963/963
f 949/949 963/963 962/962
f 950/950 951/951 964/964
f 950/950 964/964 963/963
f 951/951 952/952 965/965
f 951/951 965/965 964/964
f 952/952 953/953 966/966
f 952/952 966/966 965/965
f 954/954 955/955 968/968
f 954/954 968/968 967/967
f 955/955 956/956 969/969
f 955/955 969/969 968/968
f 956/956 957/957 970/970
f 956/956 970/970 969/969
f 957/957 958/958 971/971
f 957/957 971/971 970/970
f 958/958 959/959 972/972
f 958/958 972/972 971/971
f 959/959 960/960 973/973
f 959/959 973/973 972/972
f 960/960 961/961 974/974
f 960/960 974/974 973/973
f 961/961 962/962 975/975
f 961/961 975/975 974/974
f 962/962 963/963 976/976
f 962/962 976/976 975/975
f 963/963 964/964 977/977
f 963/963 977/977 976/976
f 964/964 965/965 978/978
f 964/964 978/978 977/977
f 965/965 966/966 979/979
f 965/965 979/979 978/978
f 967/967 968/968 981/981
f 967/967 981/981 980/980
f 968/968 969/969 982/982
f 968/968 982/982 981/981
f 969/969 970/970 983/983
f 969/969 983/983 982/982
f 970/970 971/971 984/984
f 970/970 984/984 983/983
f 971/971 972/972 985/985
f 971/971 985/985 984/984
f 972/972 973/973 986/986
f 972/972 986/986 985/985
f 973/973 974/974 987/987
f 973/973 987/987 986/986
f 974/974 975/975 988/988
f 974/974 988/988 987/987
f 975/975 976/976 989/989
f 975/975 989/989 988/988
f 976/976 977/977 990/990
f 976/976 990/990 989/989
f 977/977 978/978 991/991
f 977/977 991/991 990/990
f 978/978 979/979 992/992
f 978/978 992/992 991/991
f 980/980 981/981 994/994
f 980/980 994/994 993/993
f 981/981 982/982 995/995
f 981/981 995/995 994/994
f 982/982 983/983 996/996
f 982/982 996/996 995/995
f 983/983 984/984 997/997
f 983/983 997/997 996/996
f 984/984 985/985 998/998
f 984/984 998/998 997/997
f 985/985 986/986 999/999
f 985/985 999/999 998/998
f 986/986 987/987 1000/1000
f 986/986 1000/1000 999/999
f 987/987 988/988 1001/1001
f 987/987 1001/1001 1000/1000
f 988/988 989/989 1002/1002
f 988/988 1002/1002 1001/1001
f 989/989 990/990 1003/1003
f 989/989 1003/1003 1002/1002
f 990/990 991/991 1004/1004
f 990/990 1004/1004 1003/1003
f 991/991 992/992 1005/1005
f 991/991 1005/1005 1004/1004
f 993/993 994/994 1007/1007
f 993/993 1007/1007 1006/1006
f 994/994 995/995 1008/1008
f 994/994 1008/1008 1007/1007
f 995/995 996/996 1009/1009
f 995/995 1009/1009 1008/1008
f 996/996 997/997 1010/1010
f 996/996 1010/1010 1009/1009
f 997/997 998/998 1011/1011
f 997/997 1011/1011 1010/1010
f 998/998 999/999 1012/1012
f 998/998 1012/1012 1011/1011
f 999/999 1000/1000 1013/1013
f 999/999 1013/1013 1012/1012
f 1000/1000 1001/1001 1014/1014
f 1000/1000 1014/1014 1013/1013
f 1001/1001 1002/1002 1015/1015
f 1001/1001 1015/1015 1014/1014
f 1002/1002 1003/1003 1016/1016
f 1002/1002 1016/1016 1015/1015
f 1003/1003 1004/1004 1017/1017
f 1003/1003 1017/1017 1016/1016
f 1004/1004 1005/1005 1018/1018
f 1004/1004 1018/1018 1017/1017
f 1006/1006 1007/1007 1020/1020
f 1006/1006 1020/1020 1019/1019
f 1007/1007 1008/1008 1021/1021
f 1007/1007 1021/1021 1020/1020
f 1008/1008 1009/1009 1022/1022
f 1008/1008 1022/1022 1021/1021
f 1009/1009 1010/1010 1023/1023
f 1009/1009 1023/1023 1022/1022
f 1010/1010 1011/1011 1024/1024
f 1010/1010 1024/1024 1023/1023
f 1011/1011 1012/1012 1025/1025
f 1011/1011 1025/1025 1024/1024
f 1012/1012 1013/1013 1026/1026
f 1012/1012 1026/1026 1025/1025
f 1013/1013 1014/1014 1027/1027
f 1013/1013 1027/1027 1026/1026
f 1014/1014 1015/1015 1028/1028
f 1014/1014 1028/1028 1027/1027
f 1015/1015 1016/1016 1029/1029
f 1015/1015 1029/1029 1028/1028
f 1016/1016 1017/1017 1030/1030
f 1016/1016 1030/1030 1029/1029
f 1017/1017 1018/1018 1031/1031
f 1017/1017 1031/1031 1030/1030
f 1019/1019 1020/1020 1033/1033
f 1019/1019 1033/1033 1032/1032
f 1020/1020 1021/1021 1034/1034
f 1020/1020 1034/1034 1033/1033
f 1021/1021 1022/1022 1035/1035
f 1021/1021 1035/1035 1034/1034
f 1022/1022 1023/1023 1036/1036
f 1022/1022 1036/1036 1035/1035
f 1023/1023 1024/1024 1037/1037
f 1023/1023 1037/1037 1036/1036
f 1024/1024 1025/1025 1038/1038
f 1024/1024 1038/1038 1037/1037
f 1025/1025 1026/1026 1039/1039
f 1025/1025 1039/1039 1038/1038
f 1026/1026 1027/1027 1040/1040
f 1026/1026 1040/1040 1039/1039
f 1027/1027 1028/1028 1041/1041
f 1027/1027 1041/1041 1040/1040
f 1028/1028 1029/1029 1042/1042
f 1028/1028 1042/1042 1041/1041
f 1029/1029 1030/1030 1043/1043
f 1029/1029 1043/1043 1042/1042
f 1030/1030 1031/1031 1044/1044
f 1030/1030 1044/1044 1043/1043
f 1032/1032 1033/1033 1046/1046
f 1032/1032 1046/1046 1045/1045
f 1033/1033 1034/1034 1047/1047
f 1033/1033 1047/1047 1046/1046
f 1034/1034 1035/1035 1048/1048
f 1034/1034 1048/1048 1047/1047
f 1035/1035 1036/1036 1049/1049
f 1035/1035 1049/1049 1048/1048
f 1036/1036 1037/1037 1050/1050
f 1036/1036 1050/1050 1049/1049
f 1037/1037 1038/1038 1051/1051
f 1037/1037 1051/1051 1050/1050
f 1038/1038 1039/1039 1052/1052
f 1038/1038 1052/1052 1051/1051
f 1039/1039 1040/1040 1053/1053
f 1039/1039 1053/1053 1052/1052
f 1040/1040 1041/1041 1054/1054
f 1040/1040 1054/1054 1053/1053
f 1041/1041 1042/1042 1055/1055
f 1041/1041 1055/1055 1054/1054
f 1042/1042 1043/1043 1056/1056
f 1042/1042 1056/1056 1055/1055
f 1043/1043 1044/1044 1057/1057
f 1043/1043 1057/1057 1056/1056
f 1045/1045 1046/1046 1059/1059
f 1045/1045 1059/1059 1058/1058
f 1046/1046 1047/1047 1060/1060
f 1046/1046 1060/1060 1059/1059
f 1047/1047 1048/1048 1061/1061
f 1047/1047 1061/1061 1060/1060
f 1048/1048 1049/1049 1062/1062
f 1048/1048 1062/1062 1061/1061
f 1049/1049 1050/1050 1063/1063
f 1049/1049 1063/1063 1062/1062
f 1050/1050 1051/1051 1064/1064
f 1050/1050 1064/1064 1063/1063
f 1051/1051 1052/1052 1065/1065
f 1051/1051 1065/1065 1064/1064
f 1052/1052 1053/1053 1066/1066
f 1052/1052 1066/1066 1065/1065
f 1053/1053 1054/1054 1067/1067
f 1053/1053 1067/1067 1066/1066
f 1054/1054 1055/1055 1068/1068
f 1054/1054 1068/1068 1067/1067
f 1055/1055 1056/1056 1069/1069
f 1055/1055 1069/1069 1068/1068
f 1056/1056 1057/1057 1070/1070
f 1056/1056 1070/1070 1069/1069
f 1058/1058 1059/1059 1072/1072
f 1058/1058 1072/1072 1071/1071
f 1059/1059 1060/1060 1073/1073
f 1059/1059 1073/1073 1072/1072
f 1060/1060 1061/1061 1074/1074
f 1060/1060 1074/1074 1073/1073
f 1061/1061 1062/1062 1075/1075
f 1061/1061 1075/1075 1074/1074
f 1062/1062 1063/1063 1076/1076
f 1062/1062 1076/1076 1075/1075
f 1063/1063 1064/1064 1077/1077
f 1063/1063 1077/1077 1076/1076
f 1064/1064 1065/1065 1078/1078
f 1064/1064 1078/1078 1077/1077
f 1065/1065 1066/1066 1079/1079
f 1065/1065 1079/1079 1078/1078
f 1066/1066 1067/1067 1080/1080
f 1066/1066 1080/1080 1079/1079
f 1067/1067 1068/1068 1081/1081
f 1067/1067 1081/1081 1080/1080
f 1068/1068 1069/1069 1082/1082
f 1068/1068 1082/1082 1081/1081
f 1069/1069 1070/1070 1083/1083
f 1069/1069 1083/1083 1082/1082
f 1071/1071 1072/1072 1085/1085
f 1071/1071 1085/1085 1084/1084
f 1072/1072 1073/1073 1086/1086
f 1072/1072 1086/1086 1085/1085
f 1073/1073 1074/1074 1087/1087
f 1073/1073 1087/1087 1086/1086
f 1074/1074 1075/1075 1088/1088
f 1074/1074 1088/1088 1087/1087
f 1075/1075 1076/1076 1089/1089
f 1075/1075 1089/1089 1088/1088
f 1076/1076 1077/1077 1090/1090
f 1076/1076 1090/1090 1089/1089
f 1077/1077 1078/1078 1091/1091
f 1077/1077 1091/1091 1090/1090
f 1078/1078 1079/1079 1092/1092
f 1078/1078 1092/1092 1091/1091
f 1079/1079 1080/1080 1093/1093
f 1079/1079 1093/1093 1092/1092
f 1080/1080 1081/1081 1094/1094
f 1080/1080 1094/1094 1093/1093
f 1081/1081 1082/1082 1095/1095
f 1081/1081 1095/1095 1094/1094
f 1082/1082 1083/1083 1096/1096
f 1082/1082 1096/1096 1095/1095
f 1084/1084 1085/1085 1098/1098
f 1084/1084 1098/1098 1097/1097
f 1085/1085 1086/1086 1099/1099
f 1085/1085 1099/1099 1098/1098
f 1086/1086 1087/1087 1100/1100
f 1086/1086 1100/1100 1099/1099
f 1087/1087 1088/1088 1101/1101
f 1087/1087 1101/1101 1100/1100
f 1088/1088 1089/1089 1102/1102
f 1088/1088 1102/1102 1101/1101
f 1089/1089 1090/1090 1103/1103
f 1089/1089 1103/1103 1102/1102
f 1090/1090 1091/1091 1104/1104
f 1090/1090 1104/1104 1103/1103
f 1091/1091 1092/1092 1105/1105
f 1091/1091 1105/1105 1104/1104
f 1092/1092 1093/1093 1106/1106
f 1092/1092 1106/1106 1105/1105
f 1093/1093 1094/1094 1107/1107
f 1093/1093 1107/1107 1106/1106
f 1094/1094 1095/1095 1108/1108
f 1094/1094 1108/1108 1107/1107
f 1095/1095 1096/1096 1109/1109
f 1095/1095 1109/1109 1108/1108
f 1097/1097 1098/1098 1111/1111
f 1097/1097 1111/1111 1110/1110
f 1098/1098 1099/1099 1112/1112
f 1098/1098 1112/1112 1111/1111
f 1099/1099 1100/1100 1113/1113
f 1099/1099 1113/1113 1112/1112
f 1100/1100 1101/1101 1114/1114
f 1100/1100 1114/1114 1113/1113
f 1101/1101 1102/1102 1115/1115
f 1101/1101 1115/1115 1114/1114
f 1102/1102 1103/1103 1116/1116
f 1102/1102 1116/1116 1115/1115
f 1103/1103 1104/1104 1117/1117
f 1103/1103 1117/1117 1116/1116
f 1104/1104 1105/1105 1118/1118
f 1104/1104 1118/1118 1117/1117
f 1105/1105 1106/1106 1119/1119
f 1105/1105 1119/1119 1118/1118
f 1106/1106 1107/1107 1120/1120
f 1106/1106 1120/1120 1119/1119
f 1107/1107 1108/1108 1121/1121
f 1107/1107 1121/1121 1120/1120
f 1108/1108 1109/1109 1122/1122
f 1108/1108 1122/1122 1121/1121
f 1110/1110 1111/1111 1124/1124
f 1110/1110 1124/1124 1123/1123
f 1111/1111 1112/1112 1125/1125
f 1111/1111 1125/1125 1124/1124
f 1112/1112 1113/1113 1126/1126
f 1112/1112 1126/1126 1125/1125
f 1113/1113 1114/1114 1127/1127
f 1113/1113 1127/1127 1126/1126
f 1114/1114 1115/1115 1128/1128
f 1114/1114 1128/1128 1127/1127
f 1115/1115 1116/1116 1129/1129
f 1115/1115 1129/1129 1128/1128
f 1116/1116 1117/1117 1130/1130
f 1116/1116 1130/1130 1129/1129
f 1117/1117 1118/1118 1131/1131
f 1117/1117 1131/1131 1130/1130
f 1118/1118 1119/1119 1132/1132
f 1118/1118 1132/1132 1131/1131
f 1119/1119 1120/1120 1133/1133
f 1119/1119 1133/1133 1132/1132
f 1120/1120 1121/1121 1134/1134
f 1120/1120 1134/1134 1133/1133
f 1121/1121 1122/1122 1135/1135
f 1121/1121 1135/1135 1134/1134
f 1123/1123 1124/1124 1137/1137
f 1123/1123 1137/1137 1136/1136
f 1124/1124 1125/1125 1138/1138
f 1124/1124 1138/1138 1137/1137
f 1125/1125 1126/1126 1139/1139
f 1125/1125 1139/1139 1138/1138
f 1126/1126 1127/1127 1140/1140
f 1126/1126 1140/1140 1139/1139
f 1127/1127 1128/1128 1141/1141
f 1127/1127 1141/1141 1140/1140
f 1128/1128 1129/1129 1142/1142
f 1128/1128 1142/1142 1141/1141
f 1129/1129 1130/1130 1143/1143
f 1129/1129 1143/1143 1142/1142
f 1130/1130 1131/1131 1144/1144
f 1130/1130 1144/1144 1143/1143
f 1131/1131 1132/1132 1145/1145
f 1131/1131 1145/1145 1144/1144
f 1132/1132 1133/1133 1146/1146
f 1132/1132 1146/1146 1145/1145
f 1133/1133 1134/1134 1147/1147
f 1133/1133 1147/1147 1146/1146
f 1134/1134 1135/1135 1148/1148
f 1134/1134 1148/1148 1147/1147
f 1136/1136 1137/1137 1150/1150
f 1136/1136 1150/1150 1149/1149
f 1137/1137 1138/1138 1151/1151
f 1137/1137 1151/1151 1150/1150
f 1138/1138 1139/1139 1152/1152
f 1138/1138 1152/1152 1151/1151
f 1139/1139 1140/1140 1153/1153
f 1139/1139 1153/1153 1152/1152
f 1140/1140 1141/1141 1154/1154
f 1140/1140 1154/1154 1153/1153
f 1141/1141 1142/1142 1155/1155
f 1141/1141 1155/1155 1154/1154
f 1142/1142 1143/1143 1156/1156
f 1142/1142 1156/1156 1155/1155
f 1143/1143 1144/1144 1157/1157
f 1143/1143 1157/1157 1156/1156
f 1144/1144 1145/1145 1158/1158
f 1144/1144 1158/1158 1157/1157
f 1145/1145 1146/1146 1159/1159
f 1145/1145 1159/1159 1158/1158
f 1146/1146 1147/1147 1160/1160
f 1146/1146 1160/1160 1159/1159
f 1147/1147 1148/1148 1161/1161
f 1147/1147 1161/1161 1160/1160
f 1149/1149 1150/1150 1163/1163
f 1149/1149 1163/1163 1162/1162
f 1150/1150 1151/1151 1164/1164
f 1150/1150 1164/1164 1163/1163
f 1151/1151 1152/1152 1165/1165
f 1151/1151 1165/1165 1164/1164
f 1152/1152 1153/1153 1166/1166
f 1152/1152 1166/1166 1165/1165
f 1153/1153 1154/1154 1167/1167
f 1153/1153 1167/1167 1166/1166
f 1154/1154 1155/1155 1168/1168
f 1154/1154 1168/1168 1167/1167
f 1155/1155 1156/1156 1169/1169
f 1155/1155 1169/1169 1168/1168
f 1156/1156 1157/1157 1170/1170
f 1156/1156 1170/1170 1169/1169
f 1157/1157 1158/1158 1171/1171
f 1157/1157 1171/1171 1170/1170
f 1158/1158 1159/1159 1172/1172
f 1158/1158 1172/1172 1171/1171
f 1159/1159 1160/1160 1173/1173
f 1159/1159 1173/1173 1172/1172
f 1160/1160 1161/1161 1174/1174
f 1160/1160 1174/1174 1173/1173
f 1162/1162 1163/1163 1176/1176
f 1162/1162 1176/1176 1175/1175
f 1163/1163 1164/1164 1177/1177
f 1163/1163 1177/1177 1176/1176
f 1164/1164 1165/1165 1178/1178
f 1164/1164 1178/1178 1177/1177
f 1165/1165 1166/1166 1179/1179
f 1165/1165 1179/1179 1178/1178
f 1166/1166 1167/1167 1180/1180
f 1166/1166 1180/1180 1179/1179
f 1167/1167 1168/1168 1181/1181
f 1167/1167 1181/1181 1180/1180
f 1168/1168 1169/1169 1182/1182
f 1168/1168 1182/1182 1181/1181
f 1169/1169 1170/1170 1183/1183
f 1169/1169 1183/1183 1182/1182
f 1170/1170 1171/1171 1184/1184
f 1170/1170 1184/1184 1183/1183
f 1171/1171 1172/1172 1185/1185
f 1171/1171 1185/1185 1184/1184
f 1172/1172 1173/1173 1186/1186
f 1172/1172 1186/1186 1185/1185
f 1173/1173 1174/1174 1187/1187
f 1173/1173 1187/1187 1186/1186
f 1175/1175 1176/1176 1189/1189
f 1175/1175 1189/1189 1188/1188
f 1176/1176 1177/1177 1190/1190
f 1176/1176 1190/1190 1189/1189
f 1177/1177 1178/1178 1191/1191
f 1177/1177 1191/1191 1190/1190
f 1178/1178 1179/1179 1192/1192
f 1178/1178 1192/1192 1191/1191
f 1179/1179 1180/1180 1193/1193
f 1179/1179 1193/1193 1192/1192
f 1180/1180 1181/1181 1194/1194
f 1180/1180 1194/1194 1193/1193
f 1181/1181 1182/1182 1195/1195
f 1181/1181 1195/1195 1194/1194
f 1182/1182 1183/1183 1196/1196
f 1182/1182 1196/1196 1195/1195
f 1183/1183 1184/1184 1197/1197
f 1183/1183 1197/1197 1196/1196
f 1184/1184 1185/1185 1198/1198
f 1184/1184 1198/1198 1197/1197
f 1185/1185 1186/1186 1199/1199
f 1185/1185 1199/1199 1198/1198
f 1186/1186 1187/1187 1200/1200
f 1186/1186 1200/1200 1199/1199
f 1188/1188 1189/1189 1202/1202
f 1188/1188 1202/1202 1201/1201
f 1189/1189 1190/1190 1203/1203
f 1189/1189 1203/1203 1202/1202
f 1190/1190 1191/1191 1204/1204
f 1190/1190 1204/1204 1203/1203
f 1191/1191 1192/1192 1205/1205
f 1191/1191 1205/1205 1204/1204
f 1192/1192 1193/1193 1206/1206
f 1192/1192 1206/1206 1205/1205
f 1193/1193 1194/1194 1207/1207
f 1193/1193 1207/1207 1206/1206
f 1194/1194 1195/1195 1208/1208
f 1194/1194 1208/1208 1207/1207
f 1195/1195 1196/1196 1209/1209
f 1195/1195 1209/1209 1208/1208
f 1196/1196 1197/1197 1210/1210
f 1196/1196 1210/1210 1209/1209
f 1197/1197 1198/1198 1211/1211
f 1197/1197 1211/1211 1210/1210
f 1198/1198 1199/1199 1212/1212
f 1198/1198 1212/1212 1211/1211
f 1199/1199 1200/1200 1213/1213
f 1199/1199 1213/1213 1212/1212
f 1201/1201 1202/1202 1215/1215
f 1201/1201 1215/1215 1214/1214
f 1202/1202 1203/1203 1216/1216
f 1202/1202 1216/1216 1215/1215
f 1203/1203 1204/1204 1217/1217
f 1203/1203 1217/1217 1216/1216
f 1204/1204 1205/1205 1218/1218
f 1204/1204 1218/1218 1217/1217
f 1205/1205 1206/1206 1219/1219
f 1205/1205 1219/1219 1218/1218
f 1206/1206 1207/1207 1220/1220
f 1206/1206 1220/1220 1219/1219
f 1207/1207 1208/1208 1221/1221
f 1207/1207 1221/1221 1220/1220
f 1208/1208 1209/1209 1222/1222
f 1208/1208 1222/1222 1221/1221
f 1209/1209 1210/1210 1223/1223
f 1209/1209 1223/1223 1222/1222
f 1210/1210 1211/1211 1224/1224
f 1210/1210 1224/1224 1223/1223
f 1211/1211 1212/1212 1225/1225
f 1211/1211 1225/1225 1224/1224
f 1212/1212 1213/1213 1226/1226
f 1212/1212 1226/1226 1225/1225
f 1214/1214 1215/1215 1228/1228
f 1214/1214 1228/1228 1227/1227
f 1215/1215 1216/1216 1229/1229
f 1215/1215 1229/1229 1228/1228
f 1216/1216 1217/1217 1230/1230
f 1216/1216 1230/1230 1229/1229
f 1217/1217 1218/1218 1231/1231
f 1217/1217 1231/1231 1230/1230
f 1218/1218 1219/1219 1232/1232
f 1218/1218 1232/1232 1231/1231
f 1219/1219 1220/1220 1233/1233
f 1219/1219 1233/1233 1232/1232
f 1220/1220 1221/1221 1234/1234
f 1220/1220 1234/1234 1233/1233
f 1221/1221 1222/1222 1235/1235
f 1221/1221 1235/1235 1234/1234
f 1222/1222 1223/1223 1236/1236
f 1222/1222 1236/1236 1235/1235
f 1223/1223 1224/1224 1237/1237
f 1223/1223 1237/1237 1236/1236
f 1224/1224 1225/1225 1238/1238
f 1224/1224 1238/1238 1237/1237
f 1225/1225 1226/1226 1239/1239
f 1225/1225 1239/1239 1238/1238
f 1227/1227 1228/1228 1241/1241
f 1227/1227 1241/1241 1240/1240
f 1228/1228 1229/1229 1242/1242
f 1228/1228 1242/1242 1241/1241
f 1229/1229 1230/1230 1243/1243
f 1229/1229 1243/1243 1242/1242
f 1230/1230 1231/1231 1244/1244
f 1230/1230 1244/1244 1243/1243
f 1231/1231 1232/1232 1245/1245
f 1231/1231 1245/1245 1244/1244
f 1232/1232 1233/1233 1246/1246
f 1232/1232 1246/1246 1245/1245
f 1233/1233 1234/1234 1247/1247
f 1233/1233 1247/1247 1246/1246
f 1234/1234 1235/1235 1248/1248
f 1234/1234 1248/1248 1247/1247
f 1235/1235 1236/1236 1249/1249
f 1235/1235 1249/1249 1248/1248
f 1236/1236 1237/1237 1250/1250
f 1236/1236 1250/1250 1249/1249
f 1237/1237 1238/1238 1251/1251
f 1237/1237 1251/1251 1250/1250
f 1238/1238 1239/1239 1252/1252
f 1238/1238 1252/1252 1251/1251
f 1240/1240 1241/1241 1254/1254
f 1240/1240 1254/1254 1253/1253
f 1241/1241 1242/1242 1255/1255
f 1241/1241 1255/1255 1254/1254
f 1242/1242 1243/1243 1256/1256
f 1242/1242 1256/1256 1255/1255
f 1243/1243 1244/1244 1257/1257
f 1243/1243 1257/1257 1256/1256
f 1244/1244 1245/1245 1258/1258
f 1244/1244 1258/1258 1257/1257
f 1245/1245 1246/1246 1259/1259
f 1245/1245 1259/1259 1258/1258
f 1246/1246 1247/1247 1260/1260
f 1246/1246 1260/1260 1259/1259
f 1247/1247 1248/1248 1261/1261
f 1247/1247 1261/1261 1260/1260
f 1248/1248 1249/1249 1262/1262
f 1248/1248 1262/1262 1261/1261
f 1249/1249 1250/1250 1263/1263
f 1249/1249 1263/1263 1262/1262
f 1250/1250 1251/1251 1264/1264
f 1250/1250 1264/1264 1263/1263
f 1251/1251 1252/1252 1265/1265
f 1251/1251 1265/1265 1264/1264
f 1253/1253 1254/1254 1267/1267
f 1253/1253 1267/1267 1266/1266
f 1254/1254 1255/1255 1268/1268
f 1254/1254 1268/1268 1267/1267
f 1255/1255 1256/1256 1269/1269
f 1255/1255 1269/1269 1268/1268
f 1256/1256 1257/1257 1270/1270
f 1256/1256 1270/1270 1269/1269
f 1257/1257 1258/1258 1271/1271
f 1257/1257 1271/1271 1270/1270
f 1258/1258 1259/1259 1272/1272
f 1258/1258 1272/1272 1271/1271
f 1259/1259 1260/1260 1273/1273
f 1259/1259 1273/1273 1272/1272
f 1260/1260 1261/1261 1274/1274
f 1260/1260 1274/1274 1273/1273
f 1261/1261 1262/1262 1275/1275
f 1261/1261 1275/1275 1274/1274
f 1262/1262 1263/1263 1276/1276
f 1262/1262 1276/1276 1275/1275
f 1263/1263 1264/1264 1277/1277
f 1263/1263 1277/1277 1276/1276
f 1264/1264 1265/1265 1278/1278
f 1264/1264 1278/1278 1277/1277
f 1266/1266 1267/1267 1280/1280
f 1266/1266 1280/1280 1279/1279
f 1267/1267 1268/1268 1281/1281
f 1267/1267 1281/1281 1280/1280
f 1268/1268 1269/1269 1282/1282
f 1268/1268 1282/1282 1281/1281
f 1269/1269 1270/1270 1283/1283
f 1269/1269 1283/1283 1282/1282
f 1270/1270 1271/1271 1284/1284
f 1270/1270 1284/1284 1283/1283
f 1271/1271 1272/1272 1285/1285
f 1271/1271 1285/1285 1284/1284
f 1272/1272 1273/1273 1286/1286
f 1272/1272 1286/1286 1285/1285
f 1273/1273 1274/1274 1287/1287
f 1273/1273 1287/1287 1286/1286
f 1274/1274 1275/1275 1288/1288
f 1274/1274 1288/1288 1287/1287
f 1275/1275 1276/1276 1289/1289
f 1275/1275 1289/1289 1288/1288
f 1276/1276 1277/1277 1290/1290
f 1276/1276 1290/1290 1289/1289
f 1277/1277 1278/1278 1291/1291
f 1277/1277 1291/1291 1290/1290
f 1292/1292 1317/1317 1318/1318
f 1292/1292 1318/1318 1293/1293
f 1293/1293 1318/1318 1319/1319
f 1293/1293 1319/1319 1294/1294
f 1294/1294 1319/1319 1320/1320
f 1294/1294 1320/1320 1295/1295
f 1295/1295 1320/1320 1321/1321
f 1295/1295 1321/1321 1296/1296
f 1296/1296 1321/1321 1322/1322
f 1296/1296 1322/1322 1297/1297
f 1297/1297 1322/1322 1323/1323
f 1297/1297 1323/1323 1298/1298
f 1298/1298 1323/1323 1324/1324
f 1298/1298 1324/1324 1299/1299
f 1299/1299 1324/1324 1325/1325
f 1299/1299 1325/1325 1300/1300
f 1300/1300 1325/1325 1326/1326
f 1300/1300 1326/1326 1301/1301
f 1301/1301 1326/1326 1327/1327
f 1301/1301 1327/1327 1302/1302
f 1302/1302 1327/1327 1328/1328
f 1302/1302 1328/1328 1303/1303
f 1303/1303 1328/1328 1329/1329
f 1303/1303 1329/1329 1304/1304
f 1304/1304 1329/1329 1330/1330
f 1304/1304 1330/1330 1305/1305
f 1305/1305 1330/1330 1331/1331
f 1305/1305 1331/1331 1306/1306
f 1306/1306 1331/1331 1332/1332
f 1306/1306 1332/1332 1307/1307
f 1307/1307 1332/1332 1333/1333
f 1307/1307 1333/1333 1308/1308
f 1308/1308 1333/1333 1334/1334
f 1308/1308 1334/1334 1309/1309
f 1309/1309 1334/1334 1335/1335
f 1309/1309 1335/1335 1310/1310
f 1310/1310 1335/1335 1336/1336
f 1310/1310 1336/1336 1311/1311
f 1311/1311 1336/1336 1337/1337
f 1311/1311 1337/1337 1312/1312
f 1312/1312 1337/1337 1338/1338
f 1312/1312 1338/1338 1313/1313
f 1313/1313 1338/1338 1339/1339
f 1313/1313 1339/1339 1314/1314
f 1314/1314 1339/1339 1340/1340
f 1314/1314 1340/1340 1315/1315
f 1315/1315 1340/1340 1341/1341
f 1315/1315 1341/1341 1316/1316
f 1317/1317 1342/1342 1343/1343
f 1317/1317 1343/1343 1318/1318
f 1318/1318 1343/1343 1344/1344
f 1318/1318 1344/1344 1319/1319
f 1319/1319 1344/1344 1345/1345
f 1319/1319 1345/1345 1320/1320
f 1320/1320 1345/1345 1346/1346
f 1320/1320 1346/1346 1321/1321
f 1321/1321 1346/1346 1347/1347
f 1321/1321 1347/1347 1322/1322
f 1322/1322 1347/1347 1348/1348
f 1322/1322 1348/1348 1323/1323
f 1323/1323 1348/1348 1349/1349
f 1323/1323 1349/1349 1324/1324
f 1324/1324 1349/1349 1350/1350
f 1324/1324 1350/1350 1325/1325
f 1325/1325 1350/1350 1351/1351
f 1325/1325 1351/1351 1326/1326
f 1326/1326 1351/1351 1352/1352
f 1326/1326 1352/1352 1327/1327
f 1327/1327 1352/1352 1353/1353
f 1327/1327 1353/1353 1328/1328
f 1328/1328 1353/1353 1354/1354
f 1328/1328 1354/1354 1329/1329
f 1329/1329 1354/1354 1355/1355
f 1329/1329 1355/1355 1330/1330
f 1330/1330 1355/1355 1356/1356
f 1330/1330 1356/1356 1331/1331
f 1331/1331 1356/1356 1357/1357
f 1331/1331 1357/1357 1332/1332
f 1332/1332 1357/1357 1358/1358
f 1332/1332 1358/1358 1333/1333
f 1333/1333 1358/1358 1359/1359
f 1333/1333 1359/1359 1334/1334
f 1334/1334 1359/1359 1360/1360
f 1334/1334 1360/1360 1335/1335
f 1335/1335 1360/1360 1361/1361
f 1335/1335 1361/1361 1336/1336
f 1336/1336 1361/1361 1362/1362
f 1336/1336 1362/1362 1337/1337
f 1337/1337 1362/1362 1363/1363
f 1337/1337 1363/1363 1338/1338
f 1338/1338 1363/1363 1364/1364
f 1338/1338 1364/1364 1339/1339
f 1339/1339 1364/1364 1365/1365
f 1339/1339 1365/1365 1340/1340
f 1340/1340 1365/1365 1366/1366
f 1340/1340 1366/1366 1341/1341
